Timestamp,County,Code,REP,DEM,IND,NPA,DEM New,REP New,IND New,NPA New,OTHER New,Total New
2026-08-03 09:01:54,Brevard,BRE,23.0,,,,,,,,,
2026-08-03 09:01:54,Charlotte,CHA,68.0,54.0,5.0,22.0,,,,,,
2026-08-03 09:01:54,Hillsborough,HIL,,2.0,,,,,,,,
2026-08-03 09:01:54,Lee,LEE,26.0,15.0,1.0,8.0,,,,,,
2026-08-03 09:01:54,Monroe,MON,1.0,5.0,,,,,,,,
2026-08-03 09:01:54,Pasco,PAS,1.0,,,,,,,,,
2026-08-03 09:01:54,Sumter,SUM,,1.0,,,,,,,,
2026-08-03 09:10:36,Alachua,ALA,,,,,3.0,0.0,0.0,0.0,0.0,3.0
2026-08-03 09:10:36,Bay,BAY,,,,,2.0,6.0,0.0,1.0,0.0,9.0
2026-08-03 09:10:36,Charlotte,CHA,,,,,63.0,79.0,1.0,22.0,1.0,166.0
2026-08-03 09:10:36,Franklin,FRA,,,,,1.0,0.0,0.0,0.0,0.0,1.0
2026-08-03 09:10:36,Miami-Dade,DAD,,,,,1.0,0.0,0.0,0.0,0.0,1.0
2026-08-03 09:10:36,Monroe,MON,,,,,0.0,1.0,0.0,0.0,0.0,1.0
2026-08-03 10:19:48,Bay,BAY,,,,,17.0,35.0,0.0,7.0,0.0,59.0
2026-08-03 10:19:48,Brevard,BRE,,,,,4.0,0.0,0.0,2.0,0.0,6.0
2026-08-03 10:19:48,Calhoun,CAL,,,,,7.0,8.0,0.0,1.0,0.0,16.0
2026-08-03 10:19:48,Charlotte,CHA,,,,,60.0,83.0,4.0,36.0,2.0,185.0
2026-08-03 10:19:48,Collier,CLL,,,,,1.0,4.0,1.0,0.0,0.0,6.0
2026-08-03 10:19:48,Duval,DUV,,,,,1.0,1.0,0.0,0.0,0.0,2.0
2026-08-03 10:19:48,Escambia,ESC,,,,,14.0,14.0,1.0,0.0,0.0,29.0
2026-08-03 10:19:48,Flagler,FLA,,,,,-1.0,0.0,0.0,0.0,0.0,-1.0
2026-08-03 10:19:48,Gilchrist,GIL,,,,,3.0,19.0,0.0,1.0,0.0,23.0
2026-08-03 10:19:48,Hamilton,HAM,,,,,9.0,20.0,0.0,0.0,0.0,29.0
2026-08-03 10:19:48,Hendry,HEN,,,,,4.0,6.0,0.0,1.0,0.0,11.0
2026-08-03 10:19:48,Hillsborough,HIL,,,,,0.0,2.0,0.0,0.0,0.0,2.0
2026-08-03 10:19:48,Holmes,HOL,,,,,0.0,1.0,0.0,0.0,0.0,1.0
2026-08-03 10:19:48,Lee,LEE,,,,,262.0,429.0,19.0,119.0,3.0,832.0
2026-08-03 10:19:48,Leon,LEO,,,,,7.0,0.0,0.0,2.0,0.0,9.0
2026-08-03 10:19:48,Madison,MAD,,,,,1.0,0.0,0.0,0.0,0.0,1.0
2026-08-03 10:19:48,Manatee,MAN,,,,,1.0,0.0,0.0,0.0,0.0,1.0
2026-08-03 10:19:48,Miami-Dade,DAD,,,,,9.0,5.0,0.0,0.0,0.0,14.0
2026-08-03 10:19:48,Monroe,MON,,,,,2.0,0.0,0.0,0.0,0.0,2.0
2026-08-03 10:19:48,Okaloosa,OKA,,,,,7.0,7.0,0.0,1.0,0.0,15.0
2026-08-03 10:19:48,Pinellas,PIN,,,,,0.0,0.0,0.0,2.0,0.0,2.0
2026-08-03 10:19:48,Sarasota,SAR,,,,,0.0,1.0,0.0,0.0,0.0,1.0
2026-08-03 10:19:48,Seminole,SEM,,,,,1.0,1.0,0.0,0.0,0.0,2.0
2026-08-03 10:19:48,Sumter,SUM,,,,,60.0,116.0,5.0,16.0,2.0,199.0
2026-08-03 14:10:16,Alachua,ALA,,,,,4.0,0.0,0.0,1.0,0.0,5.0
2026-08-03 14:10:16,Bay,BAY,,,,,0.0,0.0,0.0,1.0,0.0,1.0
2026-08-03 14:10:16,Bradford,BRA,,,,,7.0,21.0,0.0,0.0,0.0,28.0
2026-08-03 14:10:16,Brevard,BRE,,,,,1545.0,1686.0,65.0,534.0,9.0,3839.0
2026-08-03 14:10:16,Charlotte,CHA,,,,,1.0,4.0,0.0,0.0,0.0,5.0
2026-08-03 14:10:16,Citrus,CIT,,,,,232.0,391.0,8.0,102.0,5.0,738.0
2026-08-03 14:10:16,Clay,CLA,,,,,190.0,252.0,5.0,68.0,3.0,518.0
2026-08-03 14:10:16,Collier,CLL,,,,,464.0,957.0,20.0,151.0,0.0,1592.0
2026-08-03 14:10:16,Duval,DUV,,,,,-3633.0,-1275.0,-92.0,-919.0,-23.0,-5942.0
2026-08-03 14:10:16,Escambia,ESC,,,,,94.0,96.0,1.0,18.0,2.0,211.0
2026-08-03 14:10:16,Flagler,FLA,,,,,146.0,189.0,5.0,40.0,1.0,381.0
2026-08-03 14:10:16,Franklin,FRA,,,,,6.0,6.0,4.0,3.0,0.0,19.0
2026-08-03 14:10:16,Gadsden,GAD,,,,,47.0,9.0,0.0,2.0,0.0,58.0
2026-08-03 14:10:16,Gilchrist,GIL,,,,,3.0,0.0,0.0,0.0,0.0,3.0
2026-08-03 14:10:16,Hamilton,HAM,,,,,2.0,3.0,0.0,1.0,0.0,6.0
2026-08-03 14:10:16,Hendry,HEN,,,,,10.0,15.0,0.0,2.0,0.0,27.0
2026-08-03 14:10:16,Hernando,HER,,,,,252.0,235.0,8.0,87.0,1.0,583.0
2026-08-03 14:10:16,Highlands,HIG,,,,,82.0,97.0,4.0,26.0,0.0,209.0
2026-08-03 14:10:16,Hillsborough,HIL,,,,,2386.0,1811.0,61.0,827.0,15.0,5100.0
2026-08-03 14:10:16,Holmes,HOL,,,,,9.0,11.0,0.0,0.0,0.0,20.0
2026-08-03 14:10:16,Indian River,IND,,,,,215.0,331.0,17.0,64.0,0.0,627.0
2026-08-03 14:10:16,Lafayette,LAF,,,,,0.0,4.0,0.0,0.0,0.0,4.0
2026-08-03 14:10:16,Lake,LAK,,,,,43.0,38.0,4.0,13.0,0.0,98.0
2026-08-03 14:10:16,Lee,LEE,,,,,619.0,1018.0,34.0,259.0,2.0,1932.0
2026-08-03 14:10:16,Leon,LEO,,,,,432.0,149.0,4.0,81.0,0.0,666.0
2026-08-03 14:10:16,Liberty,LIB,,,,,2.0,0.0,0.0,1.0,0.0,3.0
2026-08-03 14:10:16,Madison,MAD,,,,,12.0,13.0,0.0,0.0,0.0,25.0
2026-08-03 14:10:16,Manatee,MAN,,,,,66.0,136.0,0.0,1.0,0.0,203.0
2026-08-03 14:10:16,Marion,MRN,,,,,570.0,632.0,21.0,141.0,5.0,1369.0
2026-08-03 14:10:16,Martin,MRT,,,,,92.0,101.0,3.0,25.0,0.0,221.0
2026-08-03 14:10:16,Miami-Dade,DAD,,,,,2001.0,1240.0,41.0,763.0,5.0,4050.0
2026-08-03 14:10:16,Monroe,MON,,,,,139.0,151.0,5.0,54.0,2.0,351.0
2026-08-03 14:10:16,Nassau,NAS,,,,,108.0,128.0,9.0,28.0,1.0,274.0
2026-08-03 14:10:16,Okaloosa,OKA,,,,,32.0,60.0,1.0,17.0,0.0,110.0
2026-08-03 14:10:16,Orange,ORA,,,,,1210.0,851.0,55.0,443.0,4.0,2563.0
2026-08-03 14:10:16,Osceola,OSC,,,,,621.0,443.0,19.0,263.0,8.0,1354.0
2026-08-03 14:10:16,Palm Beach,PAL,,,,,1919.0,1062.0,50.0,392.0,2.0,3425.0
2026-08-03 14:10:16,Pasco,PAS,,,,,616.0,493.0,22.0,178.0,2.0,1311.0
2026-08-03 14:10:16,Pinellas,PIN,,,,,2804.0,2665.0,102.0,1087.0,19.0,6677.0
2026-08-03 14:10:16,Polk,POL,,,,,436.0,12.0,0.0,3.0,0.0,451.0
2026-08-03 14:10:16,Santa Rosa,SAN,,,,,17.0,15.0,0.0,7.0,0.0,39.0
2026-08-03 14:10:16,Sarasota,SAR,,,,,808.0,669.0,24.0,241.0,2.0,1744.0
2026-08-03 14:10:16,Seminole,SEM,,,,,3.0,2.0,0.0,0.0,0.0,5.0
2026-08-03 14:10:16,St. Johns,STJ,,,,,316.0,266.0,6.0,51.0,1.0,640.0
2026-08-03 14:10:16,St. Lucie,STL,,,,,243.0,225.0,13.0,85.0,0.0,566.0
2026-08-03 14:10:16,Sumter,SUM,,,,,461.0,690.0,18.0,141.0,5.0,1315.0
2026-08-03 14:10:16,Suwannee,SUW,,,,,29.0,69.0,0.0,3.0,0.0,101.0
2026-08-03 14:10:16,Taylor,TAY,,,,,2.0,3.0,0.0,0.0,0.0,5.0
2026-08-03 14:10:16,Union,UNI,,,,,1.0,2.0,0.0,0.0,0.0,3.0
2026-08-03 14:10:16,Volusia,VOL,,,,,557.0,622.0,38.0,216.0,2.0,1435.0
2026-08-03 14:10:16,Wakulla,WAK,,,,,12.0,47.0,0.0,0.0,0.0,59.0
2026-08-03 14:10:16,Walton,WAL,,,,,0.0,2.0,0.0,0.0,0.0,2.0
2026-08-03 14:30:51,Alachua,ALA,,,,,5.0,0.0,0.0,1.0,0.0,6.0
2026-08-03 14:30:51,Bay,BAY,,,,,0.0,2.0,0.0,1.0,0.0,3.0
2026-08-03 14:30:51,Bradford,BRA,,,,,7.0,21.0,0.0,0.0,0.0,28.0
2026-08-03 14:30:51,Brevard,BRE,,,,,1547.0,1686.0,65.0,535.0,9.0,3842.0
2026-08-03 14:30:51,Charlotte,CHA,,,,,1.0,4.0,0.0,0.0,0.0,5.0
2026-08-03 14:30:51,Citrus,CIT,,,,,232.0,393.0,8.0,102.0,5.0,740.0
2026-08-03 14:30:51,Clay,CLA,,,,,190.0,252.0,5.0,68.0,3.0,518.0
2026-08-03 14:30:51,Collier,CLL,,,,,465.0,963.0,20.0,151.0,0.0,1599.0
2026-08-03 14:30:51,Columbia,CLM,,,,,6.0,9.0,0.0,2.0,0.0,17.0
2026-08-03 14:30:51,Duval,DUV,,,,,-3633.0,-1275.0,-92.0,-919.0,-23.0,-5942.0
2026-08-03 14:30:51,Escambia,ESC,,,,,94.0,96.0,1.0,18.0,2.0,211.0
2026-08-03 14:30:51,Flagler,FLA,,,,,155.0,198.0,5.0,44.0,1.0,403.0
2026-08-03 14:30:51,Franklin,FRA,,,,,6.0,6.0,4.0,3.0,0.0,19.0
2026-08-03 14:30:51,Gadsden,GAD,,,,,47.0,9.0,0.0,2.0,0.0,58.0
2026-08-03 14:30:51,Gilchrist,GIL,,,,,3.0,2.0,0.0,0.0,0.0,5.0
2026-08-03 14:30:51,Hamilton,HAM,,,,,3.0,3.0,0.0,1.0,0.0,7.0
2026-08-03 14:30:51,Hendry,HEN,,,,,10.0,15.0,0.0,2.0,0.0,27.0
2026-08-03 14:30:51,Hernando,HER,,,,,252.0,235.0,8.0,87.0,1.0,583.0
2026-08-03 14:30:51,Highlands,HIG,,,,,82.0,97.0,4.0,26.0,0.0,209.0
2026-08-03 14:30:51,Hillsborough,HIL,,,,,2411.0,1832.0,61.0,834.0,15.0,5153.0
2026-08-03 14:30:51,Holmes,HOL,,,,,9.0,11.0,0.0,0.0,0.0,20.0
2026-08-03 14:30:51,Indian River,IND,,,,,215.0,331.0,17.0,64.0,0.0,627.0
2026-08-03 14:30:51,Lafayette,LAF,,,,,0.0,4.0,0.0,0.0,0.0,4.0
2026-08-03 14:30:51,Lake,LAK,,,,,43.0,38.0,4.0,13.0,0.0,98.0
2026-08-03 14:30:51,Lee,LEE,,,,,619.0,1018.0,34.0,259.0,2.0,1932.0
2026-08-03 14:30:51,Leon,LEO,,,,,432.0,149.0,4.0,81.0,0.0,666.0
2026-08-03 14:30:51,Liberty,LIB,,,,,2.0,1.0,0.0,1.0,0.0,4.0
2026-08-03 14:30:51,Madison,MAD,,,,,12.0,13.0,0.0,0.0,0.0,25.0
2026-08-03 14:30:51,Manatee,MAN,,,,,110.0,204.0,0.0,5.0,0.0,319.0
2026-08-03 14:30:51,Marion,MRN,,,,,577.0,638.0,21.0,141.0,5.0,1382.0
2026-08-03 14:30:51,Martin,MRT,,,,,125.0,138.0,4.0,33.0,0.0,300.0
2026-08-03 14:30:51,Miami-Dade,DAD,,,,,2007.0,1241.0,41.0,767.0,5.0,4061.0
2026-08-03 14:30:51,Monroe,MON,,,,,139.0,151.0,5.0,54.0,2.0,351.0
2026-08-03 14:30:51,Nassau,NAS,,,,,109.0,128.0,9.0,28.0,1.0,275.0
2026-08-03 14:30:51,Okaloosa,OKA,,,,,32.0,60.0,1.0,17.0,0.0,110.0
2026-08-03 14:30:51,Orange,ORA,,,,,1402.0,928.0,61.0,502.0,4.0,2897.0
2026-08-03 14:30:51,Osceola,OSC,,,,,711.0,504.0,23.0,288.0,8.0,1534.0
2026-08-03 14:30:51,Palm Beach,PAL,,,,,1969.0,1089.0,53.0,401.0,2.0,3514.0
2026-08-03 14:30:51,Pasco,PAS,,,,,624.0,502.0,23.0,183.0,2.0,1334.0
2026-08-03 14:30:51,Pinellas,PIN,,,,,2804.0,2667.0,102.0,1087.0,19.0,6679.0
2026-08-03 14:30:51,Polk,POL,,,,,533.0,12.0,2.0,35.0,1.0,583.0
2026-08-03 14:30:51,Santa Rosa,SAN,,,,,33.0,49.0,1.0,9.0,0.0,92.0
2026-08-03 14:30:51,Sarasota,SAR,,,,,951.0,820.0,26.0,277.0,2.0,2076.0
2026-08-03 14:30:51,Seminole,SEM,,,,,3.0,116.0,0.0,0.0,0.0,119.0
2026-08-03 14:30:51,St. Johns,STJ,,,,,328.0,273.0,6.0,51.0,1.0,659.0
2026-08-03 14:30:51,St. Lucie,STL,,,,,243.0,225.0,13.0,85.0,0.0,566.0
2026-08-03 14:30:51,Sumter,SUM,,,,,461.0,691.0,18.0,141.0,5.0,1316.0
2026-08-03 14:30:51,Suwannee,SUW,,,,,29.0,69.0,0.0,3.0,0.0,101.0
2026-08-03 14:30:51,Taylor,TAY,,,,,2.0,3.0,0.0,0.0,0.0,5.0
2026-08-03 14:30:51,Union,UNI,,,,,1.0,2.0,0.0,0.0,0.0,3.0
2026-08-03 14:30:51,Volusia,VOL,,,,,557.0,622.0,38.0,216.0,2.0,1435.0
2026-08-03 14:30:51,Wakulla,WAK,,,,,12.0,47.0,0.0,0.0,0.0,59.0
2026-08-03 14:30:51,Walton,WAL,,,,,0.0,2.0,0.0,0.0,0.0,2.0
2026-08-03 15:31:05,Alachua,ALA,,,,,1.0,0.0,0.0,0.0,0.0,1.0
2026-08-03 15:31:05,Bay,BAY,,,,,0.0,2.0,0.0,1.0,0.0,3.0
2026-08-03 15:31:05,Brevard,BRE,,,,,4.0,0.0,0.0,2.0,0.0,6.0
2026-08-03 15:31:05,Citrus,CIT,,,,,18.0,30.0,0.0,7.0,0.0,55.0
2026-08-03 15:31:05,Collier,CLL,,,,,1.0,8.0,0.0,0.0,0.0,9.0
2026-08-03 15:31:05,Columbia,CLM,,,,,44.0,94.0,0.0,13.0,1.0,152.0
2026-08-03 15:31:05,Duval,DUV,,,,,3662.0,1287.0,92.0,927.0,23.0,5991.0
2026-08-03 15:31:05,Flagler,FLA,,,,,167.0,141.0,2.0,56.0,2.0,368.0
2026-08-03 15:31:05,Franklin,FRA,,,,,0.0,2.0,0.0,0.0,0.0,2.0
2026-08-03 15:31:05,Gadsden,GAD,,,,,14.0,8.0,0.0,1.0,0.0,23.0
2026-08-03 15:31:05,Gilchrist,GIL,,,,,1.0,4.0,0.0,0.0,0.0,5.0
2026-08-03 15:31:05,Hamilton,HAM,,,,,1.0,0.0,0.0,0.0,0.0,1.0
2026-08-03 15:31:05,Hillsborough,HIL,,,,,62.0,42.0,1.0,14.0,1.0,120.0
2026-08-03 15:31:05,Indian River,IND,,,,,6.0,0.0,0.0,0.0,0.0,6.0
2026-08-03 15:31:05,Lafayette,LAF,,,,,0.0,10.0,0.0,1.0,0.0,11.0
2026-08-03 15:31:05,Lake,LAK,,,,,83.0,92.0,3.0,18.0,1.0,197.0
2026-08-03 15:31:05,Lee,LEE,,,,,1.0,5.0,0.0,-1.0,0.0,5.0
2026-08-03 15:31:05,Leon,LEO,,,,,2.0,0.0,0.0,0.0,0.0,2.0
2026-08-03 15:31:05,Levy,LEV,,,,,24.0,44.0,1.0,4.0,0.0,73.0
2026-08-03 15:31:05,Liberty,LIB,,,,,0.0,1.0,0.0,0.0,0.0,1.0
2026-08-03 15:31:05,Madison,MAD,,,,,2.0,1.0,0.0,0.0,0.0,3.0
2026-08-03 15:31:05,Manatee,MAN,,,,,169.0,194.0,3.0,18.0,0.0,384.0
2026-08-03 15:31:05,Marion,MRN,,,,,9.0,8.0,0.0,1.0,0.0,18.0
2026-08-03 15:31:05,Martin,MRT,,,,,100.0,88.0,4.0,21.0,0.0,213.0
2026-08-03 15:31:05,Miami-Dade,DAD,,,,,16.0,6.0,0.0,9.0,0.0,31.0
2026-08-03 15:31:05,Monroe,MON,,,,,0.0,0.0,0.0,2.0,0.0,2.0
2026-08-03 15:31:05,Nassau,NAS,,,,,1.0,0.0,0.0,0.0,0.0,1.0
2026-08-03 15:31:05,Orange,ORA,,,,,192.0,77.0,6.0,59.0,0.0,334.0
2026-08-03 15:31:05,Osceola,OSC,,,,,91.0,64.0,4.0,26.0,0.0,185.0
2026-08-03 15:31:05,Palm Beach,PAL,,,,,59.0,28.0,3.0,9.0,0.0,99.0
2026-08-03 15:31:05,Pasco,PAS,,,,,12.0,14.0,2.0,7.0,0.0,35.0
2026-08-03 15:31:05,Pinellas,PIN,,,,,37.0,27.0,3.0,15.0,1.0,83.0
2026-08-03 15:31:05,Polk,POL,,,,,97.0,343.0,12.0,127.0,3.0,582.0
2026-08-03 15:31:05,Putnam,PUT,,,,,37.0,42.0,0.0,7.0,0.0,86.0
2026-08-03 15:31:05,Santa Rosa,SAN,,,,,41.0,80.0,1.0,6.0,0.0,128.0
2026-08-03 15:31:05,Sarasota,SAR,,,,,462.0,443.0,11.0,120.0,1.0,1037.0
2026-08-03 15:31:05,Seminole,SEM,,,,,190.0,282.0,3.0,30.0,0.0,505.0
2026-08-03 15:31:05,St. Johns,STJ,,,,,36.0,38.0,3.0,5.0,0.0,82.0
2026-08-03 15:31:05,St. Lucie,STL,,,,,52.0,34.0,3.0,15.0,0.0,104.0
2026-08-03 15:31:05,Sumter,SUM,,,,,23.0,46.0,0.0,14.0,0.0,83.0
2026-08-03 15:31:05,Union,UNI,,,,,0.0,2.0,0.0,0.0,0.0,2.0
2026-08-03 15:31:05,Walton,WAL,,,,,0.0,1.0,0.0,0.0,0.0,1.0
2026-08-03 16:30:10,Bay,BAY,,,,,0.0,1.0,0.0,0.0,0.0,1.0
2026-08-03 16:30:10,Brevard,BRE,,,,,1.0,1.0,0.0,0.0,0.0,2.0
2026-08-03 16:30:10,Charlotte,CHA,,,,,22.0,19.0,2.0,7.0,0.0,50.0
2026-08-03 16:30:10,Clay,CLA,,,,,0.0,1.0,0.0,0.0,0.0,1.0
2026-08-03 16:30:10,DeSoto,DES,,,,,6.0,8.0,0.0,0.0,0.0,14.0
2026-08-03 16:30:10,Dixie,DIX,,,,,3.0,11.0,0.0,0.0,0.0,14.0
2026-08-03 16:30:10,Duval,DUV,,,,,88.0,53.0,3.0,11.0,1.0,156.0
2026-08-03 16:30:10,Flagler,FLA,,,,,58.0,56.0,3.0,23.0,1.0,141.0
2026-08-03 16:30:10,Gadsden,GAD,,,,,6.0,5.0,0.0,0.0,0.0,11.0
2026-08-03 16:30:10,Glades,GLA,,,,,5.0,13.0,0.0,1.0,0.0,19.0
2026-08-03 16:30:10,Highlands,HIG,,,,,22.0,30.0,1.0,4.0,2.0,59.0
2026-08-03 16:30:10,Hillsborough,HIL,,,,,7.0,6.0,0.0,6.0,0.0,19.0
2026-08-03 16:30:10,Indian River,IND,,,,,46.0,50.0,0.0,6.0,0.0,102.0
2026-08-03 16:30:10,Jefferson,JEF,,,,,25.0,4.0,2.0,2.0,0.0,33.0
2026-08-03 16:30:10,Lake,LAK,,,,,77.0,86.0,3.0,30.0,0.0,196.0
2026-08-03 16:30:10,Lee,LEE,,,,,0.0,1.0,0.0,0.0,0.0,1.0
2026-08-03 16:30:10,Leon,LEO,,,,,3.0,4.0,0.0,0.0,0.0,7.0
2026-08-03 16:30:10,Levy,LEV,,,,,25.0,49.0,1.0,7.0,2.0,84.0
2026-08-03 16:30:10,Manatee,MAN,,,,,106.0,78.0,3.0,15.0,0.0,202.0
2026-08-03 16:30:10,Monroe,MON,,,,,11.0,20.0,0.0,2.0,0.0,33.0
2026-08-03 16:30:10,Nassau,NAS,,,,,1.0,0.0,0.0,0.0,0.0,1.0
2026-08-03 16:30:10,Okeechobee,OKE,,,,,12.0,26.0,0.0,0.0,0.0,38.0
2026-08-03 16:30:10,Palm Beach,PAL,,,,,33.0,28.0,1.0,13.0,0.0,75.0
2026-08-03 16:30:10,Pasco,PAS,,,,,3.0,0.0,0.0,2.0,0.0,5.0
2026-08-03 16:30:10,Pinellas,PIN,,,,,4.0,1.0,0.0,0.0,0.0,5.0
2026-08-03 16:30:10,Polk,POL,,,,,0.0,119.0,0.0,0.0,0.0,119.0
2026-08-03 16:30:10,Putnam,PUT,,,,,15.0,23.0,0.0,6.0,0.0,44.0
2026-08-03 16:30:10,Santa Rosa,SAN,,,,,2.0,3.0,0.0,0.0,0.0,5.0
2026-08-03 16:30:10,Seminole,SEM,,,,,117.0,0.0,5.0,38.0,1.0,161.0
2026-08-03 16:30:10,St. Lucie,STL,,,,,103.0,56.0,1.0,24.0,1.0,185.0
2026-08-03 16:30:10,Sumter,SUM,,,,,52.0,39.0,0.0,6.0,0.0,97.0
2026-08-03 16:30:10,Volusia,VOL,,,,,-1.0,0.0,0.0,0.0,0.0,-1.0
2026-08-03 16:30:10,Walton,WAL,,,,,1.0,0.0,0.0,0.0,0.0,1.0
2026-08-03 17:31:07,Baker,BAK,,,,,7.0,26.0,0.0,3.0,0.0,36.0
2026-08-03 17:31:07,Bay,BAY,,,,,67.0,148.0,4.0,24.0,0.0,243.0
2026-08-03 17:31:07,Bradford,BRA,,,,,1.0,0.0,0.0,0.0,0.0,1.0
2026-08-03 17:31:07,Calhoun,CAL,,,,,1.0,9.0,0.0,1.0,0.0,11.0
2026-08-03 17:31:07,Charlotte,CHA,,,,,18.0,22.0,0.0,5.0,0.0,45.0
2026-08-03 17:31:07,DeSoto,DES,,,,,8.0,24.0,0.0,0.0,0.0,32.0
2026-08-03 17:31:07,Dixie,DIX,,,,,16.0,26.0,1.0,2.0,0.0,45.0
2026-08-03 17:31:07,Duval,DUV,,,,,1.0,0.0,0.0,14.0,0.0,15.0
2026-08-03 17:31:07,Hillsborough,HIL,,,,,1.0,0.0,0.0,1.0,0.0,2.0
2026-08-03 17:31:07,Indian River,IND,,,,,3.0,11.0,0.0,1.0,0.0,15.0
2026-08-03 17:31:07,Jackson,JAC,,,,,40.0,47.0,0.0,2.0,0.0,89.0
2026-08-03 17:31:07,Jefferson,JEF,,,,,13.0,1.0,0.0,0.0,0.0,14.0
2026-08-03 17:31:07,Lafayette,LAF,,,,,0.0,4.0,0.0,0.0,0.0,4.0
2026-08-03 17:31:07,Lee,LEE,,,,,10.0,6.0,0.0,0.0,0.0,16.0
2026-08-03 17:31:07,Leon,LEO,,,,,59.0,11.0,2.0,5.0,0.0,77.0
2026-08-03 17:31:07,Manatee,MAN,,,,,3.0,3.0,0.0,1.0,0.0,7.0
2026-08-03 17:31:07,Monroe,MON,,,,,31.0,21.0,0.0,7.0,0.0,59.0
2026-08-03 17:31:07,Orange,ORA,,,,,1.0,0.0,0.0,0.0,0.0,1.0
2026-08-03 17:31:07,Palm Beach,PAL,,,,,70.0,35.0,0.0,13.0,1.0,119.0
2026-08-03 17:31:07,Pasco,PAS,,,,,27.0,36.0,0.0,10.0,0.0,73.0
2026-08-03 17:31:07,Pinellas,PIN,,,,,1.0,0.0,0.0,0.0,0.0,1.0
2026-08-03 17:31:07,Polk,POL,,,,,68.0,66.0,1.0,10.0,0.0,145.0
2026-08-03 17:31:07,Sarasota,SAR,,,,,52.0,51.0,1.0,10.0,1.0,115.0
2026-08-03 17:31:07,Seminole,SEM,,,,,23.0,2.0,2.0,32.0,0.0,59.0
2026-08-03 17:31:07,Sumter,SUM,,,,,5.0,0.0,0.0,0.0,0.0,5.0
2026-08-03 17:31:07,Wakulla,WAK,,,,,2.0,2.0,0.0,0.0,0.0,4.0
2026-08-03 17:31:07,Walton,WAL,,,,,24.0,65.0,2.0,8.0,0.0,99.0
2026-08-03 18:30:15,Bay,BAY,,,,,3.0,6.0,0.0,0.0,0.0,9.0
2026-08-03 18:30:15,Bradford,BRA,,,,,2.0,4.0,0.0,0.0,0.0,6.0
2026-08-03 18:30:15,Duval,DUV,,,,,-3862.0,-2542.0,-96.0,-964.0,-24.0,-7488.0
2026-08-03 18:30:15,Hendry,HEN,,,,,1.0,0.0,0.0,0.0,0.0,1.0
2026-08-03 18:30:15,Monroe,MON,,,,,11.0,19.0,0.0,6.0,0.0,36.0
2026-08-03 18:30:15,Orange,ORA,,,,,11.0,0.0,0.0,2.0,0.0,13.0
2026-08-03 18:30:15,Palm Beach,PAL,,,,,253.0,43.0,4.0,18.0,0.0,318.0
2026-08-03 18:30:15,Polk,POL,,,,,8.0,11.0,0.0,5.0,0.0,24.0
2026-08-03 18:30:15,Santa Rosa,SAN,,,,,4.0,2.0,0.0,0.0,0.0,6.0
2026-08-03 18:30:15,Sarasota,SAR,,,,,14.0,14.0,4.0,7.0,0.0,39.0
2026-08-03 18:30:15,Seminole,SEM,,,,,20.0,16.0,0.0,4.0,0.0,40.0
2026-08-03 18:30:15,Washington,WAS,,,,,13.0,35.0,1.0,1.0,0.0,50.0
2026-08-03 19:00:17,Escambia,ESC,,,,,4.0,2.0,0.0,1.0,0.0,7.0
2026-08-03 19:00:17,Palm Beach,PAL,,,,,61.0,5.0,0.0,1.0,0.0,67.0
2026-08-03 20:21:15,Escambia,ESC,,,,,7.0,6.0,1.0,8.0,0.0,22.0
2026-08-03 20:21:15,Orange,ORA,,,,,3.0,4.0,0.0,1.0,0.0,8.0
2026-08-03 20:21:15,Palm Beach,PAL,,,,,22.0,6.0,1.0,7.0,0.0,36.0
2026-08-04 11:02:14,Alachua,ALA,,,,,3.0,0.0,0.0,0.0,0.0,3.0
2026-08-04 11:02:14,Baker,BAK,,,,,0.0,8.0,0.0,0.0,0.0,8.0
2026-08-04 11:02:14,Bay,BAY,,,,,18.0,31.0,0.0,2.0,0.0,51.0
2026-08-04 11:02:14,Bradford,BRA,,,,,3.0,8.0,0.0,0.0,0.0,11.0
2026-08-04 11:02:14,Brevard,BRE,,,,,293.0,175.0,7.0,52.0,0.0,527.0
2026-08-04 11:02:14,Charlotte,CHA,,,,,167.0,227.0,10.0,41.0,1.0,446.0
2026-08-04 11:02:14,Citrus,CIT,,,,,9.0,12.0,1.0,4.0,0.0,26.0
2026-08-04 11:02:14,Clay,CLA,,,,,0.0,1.0,0.0,1.0,0.0,2.0
2026-08-04 11:02:14,Collier,CLL,,,,,267.0,625.0,8.0,84.0,0.0,984.0
2026-08-04 11:02:14,Duval,DUV,,,,,4419.0,2870.0,108.0,1116.0,26.0,8539.0
2026-08-04 11:02:14,Escambia,ESC,,,,,157.0,165.0,5.0,39.0,2.0,368.0
2026-08-04 11:02:14,Franklin,FRA,,,,,0.0,1.0,0.0,0.0,0.0,1.0
2026-08-04 11:02:14,Gadsden,GAD,,,,,10.0,0.0,0.0,0.0,0.0,10.0
2026-08-04 11:02:14,Gilchrist,GIL,,,,,6.0,9.0,0.0,0.0,0.0,15.0
2026-08-04 11:02:14,Gulf,GUL,,,,,9.0,8.0,0.0,0.0,0.0,17.0
2026-08-04 11:02:14,Hardee,HAR,,,,,2.0,2.0,0.0,0.0,0.0,4.0
2026-08-04 11:02:14,Hendry,HEN,,,,,9.0,8.0,0.0,2.0,0.0,19.0
2026-08-04 11:02:14,Hernando,HER,,,,,66.0,81.0,0.0,12.0,0.0,159.0
2026-08-04 11:02:14,Hillsborough,HIL,,,,,848.0,477.0,26.0,254.0,8.0,1613.0
2026-08-04 11:02:14,Holmes,HOL,,,,,0.0,1.0,0.0,0.0,0.0,1.0
2026-08-04 11:02:14,Lake,LAK,,,,,87.0,127.0,5.0,25.0,0.0,244.0
2026-08-04 11:02:14,Lee,LEE,,,,,348.0,724.0,17.0,214.0,3.0,1306.0
2026-08-04 11:02:14,Leon,LEO,,,,,6.0,1.0,0.0,0.0,0.0,7.0
2026-08-04 11:02:14,Madison,MAD,,,,,1.0,2.0,0.0,0.0,0.0,3.0
2026-08-04 11:02:14,Manatee,MAN,,,,,316.0,323.0,4.0,36.0,0.0,679.0
2026-08-04 11:02:14,Marion,MRN,,,,,4.0,0.0,0.0,0.0,0.0,4.0
2026-08-04 11:02:14,Martin,MRT,,,,,12.0,39.0,2.0,11.0,0.0,64.0
2026-08-04 11:02:14,Miami-Dade,DAD,,,,,1539.0,1076.0,40.0,576.0,6.0,3237.0
2026-08-04 11:02:14,Monroe,MON,,,,,7.0,0.0,1.0,1.0,0.0,9.0
2026-08-04 11:02:14,Okaloosa,OKA,,,,,10.0,15.0,1.0,2.0,0.0,28.0
2026-08-04 11:02:14,Orange,ORA,,,,,439.0,182.0,15.0,100.0,3.0,739.0
2026-08-04 11:02:14,Palm Beach,PAL,,,,,1.0,1.0,0.0,0.0,0.0,2.0
2026-08-04 11:02:14,Pasco,PAS,,,,,12.0,11.0,1.0,4.0,1.0,29.0
2026-08-04 11:02:14,Pinellas,PIN,,,,,4.0,2.0,0.0,5.0,0.0,11.0
2026-08-04 11:02:14,Putnam,PUT,,,,,3.0,5.0,0.0,0.0,0.0,8.0
2026-08-04 11:02:14,Santa Rosa,SAN,,,,,0.0,1.0,0.0,0.0,0.0,1.0
2026-08-04 11:02:14,Sarasota,SAR,,,,,103.0,78.0,0.0,31.0,0.0,212.0
2026-08-04 11:02:14,Seminole,SEM,,,,,5.0,2.0,0.0,2.0,0.0,9.0
2026-08-04 11:02:14,St. Johns,STJ,,,,,1.0,0.0,0.0,0.0,0.0,1.0
2026-08-04 11:02:14,Sumter,SUM,,,,,29.0,62.0,2.0,15.0,0.0,108.0
2026-08-04 11:02:14,Taylor,TAY,,,,,4.0,6.0,0.0,0.0,0.0,10.0
2026-08-04 11:02:14,Volusia,VOL,,,,,186.0,159.0,9.0,64.0,0.0,418.0
2026-08-04 11:02:14,Wakulla,WAK,,,,,5.0,5.0,0.0,0.0,0.0,10.0
2026-08-04 11:02:14,Walton,WAL,,,,,0.0,0.0,0.0,1.0,0.0,1.0
2026-08-04 12:00:33,Alachua,ALA,,,,,3.0,0.0,0.0,0.0,0.0,3.0
2026-08-04 12:00:33,Bay,BAY,,,,,1.0,1.0,1.0,1.0,0.0,4.0
2026-08-04 12:00:33,Bradford,BRA,,,,,2.0,4.0,1.0,0.0,0.0,7.0
2026-08-04 12:00:33,Brevard,BRE,,,,,6.0,55.0,0.0,2.0,0.0,63.0
2026-08-04 12:00:33,Calhoun,CAL,,,,,3.0,2.0,0.0,1.0,0.0,6.0
2026-08-04 12:00:33,Charlotte,CHA,,,,,1.0,0.0,0.0,0.0,0.0,1.0
2026-08-04 12:00:33,Citrus,CIT,,,,,18.0,32.0,1.0,6.0,0.0,57.0
2026-08-04 12:00:33,Clay,CLA,,,,,0.0,2.0,0.0,0.0,0.0,2.0
2026-08-04 12:00:33,Collier,CLL,,,,,3.0,6.0,0.0,2.0,0.0,11.0
2026-08-04 12:00:33,Gadsden,GAD,,,,,2.0,0.0,0.0,0.0,0.0,2.0
2026-08-04 12:00:33,Gilchrist,GIL,,,,,0.0,4.0,0.0,0.0,0.0,4.0
2026-08-04 12:00:33,Hernando,HER,,,,,6.0,3.0,1.0,1.0,0.0,11.0
2026-08-04 12:00:33,Hillsborough,HIL,,,,,1035.0,853.0,34.0,256.0,3.0,2181.0
2026-08-04 12:00:33,Holmes,HOL,,,,,1.0,5.0,0.0,0.0,0.0,6.0
2026-08-04 12:00:33,Indian River,IND,,,,,19.0,30.0,1.0,4.0,0.0,54.0
2026-08-04 12:00:33,Lake,LAK,,,,,47.0,3.0,1.0,13.0,0.0,64.0
2026-08-04 12:00:33,Lee,LEE,,,,,97.0,157.0,0.0,46.0,0.0,300.0
2026-08-04 12:00:33,Madison,MAD,,,,,1.0,2.0,0.0,0.0,0.0,3.0
2026-08-04 12:00:33,Manatee,MAN,,,,,16.0,42.0,0.0,0.0,0.0,58.0
2026-08-04 12:00:33,Marion,MRN,,,,,23.0,48.0,0.0,0.0,0.0,71.0
2026-08-04 12:00:33,Martin,MRT,,,,,50.0,40.0,0.0,10.0,0.0,100.0
2026-08-04 12:00:33,Miami-Dade,DAD,,,,,37.0,20.0,2.0,11.0,0.0,70.0
2026-08-04 12:00:33,Monroe,MON,,,,,3.0,0.0,0.0,0.0,0.0,3.0
2026-08-04 12:00:33,Okaloosa,OKA,,,,,30.0,48.0,1.0,3.0,0.0,82.0
2026-08-04 12:00:33,Osceola,OSC,,,,,139.0,81.0,1.0,40.0,0.0,261.0
2026-08-04 12:00:33,Palm Beach,PAL,,,,,258.0,139.0,10.0,67.0,0.0,474.0
2026-08-04 12:00:33,Pasco,PAS,,,,,15.0,8.0,1.0,1.0,0.0,25.0
2026-08-04 12:00:33,Santa Rosa,SAN,,,,,23.0,49.0,2.0,9.0,1.0,84.0
2026-08-04 12:00:33,Sarasota,SAR,,,,,2.0,2.0,0.0,1.0,0.0,5.0
2026-08-04 12:00:33,St. Johns,STJ,,,,,5.0,5.0,0.0,0.0,0.0,10.0
2026-08-04 12:00:33,St. Lucie,STL,,,,,108.0,99.0,3.0,27.0,1.0,238.0
2026-08-04 12:00:33,Sumter,SUM,,,,,0.0,2.0,0.0,0.0,0.0,2.0
2026-08-04 13:25:11,Alachua,ALA,,,,,10.0,7.0,0.0,1.0,0.0,18.0
2026-08-04 13:25:11,Brevard,BRE,,,,,0.0,1.0,0.0,1.0,0.0,2.0
2026-08-04 13:25:11,Citrus,CIT,,,,,30.0,61.0,1.0,14.0,1.0,107.0
2026-08-04 13:25:11,Clay,CLA,,,,,38.0,35.0,0.0,10.0,0.0,83.0
2026-08-04 13:25:11,Duval,DUV,,,,,1.0,0.0,0.0,2.0,0.0,3.0
2026-08-04 13:25:11,Flagler,FLA,,,,,80.0,72.0,1.0,21.0,1.0,175.0
2026-08-04 13:25:11,Franklin,FRA,,,,,5.0,3.0,1.0,2.0,0.0,11.0
2026-08-04 13:25:11,Gadsden,GAD,,,,,6.0,2.0,1.0,0.0,0.0,9.0
2026-08-04 13:25:11,Hernando,HER,,,,,0.0,1.0,0.0,0.0,0.0,1.0
2026-08-04 13:25:11,Highlands,HIG,,,,,1.0,2.0,0.0,0.0,0.0,3.0
2026-08-04 13:25:11,Hillsborough,HIL,,,,,369.0,275.0,9.0,110.0,2.0,765.0
2026-08-04 13:25:11,Holmes,HOL,,,,,2.0,0.0,0.0,0.0,0.0,2.0
2026-08-04 13:25:11,Indian River,IND,,,,,36.0,51.0,2.0,6.0,0.0,95.0
2026-08-04 13:25:11,Lake,LAK,,,,,117.0,128.0,1.0,50.0,1.0,297.0
2026-08-04 13:25:11,Lee,LEE,,,,,175.0,194.0,3.0,44.0,2.0,418.0
2026-08-04 13:25:11,Leon,LEO,,,,,22.0,8.0,1.0,2.0,0.0,33.0
2026-08-04 13:25:11,Madison,MAD,,,,,1.0,0.0,0.0,0.0,0.0,1.0
2026-08-04 13:25:11,Manatee,MAN,,,,,38.0,37.0,0.0,3.0,0.0,78.0
2026-08-04 13:25:11,Marion,MRN,,,,,34.0,6.0,0.0,2.0,1.0,43.0
2026-08-04 13:25:11,Martin,MRT,,,,,25.0,19.0,0.0,4.0,0.0,48.0
2026-08-04 13:25:11,Miami-Dade,DAD,,,,,7.0,8.0,1.0,4.0,0.0,20.0
2026-08-04 13:25:11,Monroe,MON,,,,,62.0,68.0,0.0,23.0,1.0,154.0
2026-08-04 13:25:11,Nassau,NAS,,,,,71.0,86.0,3.0,21.0,0.0,181.0
2026-08-04 13:25:11,Okaloosa,OKA,,,,,8.0,11.0,0.0,4.0,2.0,25.0
2026-08-04 13:25:11,Orange,ORA,,,,,25.0,17.0,0.0,4.0,1.0,47.0
2026-08-04 13:25:11,Palm Beach,PAL,,,,,8.0,5.0,0.0,3.0,0.0,16.0
2026-08-04 13:25:11,Pasco,PAS,,,,,1.0,0.0,0.0,2.0,0.0,3.0
2026-08-04 13:25:11,Pinellas,PIN,,,,,273.0,229.0,7.0,103.0,0.0,612.0
2026-08-04 13:25:11,Santa Rosa,SAN,,,,,21.0,30.0,0.0,4.0,0.0,55.0
2026-08-04 13:25:11,Sarasota,SAR,,,,,3.0,6.0,0.0,1.0,0.0,10.0
2026-08-04 13:25:11,St. Johns,STJ,,,,,26.0,25.0,0.0,5.0,0.0,56.0
2026-08-04 13:25:11,Sumter,SUM,,,,,29.0,28.0,1.0,9.0,0.0,67.0
2026-08-04 13:25:11,Taylor,TAY,,,,,2.0,3.0,0.0,0.0,0.0,5.0
2026-08-04 13:25:11,Union,UNI,,,,,1.0,6.0,0.0,0.0,0.0,7.0
2026-08-04 13:25:11,Wakulla,WAK,,,,,2.0,0.0,0.0,0.0,0.0,2.0
2026-08-04 13:25:11,Walton,WAL,,,,,2.0,8.0,0.0,0.0,0.0,10.0
2026-08-04 13:41:43,Calhoun,CAL,,,,,0.0,5.0,0.0,0.0,0.0,5.0
2026-08-04 13:41:43,Duval,DUV,,,,,12.0,14.0,2.0,2.0,0.0,30.0
2026-08-04 13:41:43,Gadsden,GAD,,,,,1.0,0.0,0.0,0.0,0.0,1.0
2026-08-04 13:41:43,Hillsborough,HIL,,,,,29.0,41.0,2.0,23.0,0.0,95.0
2026-08-04 13:41:43,Lake,LAK,,,,,40.0,40.0,3.0,16.0,0.0,99.0
2026-08-04 13:41:43,Leon,LEO,,,,,32.0,12.0,0.0,3.0,0.0,47.0
2026-08-04 13:41:43,Manatee,MAN,,,,,110.0,37.0,1.0,8.0,0.0,156.0
2026-08-04 13:41:43,Nassau,NAS,,,,,1.0,0.0,0.0,0.0,0.0,1.0
2026-08-04 13:41:43,Pinellas,PIN,,,,,0.0,3.0,0.0,0.0,0.0,3.0
2026-08-04 13:41:43,Sarasota,SAR,,,,,1.0,0.0,0.0,0.0,0.0,1.0
2026-08-04 13:41:43,Sumter,SUM,,,,,0.0,13.0,0.0,3.0,0.0,16.0
2026-08-04 13:50:52,Calhoun,CAL,,,,,0.0,5.0,0.0,0.0,0.0,5.0
2026-08-04 13:50:52,Duval,DUV,,,,,43.0,27.0,3.0,5.0,0.0,78.0
2026-08-04 13:50:52,Gadsden,GAD,,,,,2.0,0.0,0.0,0.0,0.0,2.0
2026-08-04 13:50:52,Hillsborough,HIL,,,,,29.0,41.0,2.0,23.0,0.0,95.0
2026-08-04 13:50:52,Holmes,HOL,,,,,1.0,0.0,0.0,0.0,0.0,1.0
2026-08-04 13:50:52,Lake,LAK,,,,,40.0,40.0,3.0,16.0,0.0,99.0
2026-08-04 13:50:52,Lee,LEE,,,,,1.0,1.0,0.0,0.0,0.0,2.0
2026-08-04 13:50:52,Leon,LEO,,,,,66.0,22.0,0.0,8.0,0.0,96.0
2026-08-04 13:50:52,Madison,MAD,,,,,0.0,1.0,0.0,0.0,0.0,1.0
2026-08-04 13:50:52,Manatee,MAN,,,,,110.0,37.0,1.0,8.0,0.0,156.0
2026-08-04 13:50:52,Nassau,NAS,,,,,1.0,0.0,0.0,0.0,0.0,1.0
2026-08-04 13:50:52,Palm Beach,PAL,,,,,2.0,0.0,0.0,0.0,0.0,2.0
2026-08-04 13:50:52,Pasco,PAS,,,,,0.0,0.0,0.0,1.0,0.0,1.0
2026-08-04 13:50:52,Pinellas,PIN,,,,,1.0,7.0,0.0,0.0,0.0,8.0
2026-08-04 13:50:52,Sarasota,SAR,,,,,1.0,0.0,0.0,0.0,0.0,1.0
2026-08-04 13:50:52,Sumter,SUM,,,,,14.0,20.0,0.0,3.0,0.0,37.0
2026-08-04 13:50:52,Suwannee,SUW,,,,,2.0,3.0,0.0,0.0,0.0,5.0
2026-08-04 14:05:06,Calhoun,CAL,,,,,0.0,5.0,0.0,0.0,0.0,5.0
2026-08-04 14:05:06,Duval,DUV,,,,,81.0,44.0,3.0,11.0,0.0,139.0
2026-08-04 14:05:06,Franklin,FRA,,,,,7.0,5.0,1.0,2.0,0.0,15.0
2026-08-04 14:05:06,Gadsden,GAD,,,,,2.0,0.0,0.0,0.0,0.0,2.0
2026-08-04 14:05:06,Hillsborough,HIL,,,,,350.0,283.0,12.0,117.0,2.0,764.0
2026-08-04 14:05:06,Holmes,HOL,,,,,3.0,0.0,0.0,0.0,0.0,3.0
2026-08-04 14:05:06,Lake,LAK,,,,,81.0,81.0,3.0,37.0,0.0,202.0
2026-08-04 14:05:06,Lee,LEE,,,,,9.0,9.0,0.0,6.0,0.0,24.0
2026-08-04 14:05:06,Leon,LEO,,,,,109.0,31.0,1.0,14.0,0.0,155.0
2026-08-04 14:05:06,Madison,MAD,,,,,0.0,1.0,0.0,0.0,0.0,1.0
2026-08-04 14:05:06,Manatee,MAN,,,,,115.0,75.0,1.0,9.0,0.0,200.0
2026-08-04 14:05:06,Miami-Dade,DAD,,,,,0.0,0.0,1.0,1.0,0.0,2.0
2026-08-04 14:05:06,Monroe,MON,,,,,3.0,0.0,0.0,1.0,0.0,4.0
2026-08-04 14:05:06,Nassau,NAS,,,,,16.0,16.0,0.0,4.0,0.0,36.0
2026-08-04 14:05:06,Okaloosa,OKA,,,,,1.0,3.0,0.0,1.0,1.0,6.0
2026-08-04 14:05:06,Orange,ORA,,,,,7.0,2.0,1.0,1.0,0.0,11.0
2026-08-04 14:05:06,Palm Beach,PAL,,,,,2.0,0.0,0.0,0.0,0.0,2.0
2026-08-04 14:05:06,Pasco,PAS,,,,,0.0,0.0,0.0,1.0,0.0,1.0
2026-08-04 14:05:06,Pinellas,PIN,,,,,2.0,7.0,0.0,0.0,0.0,9.0
2026-08-04 14:05:06,Sarasota,SAR,,,,,6.0,1.0,0.0,0.0,0.0,7.0
2026-08-04 14:05:06,Sumter,SUM,,,,,23.0,27.0,0.0,4.0,0.0,54.0
2026-08-04 14:05:06,Suwannee,SUW,,,,,7.0,22.0,0.0,0.0,0.0,29.0
2026-08-04 14:09:53,Calhoun,CAL,,,,,0.0,5.0,0.0,0.0,0.0,5.0
2026-08-04 14:09:53,Duval,DUV,,,,,81.0,44.0,3.0,11.0,0.0,139.0
2026-08-04 14:09:53,Franklin,FRA,,,,,7.0,5.0,1.0,2.0,0.0,15.0
2026-08-04 14:09:53,Gadsden,GAD,,,,,2.0,0.0,0.0,0.0,0.0,2.0
2026-08-04 14:09:53,Hillsborough,HIL,,,,,350.0,283.0,12.0,117.0,2.0,764.0
2026-08-04 14:09:53,Holmes,HOL,,,,,3.0,0.0,0.0,0.0,0.0,3.0
2026-08-04 14:09:53,Lake,LAK,,,,,81.0,81.0,3.0,37.0,0.0,202.0
2026-08-04 14:09:53,Lee,LEE,,,,,9.0,9.0,0.0,6.0,0.0,24.0
2026-08-04 14:09:53,Leon,LEO,,,,,112.0,35.0,1.0,14.0,0.0,162.0
2026-08-04 14:09:53,Madison,MAD,,,,,0.0,1.0,0.0,0.0,0.0,1.0
2026-08-04 14:09:53,Manatee,MAN,,,,,116.0,75.0,1.0,11.0,0.0,203.0
2026-08-04 14:09:53,Miami-Dade,DAD,,,,,0.0,0.0,1.0,1.0,0.0,2.0
2026-08-04 14:09:53,Monroe,MON,,,,,3.0,0.0,0.0,1.0,0.0,4.0
2026-08-04 14:09:53,Nassau,NAS,,,,,16.0,16.0,0.0,4.0,0.0,36.0
2026-08-04 14:09:53,Okaloosa,OKA,,,,,1.0,3.0,0.0,1.0,1.0,6.0
2026-08-04 14:09:53,Orange,ORA,,,,,10.0,2.0,1.0,2.0,0.0,15.0
2026-08-04 14:09:53,Palm Beach,PAL,,,,,2.0,0.0,0.0,0.0,0.0,2.0
2026-08-04 14:09:53,Pasco,PAS,,,,,0.0,0.0,0.0,1.0,0.0,1.0
2026-08-04 14:09:53,Pinellas,PIN,,,,,2.0,7.0,0.0,0.0,0.0,9.0
2026-08-04 14:09:53,Polk,POL,,,,,2.0,1.0,0.0,0.0,0.0,3.0
2026-08-04 14:09:53,Sarasota,SAR,,,,,6.0,1.0,0.0,0.0,0.0,7.0
2026-08-04 14:09:53,Sumter,SUM,,,,,23.0,27.0,0.0,4.0,0.0,54.0
2026-08-04 14:09:53,Suwannee,SUW,,,,,11.0,22.0,0.0,0.0,0.0,33.0
2026-08-04 15:10:09,Alachua,ALA,,,,,521.0,9.0,0.0,4.0,0.0,534.0
2026-08-04 15:10:09,Brevard,BRE,,,,,2.0,2.0,0.0,0.0,0.0,4.0
2026-08-04 15:10:09,Charlotte,CHA,,,,,1.0,0.0,0.0,0.0,0.0,1.0
2026-08-04 15:10:09,Collier,CLL,,,,,2.0,0.0,0.0,0.0,0.0,2.0
2026-08-04 15:10:09,Columbia,CLM,,,,,18.0,27.0,0.0,5.0,0.0,50.0
2026-08-04 15:10:09,Duval,DUV,,,,,52.0,53.0,0.0,11.0,2.0,118.0
2026-08-04 15:10:09,Franklin,FRA,,,,,1.0,0.0,0.0,0.0,0.0,1.0
2026-08-04 15:10:09,Gadsden,GAD,,,,,1.0,0.0,0.0,0.0,0.0,1.0
2026-08-04 15:10:09,Gilchrist,GIL,,,,,3.0,0.0,0.0,0.0,0.0,3.0
2026-08-04 15:10:09,Hillsborough,HIL,,,,,29.0,17.0,1.0,9.0,0.0,56.0
2026-08-04 15:10:09,Indian River,IND,,,,,0.0,2.0,0.0,0.0,0.0,2.0
2026-08-04 15:10:09,Lake,LAK,,,,,89.0,80.0,9.0,21.0,0.0,199.0
2026-08-04 15:10:09,Lee,LEE,,,,,2.0,3.0,0.0,0.0,0.0,5.0
2026-08-04 15:10:09,Leon,LEO,,,,,2.0,2.0,0.0,0.0,0.0,4.0
2026-08-04 15:10:09,Madison,MAD,,,,,1.0,0.0,0.0,0.0,0.0,1.0
2026-08-04 15:10:09,Manatee,MAN,,,,,70.0,59.0,1.0,7.0,0.0,137.0
2026-08-04 15:10:09,Monroe,MON,,,,,0.0,0.0,1.0,0.0,0.0,1.0
2026-08-04 15:10:09,Palm Beach,PAL,,,,,2.0,2.0,0.0,0.0,0.0,4.0
2026-08-04 15:10:09,Pinellas,PIN,,,,,4.0,1.0,0.0,0.0,0.0,5.0
2026-08-04 15:10:09,Santa Rosa,SAN,,,,,12.0,13.0,0.0,2.0,0.0,27.0
2026-08-04 15:10:09,Sarasota,SAR,,,,,51.0,12.0,0.0,9.0,0.0,72.0
2026-08-04 15:10:09,St. Lucie,STL,,,,,26.0,22.0,0.0,5.0,0.0,53.0
2026-08-04 15:10:09,Sumter,SUM,,,,,1.0,0.0,0.0,0.0,0.0,1.0
2026-08-04 15:10:09,Suwannee,SUW,,,,,0.0,8.0,0.0,0.0,0.0,8.0
2026-08-04 15:10:09,Wakulla,WAK,,,,,1.0,2.0,0.0,0.0,0.0,3.0
2026-08-04 15:10:09,Walton,WAL,,,,,1.0,1.0,0.0,0.0,0.0,2.0
2026-08-04 16:08:41,Alachua,ALA,,,,,527.0,226.0,8.0,109.0,3.0,873.0
2026-08-04 16:08:41,Bay,BAY,,,,,46.0,48.0,0.0,7.0,0.0,101.0
2026-08-04 16:08:41,Charlotte,CHA,,,,,42.0,36.0,0.0,5.0,0.0,83.0
2026-08-04 16:08:41,Citrus,CIT,,,,,33.0,21.0,0.0,8.0,2.0,64.0
2026-08-04 16:08:41,Collier,CLL,,,,,5.0,2.0,0.0,0.0,0.0,7.0
2026-08-04 16:08:41,Dixie,DIX,,,,,2.0,4.0,0.0,0.0,0.0,6.0
2026-08-04 16:08:41,Duval,DUV,,,,,130.0,307.0,2.0,24.0,2.0,465.0
2026-08-04 16:08:41,Gadsden,GAD,,,,,1.0,0.0,0.0,0.0,0.0,1.0
2026-08-04 16:08:41,Hamilton,HAM,,,,,1.0,8.0,0.0,0.0,0.0,9.0
2026-08-04 16:08:41,Hendry,HEN,,,,,5.0,0.0,0.0,0.0,0.0,5.0
2026-08-04 16:08:41,Hernando,HER,,,,,1.0,1.0,0.0,0.0,0.0,2.0
2026-08-04 16:08:41,Highlands,HIG,,,,,12.0,7.0,0.0,5.0,0.0,24.0
2026-08-04 16:08:41,Hillsborough,HIL,,,,,42.0,19.0,1.0,11.0,0.0,73.0
2026-08-04 16:08:41,Indian River,IND,,,,,1.0,6.0,1.0,1.0,0.0,9.0
2026-08-04 16:08:41,Jefferson,JEF,,,,,5.0,6.0,0.0,1.0,0.0,12.0
2026-08-04 16:08:41,Lake,LAK,,,,,40.0,18.0,4.0,8.0,0.0,70.0
2026-08-04 16:08:41,Leon,LEO,,,,,2.0,0.0,0.0,0.0,0.0,2.0
2026-08-04 16:08:41,Madison,MAD,,,,,3.0,0.0,0.0,0.0,0.0,3.0
2026-08-04 16:08:41,Manatee,MAN,,,,,17.0,17.0,0.0,0.0,0.0,34.0
2026-08-04 16:08:41,Monroe,MON,,,,,12.0,14.0,0.0,7.0,0.0,33.0
2026-08-04 16:08:41,Okaloosa,OKA,,,,,23.0,66.0,1.0,17.0,0.0,107.0
2026-08-04 16:08:41,Okeechobee,OKE,,,,,6.0,21.0,0.0,0.0,0.0,27.0
2026-08-04 16:08:41,Palm Beach,PAL,,,,,1.0,0.0,0.0,0.0,0.0,1.0
2026-08-04 16:08:41,Pasco,PAS,,,,,6.0,4.0,0.0,1.0,0.0,11.0
2026-08-04 16:08:41,Pinellas,PIN,,,,,0.0,1.0,0.0,1.0,0.0,2.0
2026-08-04 16:08:41,Polk,POL,,,,,13.0,9.0,1.0,5.0,0.0,28.0
2026-08-04 16:08:41,Santa Rosa,SAN,,,,,3.0,2.0,0.0,0.0,0.0,5.0
2026-08-04 16:08:41,Seminole,SEM,,,,,0.0,2.0,0.0,1.0,0.0,3.0
2026-08-04 16:08:41,St. Johns,STJ,,,,,31.0,24.0,0.0,11.0,0.0,66.0
2026-08-04 16:08:41,St. Lucie,STL,,,,,151.0,113.0,6.0,17.0,0.0,287.0
2026-08-04 16:08:41,Sumter,SUM,,,,,14.0,18.0,0.0,6.0,0.0,38.0
2026-08-04 16:08:41,Walton,WAL,,,,,7.0,15.0,0.0,1.0,0.0,23.0
2026-08-04 16:24:39,Charlotte,CHA,,,,,1.0,0.0,0.0,0.0,0.0,1.0
2026-08-04 16:24:39,Collier,CLL,,,,,1.0,1.0,0.0,0.0,0.0,2.0
2026-08-04 16:24:39,DeSoto,DES,,,,,5.0,1.0,0.0,0.0,0.0,6.0
2026-08-04 16:24:39,Dixie,DIX,,,,,1.0,13.0,0.0,1.0,0.0,15.0
2026-08-04 16:24:39,Duval,DUV,,,,,171.0,1.0,0.0,0.0,0.0,172.0
2026-08-04 16:24:39,Franklin,FRA,,,,,0.0,2.0,0.0,0.0,0.0,2.0
2026-08-04 16:24:39,Glades,GLA,,,,,0.0,2.0,0.0,0.0,0.0,2.0
2026-08-04 16:24:39,Highlands,HIG,,,,,0.0,17.0,0.0,0.0,0.0,17.0
2026-08-04 16:24:39,Madison,MAD,,,,,0.0,1.0,0.0,0.0,0.0,1.0
2026-08-04 16:24:39,Monroe,MON,,,,,4.0,2.0,1.0,0.0,0.0,7.0
2026-08-04 16:24:39,Okaloosa,OKA,,,,,4.0,6.0,0.0,1.0,0.0,11.0
2026-08-04 16:24:39,Okeechobee,OKE,,,,,7.0,4.0,0.0,0.0,0.0,11.0
2026-08-04 16:24:39,Pasco,PAS,,,,,23.0,20.0,0.0,9.0,0.0,52.0
2026-08-04 16:24:39,Pinellas,PIN,,,,,2.0,0.0,0.0,0.0,0.0,2.0
2026-08-04 16:24:39,Sarasota,SAR,,,,,1.0,0.0,0.0,0.0,0.0,1.0
2026-08-04 16:24:39,Sumter,SUM,,,,,9.0,11.0,0.0,2.0,0.0,22.0
2026-08-04 16:24:39,Wakulla,WAK,,,,,0.0,3.0,0.0,1.0,0.0,4.0
2026-08-04 16:24:39,Walton,WAL,,,,,12.0,19.0,0.0,1.0,0.0,32.0
2026-08-04 17:39:49,Alachua,ALA,,,,,7.0,0.0,0.0,1.0,0.0,8.0
2026-08-04 17:39:49,Charlotte,CHA,,,,,2.0,1.0,0.0,1.0,0.0,4.0
2026-08-04 17:39:49,Collier,CLL,,,,,0.0,1.0,0.0,0.0,0.0,1.0
2026-08-04 17:39:49,Duval,DUV,,,,,111.0,0.0,7.0,78.0,2.0,198.0
2026-08-04 17:39:49,Hendry,HEN,,,,,2.0,0.0,0.0,0.0,0.0,2.0
2026-08-04 17:39:49,Hillsborough,HIL,,,,,0.0,0.0,0.0,2.0,0.0,2.0
2026-08-04 17:39:49,Indian River,IND,,,,,46.0,56.0,1.0,5.0,0.0,108.0
2026-08-04 17:39:49,Jackson,JAC,,,,,20.0,28.0,0.0,0.0,0.0,48.0
2026-08-04 17:39:49,Lafayette,LAF,,,,,2.0,0.0,0.0,0.0,0.0,2.0
2026-08-04 17:39:49,Lake,LAK,,,,,1.0,0.0,0.0,0.0,0.0,1.0
2026-08-04 17:39:49,Lee,LEE,,,,,8.0,12.0,0.0,3.0,0.0,23.0
2026-08-04 17:39:49,Leon,LEO,,,,,76.0,15.0,2.0,5.0,0.0,98.0
2026-08-04 17:39:49,Madison,MAD,,,,,0.0,1.0,0.0,0.0,0.0,1.0
2026-08-04 17:39:49,Monroe,MON,,,,,21.0,17.0,1.0,5.0,0.0,44.0
2026-08-04 17:39:49,Okaloosa,OKA,,,,,4.0,1.0,0.0,3.0,0.0,8.0
2026-08-04 17:39:49,Palm Beach,PAL,,,,,4.0,2.0,0.0,0.0,0.0,6.0
2026-08-04 17:39:49,Pasco,PAS,,,,,9.0,2.0,0.0,0.0,0.0,11.0
2026-08-04 17:39:49,Pinellas,PIN,,,,,1.0,0.0,0.0,0.0,0.0,1.0
2026-08-04 17:39:49,Polk,POL,,,,,2.0,3.0,1.0,3.0,0.0,9.0
2026-08-04 17:39:49,Putnam,PUT,,,,,10.0,11.0,0.0,0.0,0.0,21.0
2026-08-04 17:39:49,Santa Rosa,SAN,,,,,7.0,11.0,2.0,1.0,0.0,21.0
2026-08-04 17:39:49,Sarasota,SAR,,,,,0.0,1.0,0.0,0.0,0.0,1.0
2026-08-04 17:39:49,Seminole,SEM,,,,,54.0,35.0,2.0,12.0,0.0,103.0
2026-08-04 17:39:49,Walton,WAL,,,,,10.0,15.0,0.0,1.0,0.0,26.0
2026-08-04 18:39:49,Bay,BAY,,,,,0.0,2.0,0.0,0.0,0.0,2.0
2026-08-04 18:39:49,Bradford,BRA,,,,,0.0,2.0,0.0,0.0,0.0,2.0
2026-08-04 18:39:49,Monroe,MON,,,,,10.0,8.0,0.0,1.0,0.0,19.0
2026-08-04 18:39:49,Palm Beach,PAL,,,,,290.0,54.0,1.0,22.0,0.0,367.0
2026-08-04 18:39:49,Putnam,PUT,,,,,4.0,10.0,0.0,0.0,0.0,14.0
2026-08-04 19:39:50,Monroe,MON,,,,,0.0,4.0,0.0,1.0,0.0,5.0
2026-08-04 19:39:50,Orange,ORA,,,,,115.0,61.0,4.0,30.0,0.0,210.0
2026-08-04 19:39:50,Palm Beach,PAL,,,,,4.0,1.0,0.0,3.0,0.0,8.0
2026-08-04 19:39:50,Polk,POL,,,,,7.0,18.0,0.0,4.0,0.0,29.0
2026-08-04 21:09:43,Alachua,ALA,,,,,638.0,241.0,8.0,115.0,3.0,1005.0
2026-08-04 21:09:43,Baker,BAK,,,,,0.0,8.0,0.0,0.0,0.0,8.0
2026-08-04 21:09:43,Bay,BAY,,,,,65.0,82.0,1.0,10.0,0.0,158.0
2026-08-04 21:09:43,Bradford,BRA,,,,,5.0,14.0,1.0,0.0,0.0,20.0
2026-08-04 21:09:43,Brevard,BRE,,,,,301.0,233.0,7.0,55.0,0.0,596.0
2026-08-04 21:09:43,Calhoun,CAL,,,,,3.0,7.0,0.0,1.0,0.0,11.0
2026-08-04 21:09:43,Charlotte,CHA,,,,,214.0,264.0,10.0,47.0,1.0,536.0
2026-08-04 21:09:43,Citrus,CIT,,,,,90.0,126.0,3.0,32.0,3.0,254.0
2026-08-04 21:09:43,Clay,CLA,,,,,38.0,38.0,0.0,11.0,0.0,87.0
2026-08-04 21:09:43,Collier,CLL,,,,,278.0,635.0,8.0,86.0,0.0,1007.0
2026-08-04 21:09:43,Columbia,CLM,,,,,18.0,27.0,0.0,5.0,0.0,50.0
2026-08-04 21:09:43,DeSoto,DES,,,,,5.0,1.0,0.0,0.0,0.0,6.0
2026-08-04 21:09:43,Dixie,DIX,,,,,3.0,17.0,0.0,1.0,0.0,21.0
2026-08-04 21:09:43,Duval,DUV,,,,,4926.0,3234.0,120.0,1230.0,30.0,9540.0
2026-08-04 21:09:43,Escambia,ESC,,,,,157.0,165.0,5.0,39.0,2.0,368.0
2026-08-04 21:09:43,Flagler,FLA,,,,,80.0,72.0,1.0,21.0,1.0,175.0
2026-08-04 21:09:43,Franklin,FRA,,,,,8.0,8.0,1.0,2.0,0.0,19.0
2026-08-04 21:09:43,Gadsden,GAD,,,,,22.0,2.0,1.0,0.0,0.0,25.0
2026-08-04 21:09:43,Gilchrist,GIL,,,,,9.0,13.0,0.0,0.0,0.0,22.0
2026-08-04 21:09:43,Glades,GLA,,,,,0.0,2.0,0.0,0.0,0.0,2.0
2026-08-04 21:09:43,Gulf,GUL,,,,,9.0,8.0,0.0,0.0,0.0,17.0
2026-08-04 21:09:43,Hamilton,HAM,,,,,1.0,8.0,0.0,0.0,0.0,9.0
2026-08-04 21:09:43,Hardee,HAR,,,,,2.0,2.0,0.0,0.0,0.0,4.0
2026-08-04 21:09:43,Hendry,HEN,,,,,16.0,8.0,0.0,2.0,0.0,26.0
2026-08-04 21:09:43,Hernando,HER,,,,,73.0,86.0,1.0,13.0,0.0,173.0
2026-08-04 21:09:43,Highlands,HIG,,,,,13.0,26.0,0.0,5.0,0.0,44.0
2026-08-04 21:09:43,Hillsborough,HIL,,,,,2346.0,1682.0,73.0,664.0,13.0,4778.0
2026-08-04 21:09:43,Holmes,HOL,,,,,4.0,6.0,0.0,0.0,0.0,10.0
2026-08-04 21:09:43,Indian River,IND,,,,,102.0,145.0,5.0,16.0,0.0,268.0
2026-08-04 21:09:43,Jackson,JAC,,,,,20.0,28.0,0.0,0.0,0.0,48.0
2026-08-04 21:09:43,Jefferson,JEF,,,,,5.0,6.0,0.0,1.0,0.0,12.0
2026-08-04 21:09:43,Lafayette,LAF,,,,,2.0,0.0,0.0,0.0,0.0,2.0
2026-08-04 21:09:43,Lake,LAK,,,,,382.0,379.0,19.0,125.0,1.0,906.0
2026-08-04 21:09:43,Lee,LEE,,,,,631.0,1091.0,20.0,307.0,5.0,2054.0
2026-08-04 21:09:43,Leon,LEO,,,,,196.0,53.0,3.0,19.0,0.0,271.0
2026-08-04 21:09:43,Madison,MAD,,,,,7.0,7.0,0.0,0.0,0.0,14.0
2026-08-04 21:09:43,Manatee,MAN,,,,,563.0,514.0,6.0,57.0,0.0,1140.0
2026-08-04 21:09:43,Marion,MRN,,,,,61.0,54.0,0.0,2.0,1.0,118.0
2026-08-04 21:09:43,Martin,MRT,,,,,87.0,98.0,2.0,25.0,0.0,212.0
2026-08-04 21:09:43,Miami-Dade,DAD,,,,,1583.0,1104.0,43.0,591.0,6.0,3327.0
2026-08-04 21:09:43,Monroe,MON,,,,,122.0,113.0,4.0,39.0,1.0,279.0
2026-08-04 21:09:43,Nassau,NAS,,,,,72.0,86.0,3.0,21.0,0.0,182.0
2026-08-04 21:09:43,Okaloosa,OKA,,,,,79.0,147.0,3.0,30.0,2.0,261.0
2026-08-04 21:09:43,Okeechobee,OKE,,,,,13.0,25.0,0.0,0.0,0.0,38.0
2026-08-04 21:09:43,Orange,ORA,,,,,709.0,317.0,27.0,168.0,5.0,1226.0
2026-08-04 21:09:43,Osceola,OSC,,,,,139.0,81.0,1.0,40.0,0.0,261.0
2026-08-04 21:09:43,Palm Beach,PAL,,,,,577.0,204.0,11.0,98.0,0.0,890.0
2026-08-04 21:09:43,Pasco,PAS,,,,,66.0,45.0,2.0,18.0,1.0,132.0
2026-08-04 21:09:43,Pinellas,PIN,,,,,286.0,240.0,7.0,109.0,0.0,642.0
2026-08-04 21:09:43,Polk,POL,,,,,24.0,31.0,2.0,12.0,0.0,69.0
2026-08-04 21:09:43,Putnam,PUT,,,,,17.0,26.0,0.0,0.0,0.0,43.0
2026-08-04 21:09:43,Santa Rosa,SAN,,,,,66.0,106.0,4.0,16.0,1.0,193.0
2026-08-04 21:09:43,Sarasota,SAR,,,,,163.0,99.0,0.0,42.0,0.0,304.0
2026-08-04 21:09:43,Seminole,SEM,,,,,59.0,39.0,2.0,15.0,0.0,115.0
2026-08-04 21:09:43,St. Johns,STJ,,,,,63.0,54.0,0.0,16.0,0.0,133.0
2026-08-04 21:09:43,St. Lucie,STL,,,,,259.0,212.0,9.0,44.0,1.0,525.0
2026-08-04 21:09:43,Sumter,SUM,,,,,100.0,144.0,3.0,36.0,0.0,283.0
2026-08-04 21:09:43,Suwannee,SUW,,,,,11.0,30.0,0.0,0.0,0.0,41.0
2026-08-04 21:09:43,Taylor,TAY,,,,,6.0,9.0,0.0,0.0,0.0,15.0
2026-08-04 21:09:43,Union,UNI,,,,,1.0,6.0,0.0,0.0,0.0,7.0
2026-08-04 21:09:43,Volusia,VOL,,,,,186.0,159.0,9.0,64.0,0.0,418.0
2026-08-04 21:09:43,Wakulla,WAK,,,,,8.0,10.0,0.0,1.0,0.0,19.0
2026-08-04 21:09:43,Walton,WAL,,,,,32.0,58.0,0.0,4.0,0.0,94.0
2026-08-05 11:15:23,Alachua,ALA,,,,,1.0,1.0,0.0,0.0,0.0,2.0
2026-08-05 11:15:23,Bay,BAY,,,,,16.0,25.0,0.0,3.0,0.0,44.0
2026-08-05 11:15:23,Bradford,BRA,,,,,3.0,7.0,0.0,0.0,0.0,10.0
2026-08-05 11:15:23,Brevard,BRE,,,,,313.0,152.0,12.0,39.0,2.0,518.0
2026-08-05 11:15:23,Charlotte,CHA,,,,,106.0,172.0,0.0,38.0,0.0,316.0
2026-08-05 11:15:23,Clay,CLA,,,,,0.0,2.0,0.0,0.0,0.0,2.0
2026-08-05 11:15:23,Collier,CLL,,,,,149.0,248.0,3.0,51.0,0.0,451.0
2026-08-05 11:15:23,Columbia,CLM,,,,,0.0,1.0,0.0,0.0,0.0,1.0
2026-08-05 11:15:23,Duval,DUV,,,,,15.0,3.0,0.0,4.0,0.0,22.0
2026-08-05 11:15:23,Escambia,ESC,,,,,0.0,8.0,1.0,0.0,0.0,9.0
2026-08-05 11:15:23,Franklin,FRA,,,,,2.0,0.0,0.0,0.0,0.0,2.0
2026-08-05 11:15:23,Gadsden,GAD,,,,,10.0,0.0,0.0,0.0,0.0,10.0
2026-08-05 11:15:23,Gilchrist,GIL,,,,,3.0,10.0,1.0,0.0,0.0,14.0
2026-08-05 11:15:23,Hendry,HEN,,,,,8.0,9.0,0.0,2.0,0.0,19.0
2026-08-05 11:15:23,Hernando,HER,,,,,39.0,49.0,1.0,15.0,0.0,104.0
2026-08-05 11:15:23,Hillsborough,HIL,,,,,3.0,2.0,0.0,0.0,0.0,5.0
2026-08-05 11:15:23,Holmes,HOL,,,,,0.0,1.0,0.0,0.0,0.0,1.0
2026-08-05 11:15:23,Lee,LEE,,,,,539.0,871.0,29.0,283.0,10.0,1732.0
2026-08-05 11:15:23,Leon,LEO,,,,,5.0,0.0,0.0,0.0,0.0,5.0
2026-08-05 11:15:23,Liberty,LIB,,,,,2.0,2.0,0.0,0.0,0.0,4.0
2026-08-05 11:15:23,Madison,MAD,,,,,3.0,2.0,0.0,0.0,0.0,5.0
2026-08-05 11:15:23,Manatee,MAN,,,,,47.0,51.0,0.0,3.0,0.0,101.0
2026-08-05 11:15:23,Marion,MRN,,,,,2.0,1.0,0.0,2.0,0.0,5.0
2026-08-05 11:15:23,Martin,MRT,,,,,39.0,46.0,2.0,6.0,0.0,93.0
2026-08-05 11:15:23,Miami-Dade,DAD,,,,,2237.0,1388.0,67.0,790.0,6.0,4488.0
2026-08-05 11:15:23,Monroe,MON,,,,,2.0,3.0,0.0,1.0,0.0,6.0
2026-08-05 11:15:23,Okaloosa,OKA,,,,,6.0,30.0,0.0,6.0,0.0,42.0
2026-08-05 11:15:23,Orange,ORA,,,,,309.0,106.0,9.0,81.0,1.0,506.0
2026-08-05 11:15:23,Palm Beach,PAL,,,,,10.0,0.0,0.0,3.0,0.0,13.0
2026-08-05 11:15:23,Pasco,PAS,,,,,6.0,5.0,0.0,1.0,0.0,12.0
2026-08-05 11:15:23,Putnam,PUT,,,,,3.0,1.0,0.0,0.0,0.0,4.0
2026-08-05 11:15:23,Santa Rosa,SAN,,,,,12.0,36.0,3.0,5.0,1.0,57.0
2026-08-05 11:15:23,Sarasota,SAR,,,,,162.0,182.0,13.0,48.0,2.0,407.0
2026-08-05 11:15:23,Seminole,SEM,,,,,1.0,0.0,0.0,0.0,0.0,1.0
2026-08-05 11:15:23,St. Johns,STJ,,,,,2.0,0.0,0.0,1.0,0.0,3.0
2026-08-05 11:15:23,St. Lucie,STL,,,,,59.0,0.0,0.0,0.0,0.0,59.0
2026-08-05 11:15:23,Sumter,SUM,,,,,111.0,209.0,6.0,56.0,0.0,382.0
2026-08-05 11:15:23,Suwannee,SUW,,,,,17.0,11.0,0.0,2.0,0.0,30.0
2026-08-05 11:15:23,Taylor,TAY,,,,,2.0,10.0,0.0,0.0,0.0,12.0
2026-08-05 11:15:23,Union,UNI,,,,,1.0,8.0,0.0,0.0,0.0,9.0
2026-08-05 11:15:23,Volusia,VOL,,,,,128.0,123.0,8.0,32.0,0.0,291.0
2026-08-05 11:15:23,Wakulla,WAK,,,,,7.0,4.0,0.0,0.0,0.0,11.0
2026-08-05 11:15:23,Walton,WAL,,,,,1.0,0.0,0.0,0.0,0.0,1.0
2026-08-05 12:02:48,Alachua,ALA,,,,,184.0,69.0,1.0,16.0,0.0,270.0
2026-08-05 12:02:48,Brevard,BRE,,,,,504.0,3.0,10.0,58.0,4.0,579.0
2026-08-05 12:02:48,Collier,CLL,,,,,0.0,6.0,1.0,1.0,0.0,8.0
2026-08-05 12:02:48,Columbia,CLM,,,,,28.0,31.0,0.0,4.0,0.0,63.0
2026-08-05 12:02:48,Duval,DUV,,,,,7.0,6.0,0.0,5.0,0.0,18.0
2026-08-05 12:02:48,Escambia,ESC,,,,,0.0,2.0,0.0,1.0,0.0,3.0
2026-08-05 12:02:48,Gadsden,GAD,,,,,1.0,0.0,0.0,0.0,0.0,1.0
2026-08-05 12:02:48,Gilchrist,GIL,,,,,1.0,0.0,0.0,0.0,0.0,1.0
2026-08-05 12:02:48,Hamilton,HAM,,,,,7.0,5.0,0.0,1.0,0.0,13.0
2026-08-05 12:02:48,Hernando,HER,,,,,86.0,78.0,1.0,24.0,0.0,189.0
2026-08-05 12:02:48,Hillsborough,HIL,,,,,13.0,17.0,0.0,7.0,0.0,37.0
2026-08-05 12:02:48,Holmes,HOL,,,,,0.0,5.0,0.0,0.0,0.0,5.0
2026-08-05 12:02:48,Indian River,IND,,,,,16.0,26.0,0.0,7.0,1.0,50.0
2026-08-05 12:02:48,Lee,LEE,,,,,278.0,439.0,18.0,126.0,1.0,862.0
2026-08-05 12:02:48,Madison,MAD,,,,,1.0,0.0,0.0,0.0,0.0,1.0
2026-08-05 12:02:48,Marion,MRN,,,,,101.0,179.0,3.0,11.0,0.0,294.0
2026-08-05 12:02:48,Martin,MRT,,,,,46.0,43.0,0.0,1.0,0.0,90.0
2026-08-05 12:02:48,Miami-Dade,DAD,,,,,46.0,22.0,6.0,15.0,0.0,89.0
2026-08-05 12:02:48,Monroe,MON,,,,,2.0,1.0,0.0,0.0,0.0,3.0
2026-08-05 12:02:48,Nassau,NAS,,,,,0.0,3.0,0.0,0.0,0.0,3.0
2026-08-05 12:02:48,Pasco,PAS,,,,,3.0,1.0,0.0,1.0,0.0,5.0
2026-08-05 12:02:48,Pinellas,PIN,,,,,1.0,588.0,1.0,0.0,0.0,590.0
2026-08-05 12:02:48,Polk,POL,,,,,16.0,15.0,1.0,3.0,0.0,35.0
2026-08-05 12:02:48,Santa Rosa,SAN,,,,,34.0,41.0,0.0,10.0,1.0,86.0
2026-08-05 12:02:48,St. Lucie,STL,,,,,15.0,56.0,3.0,19.0,0.0,93.0
2026-08-05 12:02:48,Volusia,VOL,,,,,347.0,323.0,9.0,120.0,1.0,800.0
2026-08-05 13:01:15,Alachua,ALA,,,,,2.0,1.0,2.0,14.0,1.0,20.0
2026-08-05 13:01:15,Brevard,BRE,,,,,19.0,510.0,15.0,102.0,1.0,647.0
2026-08-05 13:01:15,Citrus,CIT,,,,,21.0,32.0,3.0,3.0,0.0,59.0
2026-08-05 13:01:15,Clay,CLA,,,,,83.0,147.0,4.0,29.0,0.0,263.0
2026-08-05 13:01:15,Collier,CLL,,,,,0.0,1.0,0.0,0.0,0.0,1.0
2026-08-05 13:01:15,Columbia,CLM,,,,,13.0,16.0,0.0,7.0,1.0,37.0
2026-08-05 13:01:15,Duval,DUV,,,,,12.0,9.0,0.0,2.0,0.0,23.0
2026-08-05 13:01:15,Escambia,ESC,,,,,13.0,13.0,0.0,3.0,0.0,29.0
2026-08-05 13:01:15,Gadsden,GAD,,,,,9.0,1.0,0.0,0.0,0.0,10.0
2026-08-05 13:01:15,Gilchrist,GIL,,,,,1.0,0.0,0.0,0.0,0.0,1.0
2026-08-05 13:01:15,Hernando,HER,,,,,68.0,89.0,4.0,23.0,0.0,184.0
2026-08-05 13:01:15,Highlands,HIG,,,,,25.0,32.0,4.0,8.0,0.0,69.0
2026-08-05 13:01:15,Indian River,IND,,,,,45.0,57.0,2.0,8.0,0.0,112.0
2026-08-05 13:01:15,Lake,LAK,,,,,0.0,2.0,0.0,1.0,0.0,3.0
2026-08-05 13:01:15,Lee,LEE,,,,,196.0,317.0,14.0,104.0,3.0,634.0
2026-08-05 13:01:15,Leon,LEO,,,,,127.0,64.0,0.0,22.0,0.0,213.0
2026-08-05 13:01:15,Marion,MRN,,,,,190.0,100.0,11.0,40.0,2.0,343.0
2026-08-05 13:01:15,Martin,MRT,,,,,2.0,0.0,1.0,1.0,0.0,4.0
2026-08-05 13:01:15,Miami-Dade,DAD,,,,,33.0,18.0,0.0,3.0,0.0,54.0
2026-08-05 13:01:15,Nassau,NAS,,,,,74.0,82.0,4.0,24.0,0.0,184.0
2026-08-05 13:01:15,Orange,ORA,,,,,0.0,1.0,0.0,0.0,0.0,1.0
2026-08-05 13:01:15,Osceola,OSC,,,,,3.0,13.0,1.0,19.0,0.0,36.0
2026-08-05 13:01:15,Palm Beach,PAL,,,,,145.0,58.0,5.0,38.0,0.0,246.0
2026-08-05 13:01:15,Pasco,PAS,,,,,465.0,420.0,17.0,137.0,2.0,1041.0
2026-08-05 13:01:15,Pinellas,PIN,,,,,1797.0,957.0,45.0,667.0,14.0,3480.0
2026-08-05 13:01:15,Polk,POL,,,,,74.0,73.0,2.0,15.0,1.0,165.0
2026-08-05 13:01:15,Sarasota,SAR,,,,,129.0,68.0,5.0,18.0,0.0,220.0
2026-08-05 13:01:15,St. Johns,STJ,,,,,107.0,80.0,3.0,22.0,0.0,212.0
2026-08-05 13:01:15,Sumter,SUM,,,,,19.0,11.0,0.0,3.0,0.0,33.0
2026-08-05 13:01:15,Walton,WAL,,,,,0.0,6.0,0.0,0.0,0.0,6.0
2026-08-05 14:00:03,Brevard,BRE,,,,,0.0,0.0,0.0,1.0,0.0,1.0
2026-08-05 14:00:03,Citrus,CIT,,,,,62.0,125.0,2.0,39.0,2.0,230.0
2026-08-05 14:00:03,Clay,CLA,,,,,29.0,56.0,0.0,13.0,0.0,98.0
2026-08-05 14:00:03,Collier,CLL,,,,,0.0,1.0,0.0,0.0,0.0,1.0
2026-08-05 14:00:03,Escambia,ESC,,,,,3.0,6.0,1.0,6.0,0.0,16.0
2026-08-05 14:00:03,Flagler,FLA,,,,,149.0,134.0,3.0,40.0,0.0,326.0
2026-08-05 14:00:03,Franklin,FRA,,,,,4.0,2.0,1.0,0.0,0.0,7.0
2026-08-05 14:00:03,Gadsden,GAD,,,,,5.0,0.0,0.0,0.0,0.0,5.0
2026-08-05 14:00:03,Hernando,HER,,,,,1.0,3.0,0.0,0.0,0.0,4.0
2026-08-05 14:00:03,Hillsborough,HIL,,,,,634.0,395.0,6.0,120.0,3.0,1158.0
2026-08-05 14:00:03,Indian River,IND,,,,,2.0,13.0,0.0,2.0,0.0,17.0
2026-08-05 14:00:03,Lafayette,LAF,,,,,1.0,1.0,0.0,0.0,0.0,2.0
2026-08-05 14:00:03,Lake,LAK,,,,,36.0,56.0,0.0,14.0,0.0,106.0
2026-08-05 14:00:03,Lee,LEE,,,,,140.0,195.0,2.0,39.0,1.0,377.0
2026-08-05 14:00:03,Leon,LEO,,,,,36.0,6.0,1.0,10.0,0.0,53.0
2026-08-05 14:00:03,Liberty,LIB,,,,,0.0,1.0,0.0,0.0,0.0,1.0
2026-08-05 14:00:03,Manatee,MAN,,,,,49.0,109.0,0.0,3.0,0.0,161.0
2026-08-05 14:00:03,Marion,MRN,,,,,3.0,6.0,0.0,0.0,1.0,10.0
2026-08-05 14:00:03,Miami-Dade,DAD,,,,,0.0,2.0,1.0,0.0,0.0,3.0
2026-08-05 14:00:03,Monroe,MON,,,,,13.0,15.0,0.0,6.0,0.0,34.0
2026-08-05 14:00:03,Nassau,NAS,,,,,1.0,0.0,0.0,0.0,0.0,1.0
2026-08-05 14:00:03,Osceola,OSC,,,,,358.0,197.0,9.0,118.0,5.0,687.0
2026-08-05 14:00:03,Palm Beach,PAL,,,,,728.0,438.0,15.0,153.0,3.0,1337.0
2026-08-05 14:00:03,Pinellas,PIN,,,,,9.0,13.0,2.0,0.0,0.0,24.0
2026-08-05 14:00:03,Polk,POL,,,,,48.0,43.0,0.0,12.0,0.0,103.0
2026-08-05 14:00:03,Sarasota,SAR,,,,,344.0,264.0,8.0,69.0,1.0,686.0
2026-08-05 14:00:03,St. Johns,STJ,,,,,113.0,91.0,2.0,22.0,0.0,228.0
2026-08-05 14:00:03,Suwannee,SUW,,,,,0.0,1.0,0.0,0.0,0.0,1.0
2026-08-05 14:00:03,Wakulla,WAK,,,,,5.0,1.0,0.0,0.0,0.0,6.0
2026-08-05 15:00:31,Alachua,ALA,,,,,3.0,0.0,0.0,1.0,0.0,4.0
2026-08-05 15:00:31,Brevard,BRE,,,,,5.0,0.0,0.0,0.0,0.0,5.0
2026-08-05 15:00:31,Citrus,CIT,,,,,1.0,5.0,0.0,0.0,0.0,6.0
2026-08-05 15:00:31,Collier,CLL,,,,,0.0,1.0,0.0,0.0,0.0,1.0
2026-08-05 15:00:31,Duval,DUV,,,,,0.0,47.0,0.0,0.0,0.0,47.0
2026-08-05 15:00:31,Escambia,ESC,,,,,4.0,8.0,0.0,2.0,0.0,14.0
2026-08-05 15:00:31,Flagler,FLA,,,,,21.0,12.0,0.0,6.0,0.0,39.0
2026-08-05 15:00:31,Franklin,FRA,,,,,0.0,3.0,0.0,0.0,0.0,3.0
2026-08-05 15:00:31,Gilchrist,GIL,,,,,0.0,2.0,0.0,0.0,0.0,2.0
2026-08-05 15:00:31,Hamilton,HAM,,,,,0.0,2.0,0.0,0.0,0.0,2.0
2026-08-05 15:00:31,Hillsborough,HIL,,,,,8.0,8.0,0.0,0.0,0.0,16.0
2026-08-05 15:00:31,Holmes,HOL,,,,,2.0,2.0,0.0,0.0,0.0,4.0
2026-08-05 15:00:31,Lafayette,LAF,,,,,0.0,1.0,0.0,0.0,0.0,1.0
2026-08-05 15:00:31,Lake,LAK,,,,,73.0,98.0,0.0,13.0,0.0,184.0
2026-08-05 15:00:31,Lee,LEE,,,,,1.0,0.0,0.0,0.0,0.0,1.0
2026-08-05 15:00:31,Leon,LEO,,,,,3.0,0.0,0.0,0.0,0.0,3.0
2026-08-05 15:00:31,Manatee,MAN,,,,,120.0,92.0,1.0,12.0,0.0,225.0
2026-08-05 15:00:31,Monroe,MON,,,,,21.0,7.0,0.0,5.0,0.0,33.0
2026-08-05 15:00:31,Okaloosa,OKA,,,,,18.0,18.0,0.0,4.0,0.0,40.0
2026-08-05 15:00:31,Orange,ORA,,,,,56.0,29.0,1.0,21.0,1.0,108.0
2026-08-05 15:00:31,Palm Beach,PAL,,,,,537.0,224.0,16.0,89.0,1.0,867.0
2026-08-05 15:00:31,Pasco,PAS,,,,,2.0,2.0,0.0,1.0,0.0,5.0
2026-08-05 15:00:31,Pinellas,PIN,,,,,6.0,5.0,0.0,1.0,0.0,12.0
2026-08-05 15:00:31,Polk,POL,,,,,51.0,69.0,2.0,15.0,0.0,137.0
2026-08-05 15:00:31,Sarasota,SAR,,,,,189.0,203.0,12.0,55.0,0.0,459.0
2026-08-05 15:00:31,Seminole,SEM,,,,,2.0,4.0,0.0,0.0,0.0,6.0
2026-08-05 15:00:31,St. Johns,STJ,,,,,33.0,22.0,0.0,4.0,0.0,59.0
2026-08-05 15:00:31,Volusia,VOL,,,,,9.0,13.0,2.0,6.0,0.0,30.0
2026-08-05 15:00:31,Walton,WAL,,,,,0.0,4.0,0.0,0.0,0.0,4.0
2026-08-05 16:00:09,Bay,BAY,,,,,1.0,0.0,0.0,1.0,0.0,2.0
2026-08-05 16:00:09,Brevard,BRE,,,,,1.0,3.0,0.0,0.0,0.0,4.0
2026-08-05 16:00:09,Calhoun,CAL,,,,,2.0,2.0,0.0,0.0,0.0,4.0
2026-08-05 16:00:09,Charlotte,CHA,,,,,25.0,34.0,0.0,8.0,0.0,67.0
2026-08-05 16:00:09,Collier,CLL,,,,,1.0,1.0,0.0,0.0,0.0,2.0
2026-08-05 16:00:09,Duval,DUV,,,,,132.0,268.0,0.0,0.0,0.0,400.0
2026-08-05 16:00:09,Gadsden,GAD,,,,,2.0,0.0,0.0,0.0,0.0,2.0
2026-08-05 16:00:09,Hamilton,HAM,,,,,1.0,0.0,0.0,0.0,0.0,1.0
2026-08-05 16:00:09,Hillsborough,HIL,,,,,3.0,1.0,0.0,1.0,0.0,5.0
2026-08-05 16:00:09,Lake,LAK,,,,,176.0,172.0,2.0,63.0,2.0,415.0
2026-08-05 16:00:09,Leon,LEO,,,,,4.0,1.0,1.0,1.0,0.0,7.0
2026-08-05 16:00:09,Levy,LEV,,,,,22.0,42.0,0.0,3.0,0.0,67.0
2026-08-05 16:00:09,Manatee,MAN,,,,,125.0,154.0,0.0,12.0,0.0,291.0
2026-08-05 16:00:09,Miami-Dade,DAD,,,,,0.0,1.0,0.0,1.0,0.0,2.0
2026-08-05 16:00:09,Monroe,MON,,,,,10.0,9.0,0.0,2.0,0.0,21.0
2026-08-05 16:00:09,Okaloosa,OKA,,,,,8.0,22.0,0.0,0.0,0.0,30.0
2026-08-05 16:00:09,Orange,ORA,,,,,143.0,83.0,4.0,37.0,1.0,268.0
2026-08-05 16:00:09,Palm Beach,PAL,,,,,34.0,10.0,0.0,7.0,0.0,51.0
2026-08-05 16:00:09,Pasco,PAS,,,,,2.0,1.0,1.0,0.0,0.0,4.0
2026-08-05 16:00:09,Polk,POL,,,,,72.0,69.0,2.0,18.0,0.0,161.0
2026-08-05 16:00:09,Santa Rosa,SAN,,,,,15.0,18.0,1.0,3.0,0.0,37.0
2026-08-05 16:00:09,Sarasota,SAR,,,,,11.0,4.0,0.0,0.0,0.0,15.0
2026-08-05 16:00:09,Seminole,SEM,,,,,0.0,145.0,0.0,0.0,0.0,145.0
2026-08-05 16:00:09,St. Lucie,STL,,,,,47.0,24.0,0.0,3.0,0.0,74.0
2026-08-05 16:00:09,Sumter,SUM,,,,,31.0,30.0,0.0,5.0,0.0,66.0
2026-08-05 16:00:09,Taylor,TAY,,,,,1.0,2.0,0.0,1.0,0.0,4.0
2026-08-05 16:00:09,Walton,WAL,,,,,24.0,67.0,1.0,7.0,1.0,100.0
2026-08-05 17:00:48,Baker,BAK,,,,,11.0,30.0,0.0,1.0,0.0,42.0
2026-08-05 17:00:48,Broward,BRO,,,,,-7220.0,-2567.0,-145.0,-2056.0,-21.0,-12009.0
2026-08-05 17:00:48,Calhoun,CAL,,,,,11.0,5.0,0.0,0.0,0.0,16.0
2026-08-05 17:00:48,Citrus,CIT,,,,,16.0,16.0,1.0,4.0,0.0,37.0
2026-08-05 17:00:48,Collier,CLL,,,,,1.0,0.0,0.0,0.0,0.0,1.0
2026-08-05 17:00:48,DeSoto,DES,,,,,5.0,11.0,0.0,0.0,0.0,16.0
2026-08-05 17:00:48,Duval,DUV,,,,,313.0,0.0,14.0,72.0,1.0,400.0
2026-08-05 17:00:48,Glades,GLA,,,,,3.0,16.0,0.0,0.0,0.0,19.0
2026-08-05 17:00:48,Hendry,HEN,,,,,1.0,2.0,0.0,2.0,0.0,5.0
2026-08-05 17:00:48,Highlands,HIG,,,,,1.0,2.0,0.0,1.0,0.0,4.0
2026-08-05 17:00:48,Indian River,IND,,,,,45.0,36.0,1.0,11.0,0.0,93.0
2026-08-05 17:00:48,Jefferson,JEF,,,,,4.0,12.0,0.0,0.0,0.0,16.0
2026-08-05 17:00:48,Lafayette,LAF,,,,,0.0,5.0,0.0,0.0,0.0,5.0
2026-08-05 17:00:48,Lee,LEE,,,,,9.0,2.0,0.0,2.0,0.0,13.0
2026-08-05 17:00:48,Leon,LEO,,,,,72.0,17.0,1.0,6.0,0.0,96.0
2026-08-05 17:00:48,Madison,MAD,,,,,0.0,1.0,0.0,0.0,0.0,1.0
2026-08-05 17:00:48,Manatee,MAN,,,,,2.0,2.0,0.0,0.0,0.0,4.0
2026-08-05 17:00:48,Monroe,MON,,,,,53.0,70.0,3.0,10.0,1.0,137.0
2026-08-05 17:00:48,Okeechobee,OKE,,,,,12.0,5.0,0.0,0.0,0.0,17.0
2026-08-05 17:00:48,Orange,ORA,,,,,5.0,5.0,1.0,4.0,1.0,16.0
2026-08-05 17:00:48,Palm Beach,PAL,,,,,40.0,23.0,2.0,11.0,0.0,76.0
2026-08-05 17:00:48,Pasco,PAS,,,,,58.0,50.0,2.0,6.0,0.0,116.0
2026-08-05 17:00:48,Polk,POL,,,,,89.0,85.0,0.0,25.0,1.0,200.0
2026-08-05 17:00:48,Putnam,PUT,,,,,18.0,35.0,0.0,0.0,0.0,53.0
2026-08-05 17:00:48,Sarasota,SAR,,,,,3.0,8.0,0.0,2.0,0.0,13.0
2026-08-05 17:00:48,Seminole,SEM,,,,,286.0,173.0,7.0,63.0,2.0,531.0
2026-08-05 17:00:48,Sumter,SUM,,,,,13.0,12.0,0.0,4.0,0.0,29.0
2026-08-05 17:00:48,Walton,WAL,,,,,4.0,7.0,0.0,0.0,0.0,11.0
2026-08-05 18:02:01,Bay,BAY,,,,,0.0,3.0,2.0,0.0,0.0,5.0
2026-08-05 18:02:01,Bradford,BRA,,,,,31.0,233.0,0.0,2.0,0.0,266.0
2026-08-05 18:02:01,Broward,BRO,,,,,7220.0,2567.0,145.0,2056.0,21.0,12009.0
2026-08-05 18:02:01,Calhoun,CAL,,,,,36.0,120.0,0.0,3.0,0.0,159.0
2026-08-05 18:02:01,Escambia,ESC,,,,,8.0,7.0,0.0,5.0,0.0,20.0
2026-08-05 18:02:01,Hendry,HEN,,,,,86.0,285.0,0.0,23.0,1.0,395.0
2026-08-05 18:02:01,Highlands,HIG,,,,,11.0,30.0,0.0,0.0,0.0,41.0
2026-08-05 18:02:01,Hillsborough,HIL,,,,,3183.0,4474.0,59.0,584.0,21.0,8321.0
2026-08-05 18:02:01,Indian River,IND,,,,,4.0,4.0,0.0,1.0,0.0,9.0
2026-08-05 18:02:01,Jackson,JAC,,,,,6.0,8.0,0.0,0.0,0.0,14.0
2026-08-05 18:02:01,Jefferson,JEF,,,,,77.0,151.0,1.0,6.0,0.0,235.0
2026-08-05 18:02:01,Leon,LEO,,,,,1.0,0.0,0.0,0.0,0.0,1.0
2026-08-05 18:02:01,Miami-Dade,DAD,,,,,3575.0,2858.0,47.0,564.0,9.0,7053.0
2026-08-05 18:02:01,Monroe,MON,,,,,379.0,531.0,13.0,110.0,4.0,1037.0
2026-08-05 18:02:01,Orange,ORA,,,,,4310.0,3070.0,63.0,762.0,20.0,8225.0
2026-08-05 18:02:01,Palm Beach,PAL,,,,,86.0,21.0,1.0,15.0,0.0,123.0
2026-08-05 18:02:01,Polk,POL,,,,,93.0,94.0,3.0,26.0,0.0,216.0
2026-08-05 18:02:01,Putnam,PUT,,,,,218.0,703.0,0.0,30.0,2.0,953.0
2026-08-05 18:02:01,Santa Rosa,SAN,,,,,274.0,1531.0,11.0,85.0,4.0,1905.0
2026-08-05 18:02:01,Seminole,SEM,,,,,16.0,0.0,0.0,0.0,0.0,16.0
2026-08-05 19:01:45,Escambia,ESC,,,,,8.0,11.0,0.0,3.0,0.0,22.0
2026-08-05 19:01:45,Hillsborough,HIL,,,,,2.0,3.0,0.0,0.0,0.0,5.0
2026-08-05 19:01:45,Jackson,JAC,,,,,16.0,25.0,0.0,0.0,0.0,41.0
2026-08-05 19:01:45,Monroe,MON,,,,,2.0,6.0,0.0,2.0,0.0,10.0
2026-08-05 19:01:45,Orange,ORA,,,,,126.0,73.0,0.0,23.0,0.0,222.0
2026-08-05 19:01:45,Palm Beach,PAL,,,,,145.0,29.0,2.0,4.0,0.0,180.0
2026-08-05 19:01:45,Polk,POL,,,,,14.0,13.0,0.0,4.0,0.0,31.0
2026-08-05 19:01:45,Seminole,SEM,,,,,242.0,135.0,15.0,82.0,0.0,474.0
2026-08-05 21:25:02,Orange,ORA,,,,,345.0,108.0,1.0,39.0,0.0,493.0
2026-08-05 21:25:02,Palm Beach,PAL,,,,,15.0,6.0,0.0,3.0,0.0,24.0
2026-08-05 21:25:02,Seminole,SEM,,,,,1.0,2.0,1.0,13.0,0.0,17.0
2026-08-05 21:25:02,St. Lucie,STL,,,,,1.0,0.0,0.0,0.0,0.0,1.0
2026-08-05 21:25:02,Washington,WAS,,,,,9.0,47.0,0.0,1.0,1.0,58.0
2026-08-05 22:07:13,Alachua,ALA,,,,,190.0,71.0,3.0,31.0,1.0,296.0
2026-08-05 22:07:13,Baker,BAK,,,,,11.0,30.0,0.0,1.0,0.0,42.0
2026-08-05 22:07:13,Bay,BAY,,,,,17.0,28.0,2.0,4.0,0.0,51.0
2026-08-05 22:07:13,Bradford,BRA,,,,,34.0,240.0,0.0,2.0,0.0,276.0
2026-08-05 22:07:13,Brevard,BRE,,,,,842.0,668.0,37.0,200.0,7.0,1754.0
2026-08-05 22:07:13,Calhoun,CAL,,,,,49.0,127.0,0.0,3.0,0.0,179.0
2026-08-05 22:07:13,Charlotte,CHA,,,,,131.0,206.0,0.0,46.0,0.0,383.0
2026-08-05 22:07:13,Citrus,CIT,,,,,100.0,178.0,6.0,46.0,2.0,332.0
2026-08-05 22:07:13,Clay,CLA,,,,,112.0,205.0,4.0,42.0,0.0,363.0
2026-08-05 22:07:13,Collier,CLL,,,,,151.0,258.0,4.0,52.0,0.0,465.0
2026-08-05 22:07:13,Columbia,CLM,,,,,41.0,48.0,0.0,11.0,1.0,101.0
2026-08-05 22:07:13,DeSoto,DES,,,,,5.0,11.0,0.0,0.0,0.0,16.0
2026-08-05 22:07:13,Duval,DUV,,,,,479.0,333.0,14.0,83.0,1.0,910.0
2026-08-05 22:07:13,Escambia,ESC,,,,,36.0,55.0,2.0,20.0,0.0,113.0
2026-08-05 22:07:13,Flagler,FLA,,,,,170.0,146.0,3.0,46.0,0.0,365.0
2026-08-05 22:07:13,Franklin,FRA,,,,,6.0,5.0,1.0,0.0,0.0,12.0
2026-08-05 22:07:13,Gadsden,GAD,,,,,27.0,1.0,0.0,0.0,0.0,28.0
2026-08-05 22:07:13,Gilchrist,GIL,,,,,5.0,12.0,1.0,0.0,0.0,18.0
2026-08-05 22:07:13,Glades,GLA,,,,,3.0,16.0,0.0,0.0,0.0,19.0
2026-08-05 22:07:13,Hamilton,HAM,,,,,8.0,7.0,0.0,1.0,0.0,16.0
2026-08-05 22:07:13,Hendry,HEN,,,,,95.0,296.0,0.0,27.0,1.0,419.0
2026-08-05 22:07:13,Hernando,HER,,,,,194.0,219.0,6.0,62.0,0.0,481.0
2026-08-05 22:07:13,Highlands,HIG,,,,,37.0,64.0,4.0,9.0,0.0,114.0
2026-08-05 22:07:13,Hillsborough,HIL,,,,,3846.0,4900.0,65.0,712.0,24.0,9547.0
2026-08-05 22:07:13,Holmes,HOL,,,,,2.0,8.0,0.0,0.0,0.0,10.0
2026-08-05 22:07:13,Indian River,IND,,,,,112.0,136.0,3.0,29.0,1.0,281.0
2026-08-05 22:07:13,Jackson,JAC,,,,,22.0,33.0,0.0,0.0,0.0,55.0
2026-08-05 22:07:13,Jefferson,JEF,,,,,81.0,163.0,1.0,6.0,0.0,251.0
2026-08-05 22:07:13,Lafayette,LAF,,,,,1.0,7.0,0.0,0.0,0.0,8.0
2026-08-05 22:07:13,Lake,LAK,,,,,285.0,328.0,2.0,91.0,2.0,708.0
2026-08-05 22:07:13,Lee,LEE,,,,,1163.0,1824.0,63.0,554.0,15.0,3619.0
2026-08-05 22:07:13,Leon,LEO,,,,,248.0,88.0,3.0,39.0,0.0,378.0
2026-08-05 22:07:13,Levy,LEV,,,,,22.0,42.0,0.0,3.0,0.0,67.0
2026-08-05 22:07:13,Liberty,LIB,,,,,2.0,3.0,0.0,0.0,0.0,5.0
2026-08-05 22:07:13,Madison,MAD,,,,,4.0,3.0,0.0,0.0,0.0,7.0
2026-08-05 22:07:13,Manatee,MAN,,,,,343.0,408.0,1.0,30.0,0.0,782.0
2026-08-05 22:07:13,Marion,MRN,,,,,296.0,286.0,14.0,53.0,3.0,652.0
2026-08-05 22:07:13,Martin,MRT,,,,,87.0,89.0,3.0,8.0,0.0,187.0
2026-08-05 22:07:13,Miami-Dade,DAD,,,,,5891.0,4289.0,121.0,1373.0,15.0,11689.0
2026-08-05 22:07:13,Monroe,MON,,,,,482.0,642.0,16.0,136.0,5.0,1281.0
2026-08-05 22:07:13,Nassau,NAS,,,,,75.0,85.0,4.0,24.0,0.0,188.0
2026-08-05 22:07:13,Okaloosa,OKA,,,,,32.0,70.0,0.0,10.0,0.0,112.0
2026-08-05 22:07:13,Okeechobee,OKE,,,,,12.0,5.0,0.0,0.0,0.0,17.0
2026-08-05 22:07:13,Orange,ORA,,,,,5174.0,3420.0,72.0,935.0,23.0,9624.0
2026-08-05 22:07:13,Osceola,OSC,,,,,361.0,210.0,10.0,137.0,5.0,723.0
2026-08-05 22:07:13,Palm Beach,PAL,,,,,1733.0,809.0,41.0,320.0,4.0,2907.0
2026-08-05 22:07:13,Pasco,PAS,,,,,536.0,479.0,20.0,146.0,2.0,1183.0
2026-08-05 22:07:13,Pinellas,PIN,,,,,1813.0,1563.0,48.0,668.0,14.0,4106.0
2026-08-05 22:07:13,Polk,POL,,,,,457.0,461.0,10.0,118.0,2.0,1048.0
2026-08-05 22:07:13,Putnam,PUT,,,,,239.0,739.0,0.0,30.0,2.0,1010.0
2026-08-05 22:07:13,Santa Rosa,SAN,,,,,335.0,1626.0,15.0,103.0,6.0,2085.0
2026-08-05 22:07:13,Sarasota,SAR,,,,,838.0,729.0,38.0,192.0,3.0,1800.0
2026-08-05 22:07:13,Seminole,SEM,,,,,548.0,459.0,23.0,158.0,2.0,1190.0
2026-08-05 22:07:13,St. Johns,STJ,,,,,255.0,193.0,5.0,49.0,0.0,502.0
2026-08-05 22:07:13,St. Lucie,STL,,,,,122.0,80.0,3.0,22.0,0.0,227.0
2026-08-05 22:07:13,Sumter,SUM,,,,,174.0,262.0,6.0,68.0,0.0,510.0
2026-08-05 22:07:13,Suwannee,SUW,,,,,17.0,12.0,0.0,2.0,0.0,31.0
2026-08-05 22:07:13,Taylor,TAY,,,,,3.0,12.0,0.0,1.0,0.0,16.0
2026-08-05 22:07:13,Union,UNI,,,,,1.0,8.0,0.0,0.0,0.0,9.0
2026-08-05 22:07:13,Volusia,VOL,,,,,484.0,459.0,19.0,158.0,1.0,1121.0
2026-08-05 22:07:13,Wakulla,WAK,,,,,12.0,5.0,0.0,0.0,0.0,17.0
2026-08-05 22:07:13,Walton,WAL,,,,,29.0,84.0,1.0,7.0,1.0,122.0
2026-08-05 22:07:13,Washington,WAS,,,,,9.0,47.0,0.0,1.0,1.0,58.0
2026-08-06 11:37:52,Bradford,BRA,,,,,-31.0,-233.0,0.0,-2.0,0.0,-266.0
2026-08-06 11:37:52,Calhoun,CAL,,,,,-36.0,-120.0,0.0,-3.0,0.0,-159.0
2026-08-06 11:37:52,Hendry,HEN,,,,,-85.0,-285.0,0.0,-23.0,-1.0,-394.0
2026-08-06 11:37:52,Hillsborough,HIL,,,,,-3185.0,-4477.0,-59.0,-584.0,-21.0,-8326.0
2026-08-06 11:37:52,Jefferson,JEF,,,,,-77.0,-151.0,-1.0,-6.0,0.0,-235.0
2026-08-06 11:37:52,Miami-Dade,DAD,,,,,-3575.0,-2858.0,-47.0,-564.0,-9.0,-7053.0
2026-08-06 11:37:52,Monroe,MON,,,,,-357.0,-515.0,-12.0,-107.0,-3.0,-994.0
2026-08-06 11:37:52,Orange,ORA,,,,,-4412.0,-3143.0,-64.0,-779.0,-20.0,-8418.0
2026-08-06 11:37:52,Putnam,PUT,,,,,-213.0,-696.0,0.0,-30.0,-2.0,-941.0
2026-08-06 11:37:52,Santa Rosa,SAN,,,,,-272.0,-1530.0,-11.0,-82.0,-4.0,-1899.0
2026-08-06 11:37:52,Taylor,TAY,,,,,1.0,8.0,0.0,0.0,0.0,9.0
2026-08-06 08:16:10,Brevard,BRE,,,,,1.0,0.0,0.0,0.0,0.0,1.0
2026-08-06 08:16:10,Charlotte,CHA,,,,,28.0,18.0,1.0,3.0,0.0,50.0
2026-08-06 08:16:10,Duval,DUV,,,,,0.0,0.0,0.0,2.0,0.0,2.0
2026-08-06 08:16:10,Marion,MRN,,,,,1.0,0.0,0.0,0.0,0.0,1.0
2026-08-06 08:16:10,Seminole,SEM,,,,,1.0,1.0,0.0,0.0,0.0,2.0
2026-08-06 08:16:10,Sumter,SUM,,,,,1.0,0.0,0.0,0.0,0.0,1.0
2026-08-06 09:27:10,Bay,BAY,,,,,27.0,36.0,1.0,1.0,0.0,65.0
2026-08-06 09:27:10,Brevard,BRE,,,,,164.0,97.0,2.0,24.0,0.0,287.0
2026-08-06 09:27:10,Charlotte,CHA,,,,,123.0,183.0,6.0,66.0,0.0,378.0
2026-08-06 09:27:10,Collier,CLL,,,,,0.0,33.0,0.0,0.0,0.0,33.0
2026-08-06 09:27:10,DeSoto,DES,,,,,1.0,0.0,0.0,0.0,0.0,1.0
2026-08-06 09:27:10,Dixie,DIX,,,,,5.0,29.0,0.0,0.0,0.0,34.0
2026-08-06 09:27:10,Escambia,ESC,,,,,91.0,115.0,2.0,24.0,2.0,234.0
2026-08-06 09:27:10,Gadsden,GAD,,,,,4.0,0.0,0.0,0.0,0.0,4.0
2026-08-06 09:27:10,Gulf,GUL,,,,,4.0,20.0,0.0,0.0,0.0,24.0
2026-08-06 09:27:10,Hernando,HER,,,,,0.0,2.0,0.0,2.0,0.0,4.0
2026-08-06 09:27:10,Hillsborough,HIL,,,,,3.0,0.0,0.0,0.0,0.0,3.0
2026-08-06 09:27:10,Lee,LEE,,,,,98.0,229.0,10.0,51.0,1.0,389.0
2026-08-06 09:27:10,Leon,LEO,,,,,2.0,0.0,0.0,0.0,0.0,2.0
2026-08-06 09:27:10,Marion,MRN,,,,,2.0,4.0,0.0,3.0,0.0,9.0
2026-08-06 09:27:10,Miami-Dade,DAD,,,,,2.0,316.0,0.0,0.0,0.0,318.0
2026-08-06 09:27:10,Monroe,MON,,,,,4.0,1.0,0.0,0.0,0.0,5.0
2026-08-06 09:27:10,Okaloosa,OKA,,,,,6.0,25.0,1.0,4.0,0.0,36.0
2026-08-06 09:27:10,Santa Rosa,SAN,,,,,0.0,1.0,0.0,0.0,0.0,1.0
2026-08-06 09:27:10,Seminole,SEM,,,,,10.0,4.0,0.0,1.0,0.0,15.0
2026-08-06 09:27:10,Sumter,SUM,,,,,0.0,1.0,0.0,0.0,0.0,1.0
2026-08-06 11:03:18,Bradford,BRA,,,,,4.0,12.0,0.0,2.0,0.0,18.0
2026-08-06 11:03:18,Brevard,BRE,,,,,1.0,0.0,0.0,0.0,0.0,1.0
2026-08-06 11:03:18,Charlotte,CHA,,,,,2.0,0.0,0.0,0.0,0.0,2.0
2026-08-06 11:03:18,Clay,CLA,,,,,0.0,0.0,0.0,1.0,0.0,1.0
2026-08-06 11:03:18,Collier,CLL,,,,,442.0,915.0,13.0,174.0,2.0,1546.0
2026-08-06 11:03:18,Duval,DUV,,,,,3.0,0.0,0.0,0.0,0.0,3.0
2026-08-06 11:03:18,Escambia,ESC,,,,,210.0,289.0,6.0,51.0,1.0,557.0
2026-08-06 11:03:18,Franklin,FRA,,,,,9.0,10.0,0.0,4.0,0.0,23.0
2026-08-06 11:03:18,Gadsden,GAD,,,,,1.0,0.0,0.0,0.0,0.0,1.0
2026-08-06 11:03:18,Gilchrist,GIL,,,,,16.0,16.0,0.0,2.0,0.0,34.0
2026-08-06 11:03:18,Gulf,GUL,,,,,1.0,0.0,0.0,0.0,0.0,1.0
2026-08-06 11:03:18,Hamilton,HAM,,,,,9.0,7.0,0.0,2.0,0.0,18.0
2026-08-06 11:03:18,Hernando,HER,,,,,45.0,26.0,1.0,13.0,0.0,85.0
2026-08-06 11:03:18,Hillsborough,HIL,,,,,1017.0,701.0,23.0,273.0,5.0,2019.0
2026-08-06 11:03:18,Holmes,HOL,,,,,2.0,15.0,0.0,0.0,0.0,17.0
2026-08-06 11:03:18,Lake,LAK,,,,,25.0,66.0,2.0,7.0,0.0,100.0
2026-08-06 11:03:18,Lee,LEE,,,,,406.0,724.0,18.0,214.0,3.0,1365.0
2026-08-06 11:03:18,Leon,LEO,,,,,5.0,0.0,0.0,0.0,0.0,5.0
2026-08-06 11:03:18,Madison,MAD,,,,,0.0,4.0,0.0,0.0,0.0,4.0
2026-08-06 11:03:18,Miami-Dade,DAD,,,,,1713.0,738.0,33.0,527.0,1.0,3012.0
2026-08-06 11:03:18,Monroe,MON,,,,,1.0,3.0,0.0,0.0,0.0,4.0
2026-08-06 11:03:18,Orange,ORA,,,,,4.0,1.0,0.0,1.0,0.0,6.0
2026-08-06 11:03:18,Pasco,PAS,,,,,17.0,7.0,0.0,2.0,0.0,26.0
2026-08-06 11:03:18,Putnam,PUT,,,,,5.0,4.0,0.0,1.0,0.0,10.0
2026-08-06 11:03:18,Santa Rosa,SAN,,,,,12.0,20.0,0.0,3.0,0.0,35.0
2026-08-06 11:03:18,Sarasota,SAR,,,,,177.0,149.0,6.0,23.0,1.0,356.0
2026-08-06 11:03:18,Seminole,SEM,,,,,2.0,1.0,0.0,0.0,0.0,3.0
2026-08-06 11:03:18,Sumter,SUM,,,,,74.0,158.0,1.0,22.0,1.0,256.0
2026-08-06 11:03:18,Suwannee,SUW,,,,,16.0,30.0,0.0,1.0,0.0,47.0
2026-08-06 11:03:18,Volusia,VOL,,,,,106.0,131.0,4.0,33.0,0.0,274.0
2026-08-06 12:20:32,Alachua,ALA,,,,,283.0,116.0,9.0,58.0,1.0,467.0
2026-08-06 12:20:32,Brevard,BRE,,,,,734.0,419.0,21.0,206.0,6.0,1386.0
2026-08-06 12:20:32,Calhoun,CAL,,,,,2.0,14.0,0.0,1.0,0.0,17.0
2026-08-06 12:20:32,Charlotte,CHA,,,,,1.0,0.0,0.0,0.0,0.0,1.0
2026-08-06 12:20:32,Citrus,CIT,,,,,63.0,82.0,4.0,21.0,0.0,170.0
2026-08-06 12:20:32,Clay,CLA,,,,,102.0,147.0,1.0,20.0,0.0,270.0
2026-08-06 12:20:32,Collier,CLL,,,,,8.0,10.0,0.0,0.0,0.0,18.0
2026-08-06 12:20:32,Duval,DUV,,,,,1.0,0.0,0.0,0.0,0.0,1.0
2026-08-06 12:20:32,Escambia,ESC,,,,,102.0,112.0,3.0,19.0,1.0,237.0
2026-08-06 12:20:32,Gadsden,GAD,,,,,2.0,0.0,0.0,0.0,0.0,2.0
2026-08-06 12:20:32,Highlands,HIG,,,,,37.0,0.0,5.0,16.0,0.0,58.0
2026-08-06 12:20:32,Hillsborough,HIL,,,,,1261.0,1108.0,44.0,399.0,8.0,2820.0
2026-08-06 12:20:32,Holmes,HOL,,,,,3.0,16.0,0.0,1.0,0.0,20.0
2026-08-06 12:20:32,Indian River,IND,,,,,28.0,52.0,2.0,12.0,0.0,94.0
2026-08-06 12:20:32,Lake,LAK,,,,,1.0,0.0,0.0,0.0,0.0,1.0
2026-08-06 12:20:32,Lee,LEE,,,,,280.0,457.0,13.0,107.0,3.0,860.0
2026-08-06 12:20:32,Leon,LEO,,,,,259.0,156.0,2.0,61.0,1.0,479.0
2026-08-06 12:20:32,Madison,MAD,,,,,2.0,0.0,0.0,0.0,0.0,2.0
2026-08-06 12:20:32,Manatee,MAN,,,,,61.0,84.0,1.0,3.0,0.0,149.0
2026-08-06 12:20:32,Marion,MRN,,,,,231.0,254.0,5.0,42.0,0.0,532.0
2026-08-06 12:20:32,Martin,MRT,,,,,32.0,31.0,1.0,11.0,0.0,75.0
2026-08-06 12:20:32,Miami-Dade,DAD,,,,,54.0,34.0,4.0,26.0,1.0,119.0
2026-08-06 12:20:32,Monroe,MON,,,,,7.0,9.0,1.0,4.0,1.0,22.0
2026-08-06 12:20:32,Nassau,NAS,,,,,16.0,30.0,0.0,3.0,1.0,50.0
2026-08-06 12:20:32,Okaloosa,OKA,,,,,2.0,8.0,0.0,2.0,0.0,12.0
2026-08-06 12:20:32,Orange,ORA,,,,,1.0,0.0,0.0,2.0,0.0,3.0
2026-08-06 12:20:32,Palm Beach,PAL,,,,,337.0,204.0,6.0,87.0,3.0,637.0
2026-08-06 12:20:32,Pasco,PAS,,,,,253.0,375.0,0.0,2.0,0.0,630.0
2026-08-06 12:20:32,Pinellas,PIN,,,,,173.0,1674.0,0.0,1.0,0.0,1848.0
2026-08-06 12:20:32,Putnam,PUT,,,,,0.0,1.0,0.0,0.0,0.0,1.0
2026-08-06 12:20:32,Santa Rosa,SAN,,,,,9.0,12.0,0.0,0.0,0.0,21.0
2026-08-06 12:20:32,Sarasota,SAR,,,,,424.0,561.0,18.0,129.0,0.0,1132.0
2026-08-06 12:20:32,Seminole,SEM,,,,,18.0,99.0,0.0,0.0,0.0,117.0
2026-08-06 12:20:32,St. Johns,STJ,,,,,25.0,36.0,0.0,7.0,0.0,68.0
2026-08-06 12:20:32,Sumter,SUM,,,,,51.0,78.0,1.0,14.0,1.0,145.0
2026-08-06 12:20:32,Union,UNI,,,,,0.0,3.0,0.0,0.0,0.0,3.0
2026-08-06 12:20:32,Volusia,VOL,,,,,629.0,644.0,29.0,231.0,6.0,1539.0
2026-08-06 12:20:32,Wakulla,WAK,,,,,15.0,19.0,0.0,6.0,0.0,40.0
2026-08-06 12:20:32,Walton,WAL,,,,,1.0,0.0,0.0,0.0,0.0,1.0
2026-08-06 12:20:32,Washington,WAS,,,,,15.0,18.0,0.0,2.0,0.0,35.0
2026-08-06 13:24:43,Alachua,ALA,,,,,1.0,0.0,0.0,0.0,0.0,1.0
2026-08-06 13:24:43,Brevard,BRE,,,,,0.0,273.0,0.0,0.0,0.0,273.0
2026-08-06 13:24:43,Calhoun,CAL,,,,,0.0,2.0,0.0,0.0,0.0,2.0
2026-08-06 13:24:43,Charlotte,CHA,,,,,-1.0,0.0,0.0,0.0,0.0,-1.0
2026-08-06 13:24:43,Citrus,CIT,,,,,39.0,91.0,2.0,18.0,1.0,151.0
2026-08-06 13:24:43,Duval,DUV,,,,,2.0,3.0,0.0,1.0,0.0,6.0
2026-08-06 13:24:43,Escambia,ESC,,,,,34.0,59.0,1.0,8.0,1.0,103.0
2026-08-06 13:24:43,Gadsden,GAD,,,,,33.0,4.0,0.0,2.0,0.0,39.0
2026-08-06 13:24:43,Highlands,HIG,,,,,0.0,13.0,0.0,0.0,0.0,13.0
2026-08-06 13:24:43,Hillsborough,HIL,,,,,2.0,6.0,0.0,0.0,0.0,8.0
2026-08-06 13:24:43,Indian River,IND,,,,,50.0,57.0,0.0,10.0,0.0,117.0
2026-08-06 13:24:43,Lake,LAK,,,,,3.0,1.0,0.0,1.0,0.0,5.0
2026-08-06 13:24:43,Lee,LEE,,,,,124.0,145.0,3.0,37.0,0.0,309.0
2026-08-06 13:24:43,Leon,LEO,,,,,1.0,2.0,0.0,1.0,0.0,4.0
2026-08-06 13:24:43,Liberty,LIB,,,,,1.0,0.0,0.0,0.0,0.0,1.0
2026-08-06 13:24:43,Madison,MAD,,,,,0.0,3.0,0.0,0.0,0.0,3.0
2026-08-06 13:24:43,Manatee,MAN,,,,,33.0,0.0,0.0,0.0,0.0,33.0
2026-08-06 13:24:43,Marion,MRN,,,,,24.0,7.0,1.0,15.0,1.0,48.0
2026-08-06 13:24:43,Martin,MRT,,,,,61.0,65.0,5.0,16.0,0.0,147.0
2026-08-06 13:24:43,Miami-Dade,DAD,,,,,37.0,39.0,3.0,16.0,1.0,96.0
2026-08-06 13:24:43,Monroe,MON,,,,,27.0,23.0,1.0,8.0,0.0,59.0
2026-08-06 13:24:43,Nassau,NAS,,,,,35.0,58.0,2.0,10.0,0.0,105.0
2026-08-06 13:24:43,Okaloosa,OKA,,,,,1.0,0.0,0.0,0.0,0.0,1.0
2026-08-06 13:24:43,Orange,ORA,,,,,0.0,1.0,0.0,0.0,0.0,1.0
2026-08-06 13:24:43,Osceola,OSC,,,,,389.0,273.0,10.0,154.0,1.0,827.0
2026-08-06 13:24:43,Palm Beach,PAL,,,,,882.0,621.0,24.0,182.0,1.0,1710.0
2026-08-06 13:24:43,Pasco,PAS,,,,,168.0,0.0,13.0,140.0,4.0,325.0
2026-08-06 13:24:43,Pinellas,PIN,,,,,1556.0,2.0,52.0,623.0,7.0,2240.0
2026-08-06 13:24:43,Santa Rosa,SAN,,,,,4.0,5.0,0.0,1.0,0.0,10.0
2026-08-06 13:24:43,Seminole,SEM,,,,,82.0,136.0,0.0,1.0,0.0,219.0
2026-08-06 13:24:43,St. Johns,STJ,,,,,74.0,82.0,2.0,15.0,1.0,174.0
2026-08-06 13:24:43,Sumter,SUM,,,,,71.0,99.0,3.0,20.0,1.0,194.0
2026-08-06 13:24:43,Wakulla,WAK,,,,,1.0,0.0,0.0,0.0,0.0,1.0
2026-08-06 17:20:05,Alachua,ALA,,,,,1.0,2.0,0.0,2.0,0.0,5.0
2026-08-06 17:20:05,Baker,BAK,,,,,2.0,16.0,0.0,1.0,0.0,19.0
2026-08-06 17:20:05,Bay,BAY,,,,,51.0,121.0,2.0,18.0,0.0,192.0
2026-08-06 17:20:05,Brevard,BRE,,,,,8.0,7.0,0.0,2.0,0.0,17.0
2026-08-06 17:20:05,Calhoun,CAL,,,,,0.0,3.0,0.0,0.0,0.0,3.0
2026-08-06 17:20:05,Charlotte,CHA,,,,,19.0,37.0,4.0,2.0,0.0,62.0
2026-08-06 17:20:05,Citrus,CIT,,,,,58.0,69.0,3.0,6.0,0.0,136.0
2026-08-06 17:20:05,Columbia,CLM,,,,,21.0,27.0,0.0,1.0,2.0,51.0
2026-08-06 17:20:05,Dixie,DIX,,,,,3.0,27.0,2.0,0.0,0.0,32.0
2026-08-06 17:20:05,Duval,DUV,,,,,505.0,337.0,7.0,42.0,1.0,892.0
2026-08-06 17:20:05,Escambia,ESC,,,,,1.0,0.0,0.0,0.0,0.0,1.0
2026-08-06 17:20:05,Flagler,FLA,,,,,180.0,118.0,2.0,37.0,2.0,339.0
2026-08-06 17:20:05,Gadsden,GAD,,,,,19.0,2.0,0.0,0.0,0.0,21.0
2026-08-06 17:20:05,Gilchrist,GIL,,,,,1.0,3.0,0.0,0.0,0.0,4.0
2026-08-06 17:20:05,Glades,GLA,,,,,5.0,16.0,0.0,2.0,0.0,23.0
2026-08-06 17:20:05,Hamilton,HAM,,,,,2.0,2.0,0.0,1.0,0.0,5.0
2026-08-06 17:20:05,Hendry,HEN,,,,,1.0,4.0,0.0,1.0,0.0,6.0
2026-08-06 17:20:05,Hernando,HER,,,,,20.0,8.0,3.0,4.0,0.0,35.0
2026-08-06 17:20:05,Highlands,HIG,,,,,18.0,87.0,2.0,7.0,0.0,114.0
2026-08-06 17:20:05,Hillsborough,HIL,,,,,31.0,37.0,3.0,14.0,0.0,85.0
2026-08-06 17:20:05,Holmes,HOL,,,,,0.0,2.0,0.0,0.0,0.0,2.0
2026-08-06 17:20:05,Indian River,IND,,,,,122.0,157.0,1.0,28.0,1.0,309.0
2026-08-06 17:20:05,Jackson,JAC,,,,,9.0,22.0,0.0,0.0,0.0,31.0
2026-08-06 17:20:05,Jefferson,JEF,,,,,18.0,9.0,0.0,1.0,0.0,28.0
2026-08-06 17:20:05,Lafayette,LAF,,,,,0.0,4.0,0.0,0.0,0.0,4.0
2026-08-06 17:20:05,Lake,LAK,,,,,237.0,270.0,9.0,80.0,0.0,596.0
2026-08-06 17:20:05,Lee,LEE,,,,,73.0,64.0,0.0,16.0,0.0,153.0
2026-08-06 17:20:05,Leon,LEO,,,,,73.0,10.0,0.0,8.0,0.0,91.0
2026-08-06 17:20:05,Levy,LEV,,,,,16.0,55.0,2.0,6.0,2.0,81.0
2026-08-06 17:20:05,Liberty,LIB,,,,,0.0,3.0,0.0,0.0,0.0,3.0
2026-08-06 17:20:05,Madison,MAD,,,,,2.0,1.0,0.0,0.0,0.0,3.0
2026-08-06 17:20:05,Manatee,MAN,,,,,202.0,180.0,2.0,21.0,0.0,405.0
2026-08-06 17:20:05,Marion,MRN,,,,,0.0,1.0,0.0,0.0,0.0,1.0
2026-08-06 17:20:05,Martin,MRT,,,,,151.0,192.0,3.0,36.0,0.0,382.0
2026-08-06 17:20:05,Miami-Dade,DAD,,,,,1.0,3.0,0.0,3.0,0.0,7.0
2026-08-06 17:20:05,Monroe,MON,,,,,43.0,46.0,0.0,8.0,0.0,97.0
2026-08-06 17:20:05,Okaloosa,OKA,,,,,82.0,122.0,0.0,14.0,1.0,219.0
2026-08-06 17:20:05,Okeechobee,OKE,,,,,6.0,24.0,0.0,0.0,0.0,30.0
2026-08-06 17:20:05,Orange,ORA,,,,,2085.0,1428.0,59.0,706.0,27.0,4305.0
2026-08-06 17:20:05,Osceola,OSC,,,,,46.0,2.0,0.0,0.0,0.0,48.0
2026-08-06 17:20:05,Palm Beach,PAL,,,,,732.0,340.0,17.0,136.0,2.0,1227.0
2026-08-06 17:20:05,Pasco,PAS,,,,,35.0,25.0,2.0,11.0,1.0,74.0
2026-08-06 17:20:05,Pinellas,PIN,,,,,15.0,5.0,0.0,4.0,0.0,24.0
2026-08-06 17:20:05,Polk,POL,,,,,200.0,166.0,4.0,52.0,4.0,426.0
2026-08-06 17:20:05,Putnam,PUT,,,,,28.0,54.0,2.0,4.0,0.0,88.0
2026-08-06 17:20:05,Santa Rosa,SAN,,,,,19.0,43.0,3.0,5.0,0.0,70.0
2026-08-06 17:20:05,Sarasota,SAR,,,,,17.0,12.0,0.0,3.0,0.0,32.0
2026-08-06 17:20:05,Seminole,SEM,,,,,210.0,62.0,13.0,108.0,1.0,394.0
2026-08-06 17:20:05,St. Johns,STJ,,,,,84.0,85.0,0.0,10.0,0.0,179.0
2026-08-06 17:20:05,St. Lucie,STL,,,,,556.0,372.0,15.0,176.0,3.0,1122.0
2026-08-06 17:20:05,Sumter,SUM,,,,,55.0,92.0,1.0,12.0,0.0,160.0
2026-08-06 17:20:05,Suwannee,SUW,,,,,3.0,5.0,0.0,0.0,0.0,8.0
2026-08-06 17:20:05,Taylor,TAY,,,,,2.0,0.0,0.0,0.0,0.0,2.0
2026-08-06 17:20:05,Union,UNI,,,,,3.0,1.0,0.0,0.0,0.0,4.0
2026-08-06 17:20:05,Volusia,VOL,,,,,-1.0,0.0,0.0,0.0,0.0,-1.0
2026-08-06 17:20:05,Wakulla,WAK,,,,,5.0,8.0,1.0,2.0,0.0,16.0
2026-08-06 17:20:05,Walton,WAL,,,,,27.0,62.0,0.0,9.0,0.0,98.0
2026-08-06 17:20:05,Washington,WAS,,,,,2.0,1.0,0.0,0.0,0.0,3.0
2026-08-06 18:51:34,Bay,BAY,,,,,35.0,70.0,0.0,14.0,0.0,119.0
2026-08-06 18:51:34,Bradford,BRA,,,,,43.0,286.0,0.0,2.0,0.0,331.0
2026-08-06 18:51:34,Calhoun,CAL,,,,,52.0,165.0,0.0,5.0,0.0,222.0
2026-08-06 18:51:34,Duval,DUV,,,,,0.0,0.0,1.0,8.0,0.0,9.0
2026-08-06 18:51:34,Gadsden,GAD,,,,,1.0,0.0,0.0,0.0,0.0,1.0
2026-08-06 18:51:34,Hardee,HAR,,,,,16.0,79.0,1.0,1.0,1.0,98.0
2026-08-06 18:51:34,Hendry,HEN,,,,,118.0,373.0,1.0,27.0,1.0,520.0
2026-08-06 18:51:34,Highlands,HIG,,,,,55.0,228.0,1.0,11.0,1.0,296.0
2026-08-06 18:51:34,Hillsborough,HIL,,,,,4175.0,5831.0,70.0,748.0,29.0,10853.0
2026-08-06 18:51:34,Jackson,JAC,,,,,28.0,135.0,0.0,4.0,1.0,168.0
2026-08-06 18:51:34,Jefferson,JEF,,,,,101.0,188.0,2.0,9.0,0.0,300.0
2026-08-06 18:51:34,Lake,LAK,,,,,84.0,92.0,2.0,15.0,0.0,193.0
2026-08-06 18:51:34,Leon,LEO,,,,,8.0,0.0,0.0,1.0,0.0,9.0
2026-08-06 18:51:34,Levy,LEV,,,,,18.0,102.0,1.0,2.0,1.0,124.0
2026-08-06 18:51:34,Miami-Dade,DAD,,,,,4721.0,3850.0,58.0,763.0,12.0,9404.0
2026-08-06 18:51:34,Monroe,MON,,,,,447.0,649.0,13.0,133.0,7.0,1249.0
2026-08-06 18:51:34,Nassau,NAS,,,,,150.0,645.0,19.0,116.0,3.0,933.0
2026-08-06 18:51:34,Orange,ORA,,,,,5551.0,3921.0,81.0,985.0,26.0,10564.0
2026-08-06 18:51:34,Palm Beach,PAL,,,,,209.0,43.0,0.0,15.0,0.0,267.0
2026-08-06 18:51:34,Polk,POL,,,,,74.0,81.0,4.0,29.0,1.0,189.0
2026-08-06 18:51:34,Putnam,PUT,,,,,264.0,912.0,1.0,38.0,2.0,1217.0
2026-08-06 18:51:34,Santa Rosa,SAN,,,,,348.0,2018.0,14.0,116.0,4.0,2500.0
2026-08-06 18:51:34,Seminole,SEM,,,,,43.0,30.0,3.0,17.0,1.0,94.0
2026-08-06 20:52:49,Lake,LAK,,,,,47.0,162.0,1.0,9.0,2.0,221.0
2026-08-06 20:52:49,Orange,ORA,,,,,17.0,8.0,0.0,2.0,0.0,27.0
2026-08-06 20:52:49,Polk,POL,,,,,96.0,88.0,2.0,25.0,0.0,211.0
2026-08-06 23:49:13,Palm Beach,PAL,,,,,5.0,2.0,0.0,0.0,0.0,7.0
2026-08-07 06:07:14,Flagler,FLA,,,,,-2469.0,-2369.0,-89.0,-853.0,-17.0,-5797.0
2026-08-07 07:45:17,Flagler,FLA,,,,,2469.0,2369.0,89.0,853.0,17.0,5797.0
2026-08-07 07:45:17,Lake,LAK,,,,,0.0,1.0,0.0,0.0,0.0,1.0
2026-08-07 07:45:17,Miami-Dade,DAD,,,,,47.0,20.0,1.0,9.0,0.0,77.0
2026-08-07 07:45:17,Taylor,TAY,,,,,5.0,4.0,0.0,0.0,0.0,9.0
2026-08-07 09:03:06,Brevard,BRE,,,,,199.0,94.0,2.0,26.0,0.0,321.0
2026-08-07 09:03:06,Calhoun,CAL,,,,,0.0,-1.0,0.0,0.0,0.0,-1.0
2026-08-07 09:03:06,Charlotte,CHA,,,,,242.0,356.0,12.0,91.0,3.0,704.0
2026-08-07 09:03:06,Collier,CLL,,,,,0.0,1.0,0.0,0.0,0.0,1.0
2026-08-07 09:03:06,Duval,DUV,,,,,3.0,2.0,1.0,0.0,0.0,6.0
2026-08-07 09:03:06,Escambia,ESC,,,,,8.0,16.0,0.0,5.0,0.0,29.0
2026-08-07 09:03:06,Gilchrist,GIL,,,,,0.0,1.0,0.0,0.0,0.0,1.0
2026-08-07 09:03:06,Hardee,HAR,,,,,1.0,9.0,0.0,0.0,0.0,10.0
2026-08-07 09:03:06,Highlands,HIG,,,,,4.0,21.0,0.0,1.0,0.0,26.0
2026-08-07 09:03:06,Hillsborough,HIL,,,,,0.0,1.0,0.0,1.0,-1.0,1.0
2026-08-07 09:03:06,Jefferson,JEF,,,,,1.0,7.0,0.0,0.0,0.0,8.0
2026-08-07 09:03:06,Lake,LAK,,,,,0.0,0.0,0.0,1.0,0.0,1.0
2026-08-07 09:03:06,Lee,LEE,,,,,24.0,50.0,1.0,10.0,0.0,85.0
2026-08-07 09:03:06,Leon,LEO,,,,,0.0,0.0,0.0,1.0,0.0,1.0
2026-08-07 09:03:06,Levy,LEV,,,,,3.0,11.0,0.0,0.0,0.0,14.0
2026-08-07 09:03:06,Madison,MAD,,,,,2.0,1.0,0.0,0.0,0.0,3.0
2026-08-07 09:03:06,Manatee,MAN,,,,,32.0,66.0,0.0,6.0,0.0,104.0
2026-08-07 09:03:06,Miami-Dade,DAD,,,,,118.0,85.0,0.0,22.0,0.0,225.0
2026-08-07 09:03:06,Monroe,MON,,,,,4.0,8.0,1.0,2.0,0.0,15.0
2026-08-07 09:03:06,Orange,ORA,,,,,99.0,35.0,5.0,23.0,0.0,162.0
2026-08-07 09:03:06,Palm Beach,PAL,,,,,3.0,0.0,0.0,0.0,0.0,3.0
2026-08-07 09:03:06,Pasco,PAS,,,,,1.0,1.0,0.0,0.0,0.0,2.0
2026-08-07 09:03:06,Putnam,PUT,,,,,3.0,9.0,0.0,1.0,0.0,13.0
2026-08-07 09:03:06,Seminole,SEM,,,,,3.0,4.0,0.0,1.0,0.0,8.0
2026-08-07 09:03:06,Sumter,SUM,,,,,1.0,2.0,0.0,0.0,0.0,3.0
2026-08-07 10:53:04,Alachua,ALA,,,,,123.0,83.0,0.0,14.0,2.0,222.0
2026-08-07 10:53:04,Bay,BAY,,,,,56.0,104.0,1.0,16.0,2.0,179.0
2026-08-07 10:53:04,Bradford,BRA,,,,,2.0,23.0,0.0,0.0,0.0,25.0
2026-08-07 10:53:04,Brevard,BRE,,,,,2.0,0.0,0.0,0.0,0.0,2.0
2026-08-07 10:53:04,Calhoun,CAL,,,,,0.0,8.0,0.0,1.0,0.0,9.0
2026-08-07 10:53:04,Charlotte,CHA,,,,,65.0,125.0,6.0,36.0,1.0,233.0
2026-08-07 10:53:04,Citrus,CIT,,,,,44.0,266.0,3.0,17.0,0.0,330.0
2026-08-07 10:53:04,Collier,CLL,,,,,84.0,597.0,0.0,2.0,0.0,683.0
2026-08-07 10:53:04,Columbia,CLM,,,,,35.0,56.0,1.0,8.0,0.0,100.0
2026-08-07 10:53:04,Duval,DUV,,,,,380.0,391.0,9.0,105.0,5.0,890.0
2026-08-07 10:53:04,Escambia,ESC,,,,,96.0,108.0,3.0,15.0,1.0,223.0
2026-08-07 10:53:04,Franklin,FRA,,,,,3.0,0.0,0.0,0.0,0.0,3.0
2026-08-07 10:53:04,Gadsden,GAD,,,,,2.0,0.0,0.0,0.0,0.0,2.0
2026-08-07 10:53:04,Gilchrist,GIL,,,,,4.0,17.0,0.0,0.0,0.0,21.0
2026-08-07 10:53:04,Hamilton,HAM,,,,,5.0,6.0,0.0,0.0,0.0,11.0
2026-08-07 10:53:04,Hardee,HAR,,,,,6.0,29.0,0.0,1.0,0.0,36.0
2026-08-07 10:53:04,Hendry,HEN,,,,,4.0,35.0,0.0,4.0,0.0,43.0
2026-08-07 10:53:04,Hernando,HER,,,,,131.0,133.0,4.0,46.0,1.0,315.0
2026-08-07 10:53:04,Highlands,HIG,,,,,23.0,85.0,0.0,6.0,0.0,114.0
2026-08-07 10:53:04,Hillsborough,HIL,,,,,169.0,234.0,0.0,33.0,4.0,440.0
2026-08-07 10:53:04,Jackson,JAC,,,,,5.0,26.0,0.0,0.0,1.0,32.0
2026-08-07 10:53:04,Jefferson,JEF,,,,,6.0,12.0,0.0,0.0,0.0,18.0
2026-08-07 10:53:04,Lake,LAK,,,,,1.0,2.0,0.0,0.0,0.0,3.0
2026-08-07 10:53:04,Lee,LEE,,,,,301.0,561.0,15.0,169.0,3.0,1049.0
2026-08-07 10:53:04,Leon,LEO,,,,,1.0,0.0,0.0,0.0,0.0,1.0
2026-08-07 10:53:04,Levy,LEV,,,,,2.0,41.0,0.0,4.0,1.0,48.0
2026-08-07 10:53:04,Madison,MAD,,,,,4.0,9.0,0.0,4.0,1.0,18.0
2026-08-07 10:53:04,Manatee,MAN,,,,,164.0,215.0,2.0,17.0,1.0,399.0
2026-08-07 10:53:04,Miami-Dade,DAD,,,,,1860.0,1200.0,24.0,595.0,4.0,3683.0
2026-08-07 10:53:04,Monroe,MON,,,,,31.0,39.0,0.0,8.0,0.0,78.0
2026-08-07 10:53:04,Nassau,NAS,,,,,31.0,177.0,5.0,21.0,0.0,234.0
2026-08-07 10:53:04,Okaloosa,OKA,,,,,18.0,21.0,0.0,5.0,0.0,44.0
2026-08-07 10:53:04,Orange,ORA,,,,,553.0,325.0,13.0,106.0,3.0,1000.0
2026-08-07 10:53:04,Osceola,OSC,,,,,94.0,86.0,2.0,18.0,1.0,201.0
2026-08-07 10:53:04,Pasco,PAS,,,,,1.0,1.0,0.0,0.0,0.0,2.0
2026-08-07 10:53:04,Pinellas,PIN,,,,,3.0,4.0,0.0,1.0,0.0,8.0
2026-08-07 10:53:04,Polk,POL,,,,,19.0,32.0,1.0,6.0,0.0,58.0
2026-08-07 10:53:04,Putnam,PUT,,,,,23.0,62.0,0.0,4.0,0.0,89.0
2026-08-07 10:53:04,Santa Rosa,SAN,,,,,32.0,108.0,1.0,3.0,0.0,144.0
2026-08-07 10:53:04,Sarasota,SAR,,,,,138.0,112.0,4.0,17.0,0.0,271.0
2026-08-07 10:53:04,Seminole,SEM,,,,,2.0,1.0,0.0,0.0,0.0,3.0
2026-08-07 10:53:04,St. Lucie,STL,,,,,11.0,5.0,0.0,3.0,0.0,19.0
2026-08-07 10:53:04,Sumter,SUM,,,,,2.0,2.0,0.0,0.0,0.0,4.0
2026-08-07 10:53:04,Volusia,VOL,,,,,31.0,47.0,0.0,4.0,0.0,82.0
2026-08-07 10:53:04,Wakulla,WAK,,,,,5.0,16.0,0.0,2.0,0.0,23.0
2026-08-07 10:53:04,Washington,WAS,,,,,1.0,4.0,0.0,0.0,0.0,5.0
2026-08-07 11:56:10,Alachua,ALA,,,,,416.0,181.0,5.0,78.0,1.0,681.0
2026-08-07 11:56:10,Bay,BAY,,,,,0.0,1.0,0.0,1.0,0.0,2.0
2026-08-07 11:56:10,Bradford,BRA,,,,,7.0,21.0,0.0,0.0,0.0,28.0
2026-08-07 11:56:10,Brevard,BRE,,,,,580.0,487.0,16.0,149.0,2.0,1234.0
2026-08-07 11:56:10,Calhoun,CAL,,,,,2.0,4.0,0.0,0.0,0.0,6.0
2026-08-07 11:56:10,Charlotte,CHA,,,,,0.0,1.0,1.0,0.0,0.0,2.0
2026-08-07 11:56:10,Citrus,CIT,,,,,32.0,176.0,3.0,17.0,0.0,228.0
2026-08-07 11:56:10,Clay,CLA,,,,,0.0,1.0,0.0,0.0,0.0,1.0
2026-08-07 11:56:10,Collier,CLL,,,,,181.0,4.0,15.0,102.0,1.0,303.0
2026-08-07 11:56:10,Duval,DUV,,,,,268.0,268.0,0.0,31.0,3.0,570.0
2026-08-07 11:56:10,Escambia,ESC,,,,,7.0,12.0,0.0,3.0,0.0,22.0
2026-08-07 11:56:10,Franklin,FRA,,,,,6.0,11.0,0.0,0.0,0.0,17.0
2026-08-07 11:56:10,Gadsden,GAD,,,,,1.0,1.0,0.0,0.0,0.0,2.0
2026-08-07 11:56:10,Gilchrist,GIL,,,,,0.0,2.0,0.0,0.0,0.0,2.0
2026-08-07 11:56:10,Hardee,HAR,,,,,3.0,16.0,0.0,2.0,0.0,21.0
2026-08-07 11:56:10,Hendry,HEN,,,,,11.0,32.0,0.0,4.0,1.0,48.0
2026-08-07 11:56:10,Hernando,HER,,,,,82.0,85.0,5.0,24.0,0.0,196.0
2026-08-07 11:56:10,Highlands,HIG,,,,,14.0,75.0,1.0,6.0,0.0,96.0
2026-08-07 11:56:10,Hillsborough,HIL,,,,,700.0,500.0,7.0,151.0,6.0,1364.0
2026-08-07 11:56:10,Holmes,HOL,,,,,0.0,10.0,1.0,1.0,0.0,12.0
2026-08-07 11:56:10,Indian River,IND,,,,,15.0,17.0,0.0,5.0,0.0,37.0
2026-08-07 11:56:10,Jackson,JAC,,,,,2.0,29.0,0.0,1.0,0.0,32.0
2026-08-07 11:56:10,Jefferson,JEF,,,,,2.0,4.0,0.0,0.0,0.0,6.0
2026-08-07 11:56:10,Lee,LEE,,,,,190.0,291.0,10.0,91.0,1.0,583.0
2026-08-07 11:56:10,Levy,LEV,,,,,5.0,18.0,0.0,0.0,0.0,23.0
2026-08-07 11:56:10,Liberty,LIB,,,,,1.0,4.0,0.0,0.0,0.0,5.0
2026-08-07 11:56:10,Manatee,MAN,,,,,114.0,135.0,1.0,8.0,0.0,258.0
2026-08-07 11:56:10,Marion,MRN,,,,,3.0,1.0,0.0,0.0,0.0,4.0
2026-08-07 11:56:10,Martin,MRT,,,,,41.0,69.0,3.0,23.0,0.0,136.0
2026-08-07 11:56:10,Miami-Dade,DAD,,,,,220.0,216.0,4.0,48.0,0.0,488.0
2026-08-07 11:56:10,Monroe,MON,,,,,24.0,12.0,1.0,5.0,1.0,43.0
2026-08-07 11:56:10,Nassau,NAS,,,,,18.0,99.0,1.0,10.0,0.0,128.0
2026-08-07 11:56:10,Orange,ORA,,,,,217.0,170.0,2.0,47.0,2.0,438.0
2026-08-07 11:56:10,Osceola,OSC,,,,,96.0,78.0,2.0,23.0,2.0,201.0
2026-08-07 11:56:10,Pasco,PAS,,,,,3.0,3.0,0.0,1.0,0.0,7.0
2026-08-07 11:56:10,Polk,POL,,,,,23.0,11.0,0.0,8.0,0.0,42.0
2026-08-07 11:56:10,Putnam,PUT,,,,,14.0,36.0,0.0,0.0,1.0,51.0
2026-08-07 11:56:10,Santa Rosa,SAN,,,,,8.0,87.0,0.0,2.0,0.0,97.0
2026-08-07 11:56:10,Sarasota,SAR,,,,,1.0,16.0,0.0,1.0,0.0,18.0
2026-08-07 11:56:10,Seminole,SEM,,,,,0.0,0.0,0.0,1.0,0.0,1.0
2026-08-07 11:56:10,St. Lucie,STL,,,,,155.0,0.0,0.0,0.0,0.0,155.0
2026-08-07 11:56:10,Sumter,SUM,,,,,19.0,20.0,0.0,3.0,0.0,42.0
2026-08-07 11:56:10,Volusia,VOL,,,,,452.0,394.0,24.0,166.0,6.0,1042.0
2026-08-07 11:56:10,Washington,WAS,,,,,4.0,16.0,0.0,0.0,0.0,20.0
2026-08-07 12:56:15,Alachua,ALA,,,,,71.0,38.0,1.0,5.0,2.0,117.0
2026-08-07 12:56:15,Bay,BAY,,,,,0.0,4.0,0.0,0.0,0.0,4.0
2026-08-07 12:56:15,Bradford,BRA,,,,,0.0,18.0,0.0,0.0,0.0,18.0
2026-08-07 12:56:15,Brevard,BRE,,,,,1.0,1.0,0.0,0.0,0.0,2.0
2026-08-07 12:56:15,Calhoun,CAL,,,,,1.0,10.0,0.0,0.0,0.0,11.0
2026-08-07 12:56:15,Citrus,CIT,,,,,138.0,340.0,8.0,58.0,2.0,546.0
2026-08-07 12:56:15,Collier,CLL,,,,,2.0,12.0,0.0,1.0,0.0,15.0
2026-08-07 12:56:15,Duval,DUV,,,,,249.0,241.0,3.0,32.0,0.0,525.0
2026-08-07 12:56:15,Escambia,ESC,,,,,0.0,3.0,0.0,0.0,0.0,3.0
2026-08-07 12:56:15,Gadsden,GAD,,,,,27.0,4.0,0.0,3.0,0.0,34.0
2026-08-07 12:56:15,Gulf,GUL,,,,,16.0,21.0,0.0,0.0,0.0,37.0
2026-08-07 12:56:15,Hardee,HAR,,,,,2.0,17.0,0.0,0.0,0.0,19.0
2026-08-07 12:56:15,Hendry,HEN,,,,,9.0,23.0,1.0,0.0,1.0,34.0
2026-08-07 12:56:15,Hernando,HER,,,,,33.0,43.0,2.0,10.0,2.0,90.0
2026-08-07 12:56:15,Highlands,HIG,,,,,13.0,34.0,0.0,2.0,0.0,49.0
2026-08-07 12:56:15,Hillsborough,HIL,,,,,410.0,411.0,7.0,133.0,3.0,964.0
2026-08-07 12:56:15,Holmes,HOL,,,,,0.0,1.0,0.0,0.0,0.0,1.0
2026-08-07 12:56:15,Indian River,IND,,,,,36.0,54.0,2.0,6.0,0.0,98.0
2026-08-07 12:56:15,Jackson,JAC,,,,,6.0,21.0,0.0,0.0,0.0,27.0
2026-08-07 12:56:15,Jefferson,JEF,,,,,3.0,5.0,0.0,2.0,0.0,10.0
2026-08-07 12:56:15,Lee,LEE,,,,,183.0,276.0,10.0,64.0,0.0,533.0
2026-08-07 12:56:15,Leon,LEO,,,,,75.0,24.0,0.0,12.0,0.0,111.0
2026-08-07 12:56:15,Levy,LEV,,,,,3.0,16.0,0.0,1.0,0.0,20.0
2026-08-07 12:56:15,Madison,MAD,,,,,1.0,0.0,0.0,0.0,0.0,1.0
2026-08-07 12:56:15,Manatee,MAN,,,,,42.0,104.0,1.0,13.0,0.0,160.0
2026-08-07 12:56:15,Marion,MRN,,,,,309.0,338.0,10.0,58.0,2.0,717.0
2026-08-07 12:56:15,Martin,MRT,,,,,43.0,70.0,0.0,19.0,0.0,132.0
2026-08-07 12:56:15,Miami-Dade,DAD,,,,,207.0,177.0,8.0,39.0,0.0,431.0
2026-08-07 12:56:15,Monroe,MON,,,,,31.0,15.0,0.0,4.0,0.0,50.0
2026-08-07 12:56:15,Nassau,NAS,,,,,106.0,194.0,5.0,42.0,2.0,349.0
2026-08-07 12:56:15,Okaloosa,OKA,,,,,1.0,15.0,0.0,1.0,0.0,17.0
2026-08-07 12:56:15,Orange,ORA,,,,,367.0,243.0,6.0,98.0,3.0,717.0
2026-08-07 12:56:15,Osceola,OSC,,,,,240.0,168.0,7.0,60.0,2.0,477.0
2026-08-07 12:56:15,Palm Beach,PAL,,,,,58.0,25.0,1.0,8.0,1.0,93.0
2026-08-07 12:56:15,Pasco,PAS,,,,,342.0,356.0,3.0,16.0,0.0,717.0
2026-08-07 12:56:15,Pinellas,PIN,,,,,11.0,190.0,0.0,0.0,0.0,201.0
2026-08-07 12:56:15,Putnam,PUT,,,,,1.0,40.0,0.0,0.0,0.0,41.0
2026-08-07 12:56:15,Santa Rosa,SAN,,,,,30.0,143.0,1.0,8.0,0.0,182.0
2026-08-07 12:56:15,Sarasota,SAR,,,,,249.0,185.0,8.0,54.0,0.0,496.0
2026-08-07 12:56:15,Seminole,SEM,,,,,1.0,0.0,0.0,0.0,0.0,1.0
2026-08-07 12:56:15,St. Johns,STJ,,,,,127.0,137.0,0.0,25.0,0.0,289.0
2026-08-07 12:56:15,St. Lucie,STL,,,,,8.0,134.0,7.0,50.0,1.0,200.0
2026-08-07 12:56:15,Sumter,SUM,,,,,12.0,5.0,0.0,0.0,0.0,17.0
2026-08-07 12:56:15,Suwannee,SUW,,,,,21.0,35.0,0.0,3.0,0.0,59.0
2026-08-07 12:56:15,Volusia,VOL,,,,,19.0,29.0,1.0,5.0,0.0,54.0
2026-08-07 12:56:15,Walton,WAL,,,,,2.0,3.0,0.0,0.0,0.0,5.0
2026-08-07 13:50:49,Alachua,ALA,,,,,75.0,31.0,0.0,2.0,2.0,110.0
2026-08-07 13:50:49,Bradford,BRA,,,,,2.0,15.0,0.0,0.0,0.0,17.0
2026-08-07 13:50:49,Calhoun,CAL,,,,,4.0,3.0,0.0,1.0,0.0,8.0
2026-08-07 13:50:49,Charlotte,CHA,,,,,0.0,1.0,0.0,0.0,0.0,1.0
2026-08-07 13:50:49,Citrus,CIT,,,,,44.0,177.0,2.0,17.0,0.0,240.0
2026-08-07 13:50:49,Clay,CLA,,,,,68.0,129.0,1.0,30.0,0.0,228.0
2026-08-07 13:50:49,Collier,CLL,,,,,3.0,6.0,0.0,1.0,0.0,10.0
2026-08-07 13:50:49,Duval,DUV,,,,,244.0,265.0,3.0,27.0,1.0,540.0
2026-08-07 13:50:49,Escambia,ESC,,,,,31.0,46.0,0.0,4.0,0.0,81.0
2026-08-07 13:50:49,Franklin,FRA,,,,,2.0,0.0,0.0,1.0,0.0,3.0
2026-08-07 13:50:49,Gilchrist,GIL,,,,,0.0,2.0,0.0,0.0,0.0,2.0
2026-08-07 13:50:49,Gulf,GUL,,,,,7.0,6.0,0.0,0.0,0.0,13.0
2026-08-07 13:50:49,Hardee,HAR,,,,,14.0,49.0,1.0,1.0,1.0,66.0
2026-08-07 13:50:49,Hendry,HEN,,,,,10.0,14.0,0.0,1.0,0.0,25.0
2026-08-07 13:50:49,Hernando,HER,,,,,82.0,102.0,1.0,26.0,1.0,212.0
2026-08-07 13:50:49,Highlands,HIG,,,,,25.0,93.0,1.0,15.0,0.0,134.0
2026-08-07 13:50:49,Hillsborough,HIL,,,,,945.0,959.0,25.0,253.0,5.0,2187.0
2026-08-07 13:50:49,Indian River,IND,,,,,21.0,40.0,0.0,6.0,0.0,67.0
2026-08-07 13:50:49,Jackson,JAC,,,,,15.0,36.0,0.0,0.0,0.0,51.0
2026-08-07 13:50:49,Jefferson,JEF,,,,,6.0,5.0,0.0,0.0,0.0,11.0
2026-08-07 13:50:49,Lake,LAK,,,,,86.0,94.0,0.0,22.0,1.0,203.0
2026-08-07 13:50:49,Lee,LEE,,,,,128.0,214.0,8.0,30.0,1.0,381.0
2026-08-07 13:50:49,Leon,LEO,,,,,1.0,0.0,0.0,0.0,0.0,1.0
2026-08-07 13:50:49,Levy,LEV,,,,,35.0,90.0,2.0,9.0,1.0,137.0
2026-08-07 13:50:49,Manatee,MAN,,,,,125.0,100.0,2.0,18.0,0.0,245.0
2026-08-07 13:50:49,Marion,MRN,,,,,4.0,8.0,0.0,1.0,0.0,13.0
2026-08-07 13:50:49,Martin,MRT,,,,,37.0,44.0,0.0,5.0,0.0,86.0
2026-08-07 13:50:49,Miami-Dade,DAD,,,,,218.0,211.0,0.0,43.0,0.0,472.0
2026-08-07 13:50:49,Monroe,MON,,,,,75.0,79.0,4.0,25.0,1.0,184.0
2026-08-07 13:50:49,Nassau,NAS,,,,,32.0,106.0,1.0,8.0,0.0,147.0
2026-08-07 13:50:49,Okaloosa,OKA,,,,,0.0,2.0,0.0,0.0,0.0,2.0
2026-08-07 13:50:49,Orange,ORA,,,,,758.0,571.0,13.0,310.0,5.0,1657.0
2026-08-07 13:50:49,Osceola,OSC,,,,,161.0,129.0,9.0,39.0,3.0,341.0
2026-08-07 13:50:49,Palm Beach,PAL,,,,,574.0,344.0,13.0,154.0,1.0,1086.0
2026-08-07 13:50:49,Pasco,PAS,,,,,0.0,0.0,12.0,87.0,0.0,99.0
2026-08-07 13:50:49,Pinellas,PIN,,,,,1466.0,1215.0,15.0,151.0,4.0,2851.0
2026-08-07 13:50:49,Polk,POL,,,,,83.0,109.0,4.0,27.0,1.0,224.0
2026-08-07 13:50:49,Putnam,PUT,,,,,15.0,24.0,1.0,1.0,0.0,41.0
2026-08-07 13:50:49,Santa Rosa,SAN,,,,,7.0,54.0,1.0,5.0,0.0,67.0
2026-08-07 13:50:49,Sarasota,SAR,,,,,328.0,427.0,15.0,87.0,0.0,857.0
2026-08-07 13:50:49,St. Johns,STJ,,,,,41.0,33.0,0.0,6.0,1.0,81.0
2026-08-07 13:50:49,Sumter,SUM,,,,,86.0,182.0,4.0,37.0,0.0,309.0
2026-08-07 13:50:49,Suwannee,SUW,,,,,2.0,0.0,0.0,0.0,0.0,2.0
2026-08-07 14:57:00,Alachua,ALA,,,,,55.0,36.0,0.0,3.0,1.0,95.0
2026-08-07 14:57:00,Bay,BAY,,,,,0.0,1.0,0.0,0.0,0.0,1.0
2026-08-07 14:57:00,Bradford,BRA,,,,,1.0,11.0,0.0,0.0,0.0,12.0
2026-08-07 14:57:00,Brevard,BRE,,,,,0.0,2.0,0.0,0.0,0.0,2.0
2026-08-07 14:57:00,Calhoun,CAL,,,,,1.0,6.0,0.0,0.0,0.0,7.0
2026-08-07 14:57:00,Citrus,CIT,,,,,18.0,140.0,1.0,10.0,1.0,170.0
2026-08-07 14:57:00,Clay,CLA,,,,,9.0,28.0,0.0,3.0,0.0,40.0
2026-08-07 14:57:00,Duval,DUV,,,,,185.0,170.0,4.0,25.0,0.0,384.0
2026-08-07 14:57:00,Escambia,ESC,,,,,79.0,87.0,1.0,18.0,1.0,186.0
2026-08-07 14:57:00,Gadsden,GAD,,,,,6.0,0.0,0.0,0.0,0.0,6.0
2026-08-07 14:57:00,Hamilton,HAM,,,,,0.0,3.0,0.0,0.0,0.0,3.0
2026-08-07 14:57:00,Hardee,HAR,,,,,1.0,5.0,0.0,0.0,0.0,6.0
2026-08-07 14:57:00,Hendry,HEN,,,,,2.0,14.0,0.0,1.0,0.0,17.0
2026-08-07 14:57:00,Highlands,HIG,,,,,9.0,33.0,0.0,4.0,0.0,46.0
2026-08-07 14:57:00,Hillsborough,HIL,,,,,586.0,520.0,15.0,119.0,4.0,1244.0
2026-08-07 14:57:00,Indian River,IND,,,,,23.0,27.0,0.0,3.0,0.0,53.0
2026-08-07 14:57:00,Jackson,JAC,,,,,4.0,16.0,0.0,0.0,0.0,20.0
2026-08-07 14:57:00,Jefferson,JEF,,,,,5.0,5.0,0.0,3.0,0.0,13.0
2026-08-07 14:57:00,Lake,LAK,,,,,133.0,135.0,0.0,39.0,1.0,308.0
2026-08-07 14:57:00,Lee,LEE,,,,,0.0,0.0,1.0,0.0,0.0,1.0
2026-08-07 14:57:00,Levy,LEV,,,,,0.0,8.0,0.0,2.0,0.0,10.0
2026-08-07 14:57:00,Manatee,MAN,,,,,91.0,93.0,0.0,6.0,2.0,192.0
2026-08-07 14:57:00,Miami-Dade,DAD,,,,,230.0,185.0,5.0,46.0,0.0,466.0
2026-08-07 14:57:00,Monroe,MON,,,,,17.0,16.0,0.0,5.0,0.0,38.0
2026-08-07 14:57:00,Nassau,NAS,,,,,19.0,66.0,2.0,9.0,0.0,96.0
2026-08-07 14:57:00,Orange,ORA,,,,,821.0,397.0,7.0,205.0,5.0,1435.0
2026-08-07 14:57:00,Osceola,OSC,,,,,39.0,41.0,0.0,4.0,0.0,84.0
2026-08-07 14:57:00,Palm Beach,PAL,,,,,521.0,262.0,17.0,95.0,0.0,895.0
2026-08-07 14:57:00,Pasco,PAS,,,,,1.0,20.0,0.0,1.0,0.0,22.0
2026-08-07 14:57:00,Pinellas,PIN,,,,,4.0,6.0,26.0,401.0,7.0,444.0
2026-08-07 14:57:00,Polk,POL,,,,,84.0,68.0,5.0,25.0,0.0,182.0
2026-08-07 14:57:00,Putnam,PUT,,,,,3.0,18.0,0.0,2.0,0.0,23.0
2026-08-07 14:57:00,Santa Rosa,SAN,,,,,11.0,69.0,0.0,2.0,0.0,82.0
2026-08-07 14:57:00,Sarasota,SAR,,,,,292.0,339.0,7.0,70.0,2.0,710.0
2026-08-07 14:57:00,Seminole,SEM,,,,,0.0,49.0,0.0,0.0,0.0,49.0
2026-08-07 14:57:00,St. Johns,STJ,,,,,36.0,21.0,0.0,4.0,1.0,62.0
2026-08-07 14:57:00,Sumter,SUM,,,,,117.0,197.0,6.0,39.0,1.0,360.0
2026-08-07 14:57:00,Suwannee,SUW,,,,,1.0,0.0,0.0,0.0,0.0,1.0
2026-08-07 14:57:00,Taylor,TAY,,,,,5.0,5.0,0.0,0.0,0.0,10.0
2026-08-07 14:57:00,Union,UNI,,,,,0.0,1.0,0.0,0.0,0.0,1.0
2026-08-07 14:57:00,Walton,WAL,,,,,19.0,54.0,1.0,3.0,0.0,77.0
2026-08-07 15:53:40,Alachua,ALA,,,,,39.0,30.0,0.0,9.0,0.0,78.0
2026-08-07 15:53:40,Bay,BAY,,,,,54.0,121.0,2.0,12.0,1.0,190.0
2026-08-07 15:53:40,Bradford,BRA,,,,,1.0,10.0,0.0,0.0,0.0,11.0
2026-08-07 15:53:40,Calhoun,CAL,,,,,1.0,9.0,0.0,0.0,0.0,10.0
2026-08-07 15:53:40,Charlotte,CHA,,,,,21.0,30.0,0.0,10.0,2.0,63.0
2026-08-07 15:53:40,Citrus,CIT,,,,,16.0,66.0,2.0,5.0,0.0,89.0
2026-08-07 15:53:40,Collier,CLL,,,,,2.0,0.0,0.0,0.0,0.0,2.0
2026-08-07 15:53:40,Duval,DUV,,,,,162.0,181.0,3.0,29.0,3.0,378.0
2026-08-07 15:53:40,Franklin,FRA,,,,,2.0,1.0,0.0,0.0,0.0,3.0
2026-08-07 15:53:40,Gadsden,GAD,,,,,6.0,0.0,0.0,0.0,0.0,6.0
2026-08-07 15:53:40,Glades,GLA,,,,,4.0,2.0,1.0,0.0,0.0,7.0
2026-08-07 15:53:40,Hardee,HAR,,,,,3.0,11.0,0.0,0.0,0.0,14.0
2026-08-07 15:53:40,Hendry,HEN,,,,,0.0,16.0,0.0,0.0,0.0,16.0
2026-08-07 15:53:40,Highlands,HIG,,,,,6.0,49.0,1.0,10.0,0.0,66.0
2026-08-07 15:53:40,Hillsborough,HIL,,,,,149.0,174.0,4.0,38.0,1.0,366.0
2026-08-07 15:53:40,Indian River,IND,,,,,10.0,33.0,2.0,4.0,0.0,49.0
2026-08-07 15:53:40,Jackson,JAC,,,,,0.0,17.0,0.0,0.0,0.0,17.0
2026-08-07 15:53:40,Jefferson,JEF,,,,,5.0,5.0,0.0,0.0,0.0,10.0
2026-08-07 15:53:40,Lafayette,LAF,,,,,0.0,2.0,0.0,0.0,0.0,2.0
2026-08-07 15:53:40,Lake,LAK,,,,,107.0,164.0,5.0,44.0,1.0,321.0
2026-08-07 15:53:40,Lee,LEE,,,,,0.0,1.0,0.0,0.0,0.0,1.0
2026-08-07 15:53:40,Levy,LEV,,,,,0.0,16.0,0.0,0.0,0.0,16.0
2026-08-07 15:53:40,Madison,MAD,,,,,2.0,0.0,0.0,0.0,0.0,2.0
2026-08-07 15:53:40,Manatee,MAN,,,,,7.0,0.0,1.0,6.0,0.0,14.0
2026-08-07 15:53:40,Marion,MRN,,,,,0.0,1.0,0.0,0.0,0.0,1.0
2026-08-07 15:53:40,Martin,MRT,,,,,0.0,2.0,0.0,1.0,0.0,3.0
2026-08-07 15:53:40,Miami-Dade,DAD,,,,,45.0,36.0,0.0,5.0,0.0,86.0
2026-08-07 15:53:40,Monroe,MON,,,,,9.0,27.0,1.0,7.0,0.0,44.0
2026-08-07 15:53:40,Nassau,NAS,,,,,7.0,54.0,1.0,6.0,0.0,68.0
2026-08-07 15:53:40,Okaloosa,OKA,,,,,34.0,66.0,1.0,14.0,1.0,116.0
2026-08-07 15:53:40,Okeechobee,OKE,,,,,0.0,1.0,0.0,0.0,0.0,1.0
2026-08-07 15:53:40,Orange,ORA,,,,,165.0,88.0,1.0,30.0,3.0,287.0
2026-08-07 15:53:40,Osceola,OSC,,,,,23.0,21.0,0.0,3.0,0.0,47.0
2026-08-07 15:53:40,Palm Beach,PAL,,,,,1.0,0.0,0.0,0.0,0.0,1.0
2026-08-07 15:53:40,Pasco,PAS,,,,,39.0,28.0,0.0,6.0,0.0,73.0
2026-08-07 15:53:40,Pinellas,PIN,,,,,15.0,10.0,0.0,6.0,0.0,31.0
2026-08-07 15:53:40,Polk,POL,,,,,89.0,94.0,3.0,16.0,1.0,203.0
2026-08-07 15:53:40,Putnam,PUT,,,,,22.0,32.0,0.0,2.0,0.0,56.0
2026-08-07 15:53:40,Santa Rosa,SAN,,,,,30.0,105.0,1.0,5.0,0.0,141.0
2026-08-07 15:53:40,Sarasota,SAR,,,,,12.0,3.0,0.0,4.0,0.0,19.0
2026-08-07 15:53:40,Seminole,SEM,,,,,21.0,141.0,0.0,7.0,0.0,169.0
2026-08-07 15:53:40,St. Lucie,STL,,,,,62.0,44.0,2.0,12.0,0.0,120.0
2026-08-07 15:53:40,Sumter,SUM,,,,,20.0,34.0,0.0,4.0,0.0,58.0
2026-08-07 15:53:40,Suwannee,SUW,,,,,0.0,1.0,0.0,0.0,0.0,1.0
2026-08-07 15:53:40,Walton,WAL,,,,,0.0,1.0,0.0,0.0,0.0,1.0
2026-08-07 16:40:55,Alachua,ALA,,,,,26.0,27.0,0.0,1.0,0.0,54.0
2026-08-07 16:40:55,Baker,BAK,,,,,24.0,45.0,0.0,0.0,2.0,71.0
2026-08-07 16:40:55,Bay,BAY,,,,,0.0,1.0,0.0,1.0,0.0,2.0
2026-08-07 16:40:55,Bradford,BRA,,,,,4.0,5.0,0.0,0.0,0.0,9.0
2026-08-07 16:40:55,Calhoun,CAL,,,,,0.0,2.0,0.0,0.0,0.0,2.0
2026-08-07 16:40:55,Citrus,CIT,,,,,31.0,56.0,2.0,7.0,0.0,96.0
2026-08-07 16:40:55,Collier,CLL,,,,,0.0,0.0,0.0,1.0,0.0,1.0
2026-08-07 16:40:55,Dixie,DIX,,,,,4.0,27.0,0.0,7.0,0.0,38.0
2026-08-07 16:40:55,Duval,DUV,,,,,282.0,293.0,3.0,14.0,2.0,594.0
2026-08-07 16:40:55,Franklin,FRA,,,,,0.0,1.0,0.0,0.0,0.0,1.0
2026-08-07 16:40:55,Glades,GLA,,,,,4.0,4.0,0.0,1.0,0.0,9.0
2026-08-07 16:40:55,Hardee,HAR,,,,,0.0,5.0,0.0,0.0,0.0,5.0
2026-08-07 16:40:55,Hendry,HEN,,,,,1.0,7.0,1.0,0.0,0.0,9.0
2026-08-07 16:40:55,Highlands,HIG,,,,,6.0,25.0,0.0,4.0,0.0,35.0
2026-08-07 16:40:55,Hillsborough,HIL,,,,,82.0,105.0,3.0,21.0,1.0,212.0
2026-08-07 16:40:55,Indian River,IND,,,,,48.0,52.0,1.0,10.0,0.0,111.0
2026-08-07 16:40:55,Jackson,JAC,,,,,2.0,11.0,0.0,0.0,0.0,13.0
2026-08-07 16:40:55,Jefferson,JEF,,,,,8.0,9.0,0.0,1.0,0.0,18.0
2026-08-07 16:40:55,Lafayette,LAF,,,,,0.0,2.0,0.0,0.0,0.0,2.0
2026-08-07 16:40:55,Lake,LAK,,,,,30.0,4.0,2.0,17.0,0.0,53.0
2026-08-07 16:40:55,Levy,LEV,,,,,1.0,1.0,0.0,1.0,0.0,3.0
2026-08-07 16:40:55,Manatee,MAN,,,,,1.0,3.0,0.0,1.0,0.0,5.0
2026-08-07 16:40:55,Monroe,MON,,,,,5.0,11.0,2.0,4.0,0.0,22.0
2026-08-07 16:40:55,Nassau,NAS,,,,,8.0,30.0,1.0,5.0,0.0,44.0
2026-08-07 16:40:55,Okaloosa,OKA,,,,,9.0,15.0,0.0,0.0,0.0,24.0
2026-08-07 16:40:55,Okeechobee,OKE,,,,,14.0,15.0,0.0,0.0,0.0,29.0
2026-08-07 16:40:55,Orange,ORA,,,,,154.0,94.0,1.0,39.0,2.0,290.0
2026-08-07 16:40:55,Osceola,OSC,,,,,10.0,21.0,0.0,2.0,0.0,33.0
2026-08-07 16:40:55,Pasco,PAS,,,,,10.0,9.0,0.0,2.0,0.0,21.0
2026-08-07 16:40:55,Pinellas,PIN,,,,,0.0,2.0,0.0,1.0,0.0,3.0
2026-08-07 16:40:55,Polk,POL,,,,,127.0,155.0,7.0,23.0,1.0,313.0
2026-08-07 16:40:55,Putnam,PUT,,,,,6.0,9.0,0.0,2.0,0.0,17.0
2026-08-07 16:40:55,Santa Rosa,SAN,,,,,9.0,38.0,0.0,2.0,0.0,49.0
2026-08-07 16:40:55,Sarasota,SAR,,,,,3.0,2.0,0.0,1.0,0.0,6.0
2026-08-07 16:40:55,Seminole,SEM,,,,,112.0,2.0,0.0,1.0,0.0,115.0
2026-08-07 16:40:55,St. Lucie,STL,,,,,32.0,29.0,2.0,12.0,0.0,75.0
2026-08-07 16:40:55,Sumter,SUM,,,,,6.0,4.0,0.0,0.0,0.0,10.0
2026-08-07 16:40:55,Suwannee,SUW,,,,,2.0,6.0,0.0,0.0,0.0,8.0
2026-08-07 16:40:55,Washington,WAS,,,,,0.0,4.0,0.0,0.0,0.0,4.0
2026-08-07 17:38:43,Alachua,ALA,,,,,30.0,10.0,1.0,5.0,0.0,46.0
2026-08-07 17:38:43,Baker,BAK,,,,,0.0,0.0,1.0,1.0,0.0,2.0
2026-08-07 17:38:43,Bradford,BRA,,,,,1.0,6.0,0.0,0.0,0.0,7.0
2026-08-07 17:38:43,Calhoun,CAL,,,,,0.0,2.0,0.0,0.0,0.0,2.0
2026-08-07 17:38:43,Charlotte,CHA,,,,,2.0,1.0,0.0,0.0,0.0,3.0
2026-08-07 17:38:43,Citrus,CIT,,,,,8.0,41.0,0.0,12.0,1.0,62.0
2026-08-07 17:38:43,Dixie,DIX,,,,,0.0,1.0,0.0,0.0,0.0,1.0
2026-08-07 17:38:43,Duval,DUV,,,,,237.0,75.0,7.0,73.0,2.0,394.0
2026-08-07 17:38:43,Hardee,HAR,,,,,0.0,2.0,0.0,0.0,1.0,3.0
2026-08-07 17:38:43,Hendry,HEN,,,,,8.0,9.0,0.0,1.0,0.0,18.0
2026-08-07 17:38:43,Hillsborough,HIL,,,,,55.0,92.0,2.0,21.0,0.0,170.0
2026-08-07 17:38:43,Jackson,JAC,,,,,3.0,12.0,0.0,0.0,0.0,15.0
2026-08-07 17:38:43,Jefferson,JEF,,,,,17.0,5.0,0.0,2.0,0.0,24.0
2026-08-07 17:38:43,Lee,LEE,,,,,7.0,13.0,0.0,2.0,0.0,22.0
2026-08-07 17:38:43,Leon,LEO,,,,,47.0,16.0,0.0,5.0,0.0,68.0
2026-08-07 17:38:43,Madison,MAD,,,,,0.0,1.0,0.0,0.0,0.0,1.0
2026-08-07 17:38:43,Monroe,MON,,,,,17.0,30.0,0.0,6.0,0.0,53.0
2026-08-07 17:38:43,Nassau,NAS,,,,,8.0,34.0,0.0,5.0,1.0,48.0
2026-08-07 17:38:43,Orange,ORA,,,,,152.0,51.0,3.0,41.0,0.0,247.0
2026-08-07 17:38:43,Osceola,OSC,,,,,19.0,29.0,0.0,4.0,0.0,52.0
2026-08-07 17:38:43,Polk,POL,,,,,51.0,64.0,0.0,11.0,0.0,126.0
2026-08-07 17:38:43,Putnam,PUT,,,,,2.0,8.0,0.0,1.0,0.0,11.0
2026-08-07 17:38:43,Santa Rosa,SAN,,,,,3.0,41.0,1.0,1.0,0.0,46.0
2026-08-07 17:38:43,Sarasota,SAR,,,,,2.0,1.0,0.0,0.0,0.0,3.0
2026-08-07 17:38:43,Seminole,SEM,,,,,69.0,0.0,4.0,62.0,3.0,138.0
2026-08-07 17:38:43,St. Lucie,STL,,,,,0.0,0.0,2.0,0.0,0.0,2.0
2026-08-07 17:38:43,Sumter,SUM,,,,,1.0,1.0,0.0,0.0,0.0,2.0
2026-08-07 17:38:43,Wakulla,WAK,,,,,5.0,9.0,0.0,0.0,0.0,14.0
2026-08-07 17:38:43,Walton,WAL,,,,,0.0,8.0,0.0,0.0,0.0,8.0
2026-08-07 18:35:14,Alachua,ALA,,,,,14.0,4.0,0.0,1.0,0.0,19.0
2026-08-07 18:35:14,Bradford,BRA,,,,,0.0,6.0,0.0,0.0,0.0,6.0
2026-08-07 18:35:14,Calhoun,CAL,,,,,2.0,3.0,0.0,0.0,0.0,5.0
2026-08-07 18:35:14,Citrus,CIT,,,,,0.0,11.0,0.0,0.0,0.0,11.0
2026-08-07 18:35:14,Duval,DUV,,,,,43.0,27.0,0.0,5.0,0.0,75.0
2026-08-07 18:35:14,Hendry,HEN,,,,,1.0,6.0,0.0,0.0,0.0,7.0
2026-08-07 18:35:14,Hillsborough,HIL,,,,,37.0,37.0,0.0,10.0,0.0,84.0
2026-08-07 18:35:14,Jackson,JAC,,,,,13.0,29.0,1.0,1.0,1.0,45.0
2026-08-07 18:35:14,Lake,LAK,,,,,288.0,798.0,10.0,57.0,1.0,1154.0
2026-08-07 18:35:14,Leon,LEO,,,,,4.0,1.0,0.0,0.0,0.0,5.0
2026-08-07 18:35:14,Monroe,MON,,,,,4.0,13.0,2.0,0.0,0.0,19.0
2026-08-07 18:35:14,Nassau,NAS,,,,,4.0,9.0,0.0,4.0,0.0,17.0
2026-08-07 18:35:14,Orange,ORA,,,,,170.0,70.0,1.0,38.0,0.0,279.0
2026-08-07 18:35:14,Osceola,OSC,,,,,6.0,6.0,1.0,1.0,0.0,14.0
2026-08-07 18:35:14,Palm Beach,PAL,,,,,197.0,40.0,3.0,24.0,0.0,264.0
2026-08-07 18:35:14,Pasco,PAS,,,,,1.0,0.0,0.0,0.0,0.0,1.0
2026-08-07 18:35:14,Polk,POL,,,,,166.0,190.0,4.0,39.0,0.0,399.0
2026-08-07 18:35:14,Santa Rosa,SAN,,,,,5.0,12.0,0.0,1.0,0.0,18.0
2026-08-07 18:35:14,Seminole,SEM,,,,,2.0,1.0,0.0,0.0,0.0,3.0
2026-08-07 19:33:37,Orange,ORA,,,,,76.0,19.0,1.0,20.0,1.0,117.0
2026-08-07 19:33:37,Polk,POL,,,,,29.0,24.0,1.0,1.0,0.0,55.0
2026-08-07 21:38:58,Orange,ORA,,,,,336.0,123.0,3.0,73.0,0.0,535.0
2026-08-08 07:28:59,Madison,MAD,,,,,0.0,3.0,0.0,0.0,0.0,3.0
2026-08-08 07:28:59,Palm Beach,PAL,,,,,31.0,32.0,0.0,0.0,0.0,63.0
2026-08-08 08:48:04,Baker,BAK,,,,,2.0,7.0,0.0,0.0,0.0,9.0
2026-08-08 08:48:04,Brevard,BRE,,,,,148.0,168.0,2.0,20.0,2.0,340.0
2026-08-08 08:48:04,Charlotte,CHA,,,,,8.0,35.0,0.0,3.0,1.0,47.0
2026-08-08 08:48:04,Columbia,CLM,,,,,7.0,16.0,2.0,0.0,0.0,25.0
2026-08-08 08:48:04,DeSoto,DES,,,,,10.0,7.0,0.0,0.0,0.0,17.0
2026-08-08 08:48:04,Dixie,DIX,,,,,2.0,6.0,0.0,1.0,0.0,9.0
2026-08-08 08:48:04,Franklin,FRA,,,,,0.0,5.0,0.0,1.0,0.0,6.0
2026-08-08 08:48:04,Glades,GLA,,,,,1.0,9.0,0.0,1.0,0.0,11.0
2026-08-08 08:48:04,Gulf,GUL,,,,,3.0,6.0,0.0,0.0,0.0,9.0
2026-08-08 08:48:04,Highlands,HIG,,,,,2.0,7.0,0.0,0.0,0.0,9.0
2026-08-08 08:48:04,Holmes,HOL,,,,,0.0,1.0,0.0,0.0,0.0,1.0
2026-08-08 08:48:04,Indian River,IND,,,,,13.0,61.0,0.0,1.0,1.0,76.0
2026-08-08 08:48:04,Jefferson,JEF,,,,,3.0,0.0,0.0,0.0,0.0,3.0
2026-08-08 08:48:04,Leon,LEO,,,,,17.0,8.0,0.0,3.0,0.0,28.0
2026-08-08 08:48:04,Levy,LEV,,,,,0.0,3.0,0.0,0.0,0.0,3.0
2026-08-08 08:48:04,Liberty,LIB,,,,,2.0,7.0,0.0,1.0,0.0,10.0
2026-08-08 08:48:04,Madison,MAD,,,,,5.0,9.0,0.0,0.0,0.0,14.0
2026-08-08 08:48:04,Manatee,MAN,,,,,16.0,46.0,0.0,0.0,0.0,62.0
2026-08-08 08:48:04,Martin,MRT,,,,,12.0,34.0,1.0,5.0,0.0,52.0
2026-08-08 08:48:04,Miami-Dade,DAD,,,,,88.0,74.0,0.0,6.0,0.0,168.0
2026-08-08 08:48:04,Monroe,MON,,,,,0.0,3.0,0.0,0.0,0.0,3.0
2026-08-08 08:48:04,Okeechobee,OKE,,,,,2.0,8.0,0.0,0.0,0.0,10.0
2026-08-08 08:48:04,Osceola,OSC,,,,,1.0,0.0,0.0,0.0,0.0,1.0
2026-08-08 08:48:04,Palm Beach,PAL,,,,,125.0,149.0,1.0,24.0,2.0,301.0
2026-08-08 08:48:04,Pinellas,PIN,,,,,27.0,50.0,0.0,14.0,0.0,91.0
2026-08-08 08:48:04,Putnam,PUT,,,,,3.0,10.0,0.0,0.0,0.0,13.0
2026-08-08 08:48:04,Sarasota,SAR,,,,,22.0,42.0,0.0,7.0,0.0,71.0
2026-08-08 08:48:04,Sumter,SUM,,,,,0.0,3.0,0.0,0.0,0.0,3.0
2026-08-08 08:48:04,Suwannee,SUW,,,,,3.0,6.0,0.0,1.0,0.0,10.0
2026-08-08 08:48:04,Taylor,TAY,,,,,4.0,10.0,0.0,0.0,0.0,14.0
2026-08-08 08:48:04,Volusia,VOL,,,,,59.0,119.0,6.0,12.0,2.0,198.0
2026-08-08 08:48:04,Wakulla,WAK,,,,,2.0,10.0,0.0,0.0,0.0,12.0
2026-08-08 09:45:46,Alachua,ALA,,,,,40.0,21.0,0.0,6.0,0.0,67.0
2026-08-08 09:45:46,Baker,BAK,,,,,3.0,45.0,0.0,2.0,1.0,51.0
2026-08-08 09:45:46,Bradford,BRA,,,,,0.0,2.0,0.0,0.0,0.0,2.0
2026-08-08 09:45:46,Brevard,BRE,,,,,206.0,427.0,6.0,49.0,0.0,688.0
2026-08-08 09:45:46,Calhoun,CAL,,,,,0.0,2.0,0.0,0.0,0.0,2.0
2026-08-08 09:45:46,Charlotte,CHA,,,,,33.0,103.0,0.0,7.0,2.0,145.0
2026-08-08 09:45:46,Columbia,CLM,,,,,25.0,66.0,0.0,1.0,0.0,92.0
2026-08-08 09:45:46,DeSoto,DES,,,,,5.0,9.0,0.0,0.0,0.0,14.0
2026-08-08 09:45:46,Dixie,DIX,,,,,0.0,29.0,1.0,1.0,0.0,31.0
2026-08-08 09:45:46,Escambia,ESC,,,,,47.0,82.0,0.0,11.0,0.0,140.0
2026-08-08 09:45:46,Franklin,FRA,,,,,4.0,10.0,0.0,0.0,0.0,14.0
2026-08-08 09:45:46,Gadsden,GAD,,,,,45.0,7.0,0.0,2.0,0.0,54.0
2026-08-08 09:45:46,Gilchrist,GIL,,,,,8.0,23.0,0.0,0.0,0.0,31.0
2026-08-08 09:45:46,Glades,GLA,,,,,2.0,6.0,0.0,0.0,0.0,8.0
2026-08-08 09:45:46,Gulf,GUL,,,,,3.0,22.0,0.0,0.0,0.0,25.0
2026-08-08 09:45:46,Hamilton,HAM,,,,,1.0,3.0,1.0,0.0,0.0,5.0
2026-08-08 09:45:46,Hardee,HAR,,,,,2.0,9.0,0.0,0.0,0.0,11.0
2026-08-08 09:45:46,Hendry,HEN,,,,,2.0,9.0,0.0,0.0,0.0,11.0
2026-08-08 09:45:46,Hernando,HER,,,,,27.0,104.0,0.0,7.0,0.0,138.0
2026-08-08 09:45:46,Highlands,HIG,,,,,1.0,33.0,0.0,1.0,0.0,35.0
2026-08-08 09:45:46,Holmes,HOL,,,,,3.0,11.0,0.0,0.0,0.0,14.0
2026-08-08 09:45:46,Indian River,IND,,,,,27.0,89.0,0.0,7.0,0.0,123.0
2026-08-08 09:45:46,Jackson,JAC,,,,,0.0,9.0,0.0,0.0,0.0,9.0
2026-08-08 09:45:46,Jefferson,JEF,,,,,1.0,3.0,0.0,0.0,0.0,4.0
2026-08-08 09:45:46,Lafayette,LAF,,,,,3.0,8.0,0.0,0.0,0.0,11.0
2026-08-08 09:45:46,Leon,LEO,,,,,29.0,11.0,1.0,3.0,0.0,44.0
2026-08-08 09:45:46,Levy,LEV,,,,,0.0,11.0,0.0,0.0,0.0,11.0
2026-08-08 09:45:46,Liberty,LIB,,,,,3.0,8.0,0.0,0.0,0.0,11.0
2026-08-08 09:45:46,Madison,MAD,,,,,3.0,8.0,0.0,0.0,1.0,12.0
2026-08-08 09:45:46,Manatee,MAN,,,,,10.0,33.0,0.0,0.0,1.0,44.0
2026-08-08 09:45:46,Martin,MRT,,,,,12.0,57.0,0.0,1.0,0.0,70.0
2026-08-08 09:45:46,Miami-Dade,DAD,,,,,118.0,141.0,2.0,21.0,1.0,283.0
2026-08-08 09:45:46,Monroe,MON,,,,,7.0,11.0,1.0,3.0,0.0,22.0
2026-08-08 09:45:46,Nassau,NAS,,,,,7.0,32.0,0.0,6.0,1.0,46.0
2026-08-08 09:45:46,Okeechobee,OKE,,,,,2.0,15.0,0.0,0.0,0.0,17.0
2026-08-08 09:45:46,Orange,ORA,,,,,100.0,61.0,1.0,22.0,0.0,184.0
2026-08-08 09:45:46,Osceola,OSC,,,,,20.0,27.0,0.0,6.0,0.0,53.0
2026-08-08 09:45:46,Palm Beach,PAL,,,,,151.0,185.0,2.0,13.0,0.0,351.0
2026-08-08 09:45:46,Pinellas,PIN,,,,,34.0,52.0,1.0,8.0,0.0,95.0
2026-08-08 09:45:46,Polk,POL,,,,,47.0,97.0,1.0,5.0,0.0,150.0
2026-08-08 09:45:46,Putnam,PUT,,,,,8.0,26.0,0.0,1.0,0.0,35.0
2026-08-08 09:45:46,Santa Rosa,SAN,,,,,1.0,16.0,0.0,3.0,0.0,20.0
2026-08-08 09:45:46,Sarasota,SAR,,,,,60.0,122.0,0.0,14.0,2.0,198.0
2026-08-08 09:45:46,St. Johns,STJ,,,,,56.0,177.0,0.0,20.0,1.0,254.0
2026-08-08 09:45:46,Suwannee,SUW,,,,,16.0,58.0,0.0,0.0,0.0,74.0
2026-08-08 09:45:46,Taylor,TAY,,,,,5.0,10.0,0.0,0.0,0.0,15.0
2026-08-08 09:45:46,Volusia,VOL,,,,,81.0,191.0,7.0,22.0,1.0,302.0
2026-08-08 09:45:46,Wakulla,WAK,,,,,11.0,20.0,0.0,1.0,0.0,32.0
2026-08-08 09:45:46,Walton,WAL,,,,,0.0,30.0,0.0,0.0,0.0,30.0
2026-08-08 09:45:46,Washington,WAS,,,,,5.0,18.0,0.0,2.0,0.0,25.0
2026-08-08 10:31:58,Alachua,ALA,,,,,55.0,46.0,0.0,3.0,0.0,104.0
2026-08-08 10:31:58,Baker,BAK,,,,,2.0,46.0,1.0,0.0,0.0,49.0
2026-08-08 10:31:58,Bradford,BRA,,,,,2.0,11.0,0.0,0.0,0.0,13.0
2026-08-08 10:31:58,Brevard,BRE,,,,,117.0,288.0,5.0,31.0,1.0,442.0
2026-08-08 10:31:58,Calhoun,CAL,,,,,1.0,0.0,0.0,0.0,0.0,1.0
2026-08-08 10:31:58,Charlotte,CHA,,,,,102.0,220.0,8.0,38.0,2.0,370.0
2026-08-08 10:31:58,Citrus,CIT,,,,,19.0,120.0,2.0,7.0,0.0,148.0
2026-08-08 10:31:58,Clay,CLA,,,,,52.0,204.0,1.0,13.0,0.0,270.0
2026-08-08 10:31:58,Collier,CLL,,,,,32.0,242.0,1.0,18.0,0.0,293.0
2026-08-08 10:31:58,Columbia,CLM,,,,,20.0,39.0,0.0,4.0,0.0,63.0
2026-08-08 10:31:58,DeSoto,DES,,,,,1.0,21.0,0.0,0.0,0.0,22.0
2026-08-08 10:31:58,Dixie,DIX,,,,,0.0,28.0,0.0,0.0,0.0,28.0
2026-08-08 10:31:58,Duval,DUV,,,,,170.0,200.0,3.0,26.0,4.0,403.0
2026-08-08 10:31:58,Escambia,ESC,,,,,36.0,110.0,0.0,11.0,1.0,158.0
2026-08-08 10:31:58,Flagler,FLA,,,,,33.0,99.0,1.0,8.0,2.0,143.0
2026-08-08 10:31:58,Franklin,FRA,,,,,9.0,7.0,0.0,2.0,0.0,18.0
2026-08-08 10:31:58,Gadsden,GAD,,,,,16.0,7.0,0.0,1.0,0.0,24.0
2026-08-08 10:31:58,Gilchrist,GIL,,,,,3.0,24.0,2.0,0.0,1.0,30.0
2026-08-08 10:31:58,Glades,GLA,,,,,1.0,10.0,0.0,1.0,0.0,12.0
2026-08-08 10:31:58,Gulf,GUL,,,,,5.0,20.0,0.0,0.0,0.0,25.0
2026-08-08 10:31:58,Hardee,HAR,,,,,1.0,8.0,0.0,0.0,0.0,9.0
2026-08-08 10:31:58,Hendry,HEN,,,,,1.0,7.0,0.0,0.0,0.0,8.0
2026-08-08 10:31:58,Hernando,HER,,,,,28.0,123.0,1.0,8.0,0.0,160.0
2026-08-08 10:31:58,Highlands,HIG,,,,,13.0,28.0,0.0,2.0,1.0,44.0
2026-08-08 10:31:58,Hillsborough,HIL,,,,,411.0,293.0,6.0,103.0,1.0,814.0
2026-08-08 10:31:58,Holmes,HOL,,,,,1.0,12.0,0.0,1.0,0.0,14.0
2026-08-08 10:31:58,Indian River,IND,,,,,83.0,177.0,5.0,19.0,0.0,284.0
2026-08-08 10:31:58,Jackson,JAC,,,,,2.0,6.0,0.0,0.0,0.0,8.0
2026-08-08 10:31:58,Jefferson,JEF,,,,,0.0,5.0,0.0,0.0,0.0,5.0
2026-08-08 10:31:58,Lafayette,LAF,,,,,3.0,6.0,0.0,0.0,0.0,9.0
2026-08-08 10:31:58,Lee,LEE,,,,,99.0,374.0,3.0,34.0,2.0,512.0
2026-08-08 10:31:58,Leon,LEO,,,,,130.0,71.0,0.0,20.0,2.0,223.0
2026-08-08 10:31:58,Levy,LEV,,,,,2.0,7.0,0.0,1.0,0.0,10.0
2026-08-08 10:31:58,Liberty,LIB,,,,,2.0,22.0,0.0,0.0,0.0,24.0
2026-08-08 10:31:58,Madison,MAD,,,,,9.0,16.0,0.0,1.0,0.0,26.0
2026-08-08 10:31:58,Manatee,MAN,,,,,5.0,6.0,0.0,0.0,0.0,11.0
2026-08-08 10:31:58,Marion,MRN,,,,,65.0,192.0,3.0,15.0,0.0,275.0
2026-08-08 10:31:58,Martin,MRT,,,,,18.0,60.0,1.0,4.0,0.0,83.0
2026-08-08 10:31:58,Miami-Dade,DAD,,,,,144.0,154.0,4.0,29.0,0.0,331.0
2026-08-08 10:31:58,Monroe,MON,,,,,10.0,10.0,1.0,4.0,0.0,25.0
2026-08-08 10:31:58,Nassau,NAS,,,,,10.0,43.0,0.0,4.0,0.0,57.0
2026-08-08 10:31:58,Okeechobee,OKE,,,,,2.0,22.0,0.0,0.0,0.0,24.0
2026-08-08 10:31:58,Orange,ORA,,,,,135.0,82.0,1.0,24.0,1.0,243.0
2026-08-08 10:31:58,Osceola,OSC,,,,,18.0,44.0,0.0,3.0,0.0,65.0
2026-08-08 10:31:58,Palm Beach,PAL,,,,,240.0,252.0,1.0,26.0,0.0,519.0
2026-08-08 10:31:58,Pasco,PAS,,,,,84.0,188.0,1.0,18.0,1.0,292.0
2026-08-08 10:31:58,Pinellas,PIN,,,,,35.0,121.0,0.0,17.0,1.0,174.0
2026-08-08 10:31:58,Polk,POL,,,,,54.0,138.0,0.0,9.0,1.0,202.0
2026-08-08 10:31:58,Putnam,PUT,,,,,12.0,19.0,0.0,1.0,0.0,32.0
2026-08-08 10:31:58,Santa Rosa,SAN,,,,,11.0,51.0,0.0,2.0,0.0,64.0
2026-08-08 10:31:58,Sarasota,SAR,,,,,61.0,156.0,1.0,15.0,0.0,233.0
2026-08-08 10:31:58,Seminole,SEM,,,,,131.0,123.0,1.0,10.0,1.0,266.0
2026-08-08 10:31:58,St. Johns,STJ,,,,,64.0,164.0,0.0,14.0,1.0,243.0
2026-08-08 10:31:58,St. Lucie,STL,,,,,96.0,178.0,1.0,18.0,1.0,294.0
2026-08-08 10:31:58,Sumter,SUM,,,,,37.0,286.0,2.0,11.0,0.0,336.0
2026-08-08 10:31:58,Suwannee,SUW,,,,,9.0,45.0,0.0,0.0,0.0,54.0
2026-08-08 10:31:58,Taylor,TAY,,,,,0.0,6.0,0.0,0.0,0.0,6.0
2026-08-08 10:31:58,Union,UNI,,,,,7.0,44.0,1.0,2.0,0.0,54.0
2026-08-08 10:31:58,Volusia,VOL,,,,,93.0,177.0,3.0,31.0,1.0,305.0
2026-08-08 10:31:58,Wakulla,WAK,,,,,9.0,28.0,0.0,1.0,0.0,38.0
2026-08-08 10:31:58,Walton,WAL,,,,,4.0,66.0,0.0,2.0,0.0,72.0
2026-08-08 10:31:58,Washington,WAS,,,,,0.0,12.0,0.0,0.0,0.0,12.0
2026-08-08 11:29:12,Alachua,ALA,,,,,54.0,32.0,0.0,10.0,0.0,96.0
2026-08-08 11:29:12,Baker,BAK,,,,,1.0,24.0,0.0,1.0,0.0,26.0
2026-08-08 11:29:12,Bay,BAY,,,,,25.0,127.0,2.0,9.0,0.0,163.0
2026-08-08 11:29:12,Bradford,BRA,,,,,0.0,6.0,0.0,0.0,0.0,6.0
2026-08-08 11:29:12,Brevard,BRE,,,,,562.0,513.0,17.0,144.0,3.0,1239.0
2026-08-08 11:29:12,Calhoun,CAL,,,,,0.0,5.0,0.0,0.0,0.0,5.0
2026-08-08 11:29:12,Charlotte,CHA,,,,,133.0,236.0,5.0,38.0,0.0,412.0
2026-08-08 11:29:12,Citrus,CIT,,,,,21.0,113.0,1.0,10.0,0.0,145.0
2026-08-08 11:29:12,Clay,CLA,,,,,39.0,192.0,1.0,18.0,1.0,251.0
2026-08-08 11:29:12,Collier,CLL,,,,,49.0,251.0,1.0,11.0,1.0,313.0
2026-08-08 11:29:12,Columbia,CLM,,,,,20.0,47.0,0.0,1.0,0.0,68.0
2026-08-08 11:29:12,DeSoto,DES,,,,,5.0,11.0,0.0,0.0,0.0,16.0
2026-08-08 11:29:12,Dixie,DIX,,,,,5.0,32.0,0.0,5.0,0.0,42.0
2026-08-08 11:29:12,Duval,DUV,,,,,226.0,331.0,8.0,37.0,3.0,605.0
2026-08-08 11:29:12,Escambia,ESC,,,,,66.0,179.0,1.0,18.0,1.0,265.0
2026-08-08 11:29:12,Flagler,FLA,,,,,46.0,96.0,0.0,7.0,1.0,150.0
2026-08-08 11:29:12,Franklin,FRA,,,,,5.0,17.0,0.0,0.0,0.0,22.0
2026-08-08 11:29:12,Gadsden,GAD,,,,,15.0,10.0,0.0,1.0,0.0,26.0
2026-08-08 11:29:12,Gilchrist,GIL,,,,,8.0,23.0,0.0,2.0,0.0,33.0
2026-08-08 11:29:12,Glades,GLA,,,,,1.0,8.0,0.0,1.0,0.0,10.0
2026-08-08 11:29:12,Gulf,GUL,,,,,9.0,38.0,0.0,0.0,0.0,47.0
2026-08-08 11:29:12,Hardee,HAR,,,,,1.0,15.0,0.0,0.0,0.0,16.0
2026-08-08 11:29:12,Hendry,HEN,,,,,3.0,8.0,0.0,0.0,0.0,11.0
2026-08-08 11:29:12,Hernando,HER,,,,,27.0,97.0,1.0,3.0,1.0,129.0
2026-08-08 11:29:12,Highlands,HIG,,,,,11.0,38.0,0.0,4.0,0.0,53.0
2026-08-08 11:29:12,Hillsborough,HIL,,,,,1085.0,910.0,19.0,264.0,3.0,2281.0
2026-08-08 11:29:12,Holmes,HOL,,,,,4.0,22.0,0.0,0.0,0.0,26.0
2026-08-08 11:29:12,Indian River,IND,,,,,94.0,180.0,5.0,24.0,1.0,304.0
2026-08-08 11:29:12,Jackson,JAC,,,,,4.0,16.0,0.0,1.0,0.0,21.0
2026-08-08 11:29:12,Jefferson,JEF,,,,,3.0,4.0,0.0,0.0,0.0,7.0
2026-08-08 11:29:12,Lafayette,LAF,,,,,1.0,11.0,0.0,1.0,0.0,13.0
2026-08-08 11:29:12,Lee,LEE,,,,,88.0,382.0,1.0,35.0,1.0,507.0
2026-08-08 11:29:12,Leon,LEO,,,,,119.0,80.0,2.0,27.0,3.0,231.0
2026-08-08 11:29:12,Levy,LEV,,,,,0.0,10.0,0.0,0.0,0.0,10.0
2026-08-08 11:29:12,Liberty,LIB,,,,,2.0,10.0,0.0,0.0,0.0,12.0
2026-08-08 11:29:12,Madison,MAD,,,,,4.0,15.0,0.0,3.0,0.0,22.0
2026-08-08 11:29:12,Manatee,MAN,,,,,112.0,437.0,3.0,9.0,0.0,561.0
2026-08-08 11:29:12,Marion,MRN,,,,,55.0,177.0,0.0,9.0,0.0,241.0
2026-08-08 11:29:12,Martin,MRT,,,,,15.0,62.0,1.0,6.0,1.0,85.0
2026-08-08 11:29:12,Miami-Dade,DAD,,,,,182.0,176.0,0.0,31.0,0.0,389.0
2026-08-08 11:29:12,Monroe,MON,,,,,10.0,8.0,3.0,2.0,0.0,23.0
2026-08-08 11:29:12,Nassau,NAS,,,,,17.0,39.0,2.0,5.0,3.0,66.0
2026-08-08 11:29:12,Okaloosa,OKA,,,,,17.0,137.0,0.0,5.0,0.0,159.0
2026-08-08 11:29:12,Okeechobee,OKE,,,,,2.0,11.0,0.0,0.0,0.0,13.0
2026-08-08 11:29:12,Orange,ORA,,,,,156.0,94.0,1.0,31.0,4.0,286.0
2026-08-08 11:29:12,Osceola,OSC,,,,,34.0,50.0,1.0,5.0,0.0,90.0
2026-08-08 11:29:12,Palm Beach,PAL,,,,,240.0,251.0,3.0,35.0,3.0,532.0
2026-08-08 11:29:12,Pasco,PAS,,,,,90.0,310.0,6.0,26.0,0.0,432.0
2026-08-08 11:29:12,Pinellas,PIN,,,,,279.0,149.0,9.0,66.0,3.0,506.0
2026-08-08 11:29:12,Polk,POL,,,,,47.0,95.0,1.0,8.0,0.0,151.0
2026-08-08 11:29:12,Putnam,PUT,,,,,8.0,13.0,0.0,1.0,0.0,22.0
2026-08-08 11:29:12,Santa Rosa,SAN,,,,,3.0,34.0,0.0,1.0,0.0,38.0
2026-08-08 11:29:12,Sarasota,SAR,,,,,59.0,153.0,5.0,14.0,0.0,231.0
2026-08-08 11:29:12,Seminole,SEM,,,,,99.0,117.0,1.0,19.0,2.0,238.0
2026-08-08 11:29:12,St. Johns,STJ,,,,,62.0,226.0,1.0,12.0,0.0,301.0
2026-08-08 11:29:12,St. Lucie,STL,,,,,88.0,108.0,1.0,19.0,0.0,216.0
2026-08-08 11:29:12,Sumter,SUM,,,,,29.0,274.0,1.0,9.0,2.0,315.0
2026-08-08 11:29:12,Suwannee,SUW,,,,,4.0,35.0,0.0,1.0,0.0,40.0
2026-08-08 11:29:12,Taylor,TAY,,,,,0.0,13.0,0.0,2.0,0.0,15.0
2026-08-08 11:29:12,Union,UNI,,,,,0.0,11.0,0.0,0.0,0.0,11.0
2026-08-08 11:29:12,Volusia,VOL,,,,,497.0,601.0,17.0,150.0,1.0,1266.0
2026-08-08 11:29:12,Wakulla,WAK,,,,,7.0,21.0,0.0,0.0,0.0,28.0
2026-08-08 11:29:12,Walton,WAL,,,,,9.0,66.0,0.0,2.0,0.0,77.0
2026-08-08 11:29:12,Washington,WAS,,,,,1.0,17.0,0.0,0.0,0.0,18.0
2026-08-08 12:33:09,Alachua,ALA,,,,,83.0,41.0,0.0,7.0,0.0,131.0
2026-08-08 12:33:09,Baker,BAK,,,,,7.0,37.0,1.0,1.0,0.0,46.0
2026-08-08 12:33:09,Bay,BAY,,,,,50.0,263.0,2.0,13.0,0.0,328.0
2026-08-08 12:33:09,Bradford,BRA,,,,,8.0,12.0,0.0,2.0,0.0,22.0
2026-08-08 12:33:09,Brevard,BRE,,,,,159.0,673.0,5.0,51.0,3.0,891.0
2026-08-08 12:33:09,Calhoun,CAL,,,,,5.0,8.0,0.0,0.0,0.0,13.0
2026-08-08 12:33:09,Charlotte,CHA,,,,,74.0,185.0,3.0,19.0,1.0,282.0
2026-08-08 12:33:09,Citrus,CIT,,,,,77.0,226.0,5.0,42.0,1.0,351.0
2026-08-08 12:33:09,Clay,CLA,,,,,34.0,199.0,1.0,11.0,1.0,246.0
2026-08-08 12:33:09,Collier,CLL,,,,,45.0,293.0,2.0,18.0,2.0,360.0
2026-08-08 12:33:09,Columbia,CLM,,,,,22.0,69.0,0.0,6.0,0.0,97.0
2026-08-08 12:33:09,DeSoto,DES,,,,,10.0,24.0,0.0,0.0,0.0,34.0
2026-08-08 12:33:09,Dixie,DIX,,,,,5.0,54.0,0.0,2.0,0.0,61.0
2026-08-08 12:33:09,Duval,DUV,,,,,556.0,364.0,2.0,36.0,0.0,958.0
2026-08-08 12:33:09,Escambia,ESC,,,,,148.0,295.0,8.0,34.0,2.0,487.0
2026-08-08 12:33:09,Flagler,FLA,,,,,48.0,125.0,0.0,10.0,1.0,184.0
2026-08-08 12:33:09,Franklin,FRA,,,,,8.0,9.0,0.0,3.0,0.0,20.0
2026-08-08 12:33:09,Gadsden,GAD,,,,,28.0,6.0,0.0,0.0,1.0,35.0
2026-08-08 12:33:09,Gilchrist,GIL,,,,,2.0,23.0,0.0,0.0,0.0,25.0
2026-08-08 12:33:09,Glades,GLA,,,,,1.0,2.0,0.0,1.0,0.0,4.0
2026-08-08 12:33:09,Gulf,GUL,,,,,4.0,36.0,0.0,2.0,0.0,42.0
2026-08-08 12:33:09,Hamilton,HAM,,,,,9.0,45.0,0.0,2.0,1.0,57.0
2026-08-08 12:33:09,Hardee,HAR,,,,,3.0,7.0,0.0,0.0,0.0,10.0
2026-08-08 12:33:09,Hendry,HEN,,,,,0.0,6.0,0.0,2.0,0.0,8.0
2026-08-08 12:33:09,Hernando,HER,,,,,36.0,124.0,0.0,9.0,2.0,171.0
2026-08-08 12:33:09,Highlands,HIG,,,,,10.0,37.0,0.0,5.0,0.0,52.0
2026-08-08 12:33:09,Hillsborough,HIL,,,,,198.0,208.0,5.0,44.0,1.0,456.0
2026-08-08 12:33:09,Holmes,HOL,,,,,4.0,28.0,0.0,0.0,0.0,32.0
2026-08-08 12:33:09,Indian River,IND,,,,,32.0,141.0,0.0,4.0,0.0,177.0
2026-08-08 12:33:09,Jackson,JAC,,,,,5.0,18.0,0.0,1.0,0.0,24.0
2026-08-08 12:33:09,Jefferson,JEF,,,,,8.0,4.0,0.0,1.0,0.0,13.0
2026-08-08 12:33:09,Lafayette,LAF,,,,,2.0,6.0,0.0,0.0,0.0,8.0
2026-08-08 12:33:09,Lee,LEE,,,,,103.0,443.0,5.0,30.0,2.0,583.0
2026-08-08 12:33:09,Leon,LEO,,,,,191.0,86.0,8.0,23.0,0.0,308.0
2026-08-08 12:33:09,Levy,LEV,,,,,2.0,17.0,0.0,0.0,0.0,19.0
2026-08-08 12:33:09,Liberty,LIB,,,,,1.0,15.0,0.0,1.0,0.0,17.0
2026-08-08 12:33:09,Madison,MAD,,,,,5.0,18.0,1.0,0.0,0.0,24.0
2026-08-08 12:33:09,Manatee,MAN,,,,,70.0,230.0,0.0,3.0,0.0,303.0
2026-08-08 12:33:09,Marion,MRN,,,,,65.0,214.0,1.0,12.0,1.0,293.0
2026-08-08 12:33:09,Martin,MRT,,,,,70.0,145.0,5.0,17.0,1.0,238.0
2026-08-08 12:33:09,Miami-Dade,DAD,,,,,277.0,292.0,3.0,58.0,0.0,630.0
2026-08-08 12:33:09,Monroe,MON,,,,,16.0,18.0,0.0,5.0,0.0,39.0
2026-08-08 12:33:09,Nassau,NAS,,,,,12.0,60.0,2.0,18.0,1.0,93.0
2026-08-08 12:33:09,Okaloosa,OKA,,,,,43.0,297.0,1.0,13.0,1.0,355.0
2026-08-08 12:33:09,Okeechobee,OKE,,,,,6.0,19.0,0.0,0.0,0.0,25.0
2026-08-08 12:33:09,Orange,ORA,,,,,211.0,87.0,5.0,61.0,3.0,367.0
2026-08-08 12:33:09,Osceola,OSC,,,,,51.0,63.0,0.0,8.0,0.0,122.0
2026-08-08 12:33:09,Palm Beach,PAL,,,,,284.0,347.0,5.0,37.0,0.0,673.0
2026-08-08 12:33:09,Pasco,PAS,,,,,374.0,489.0,5.0,41.0,1.0,910.0
2026-08-08 12:33:09,Pinellas,PIN,,,,,78.0,1231.0,2.0,43.0,0.0,1354.0
2026-08-08 12:33:09,Polk,POL,,,,,255.0,292.0,7.0,67.0,1.0,622.0
2026-08-08 12:33:09,Putnam,PUT,,,,,3.0,27.0,0.0,0.0,0.0,30.0
2026-08-08 12:33:09,Santa Rosa,SAN,,,,,18.0,56.0,1.0,2.0,0.0,77.0
2026-08-08 12:33:09,Sarasota,SAR,,,,,72.0,223.0,3.0,29.0,2.0,329.0
2026-08-08 12:33:09,Seminole,SEM,,,,,135.0,161.0,5.0,22.0,0.0,323.0
2026-08-08 12:33:09,St. Johns,STJ,,,,,89.0,271.0,0.0,24.0,0.0,384.0
2026-08-08 12:33:09,St. Lucie,STL,,,,,220.0,244.0,4.0,48.0,3.0,519.0
2026-08-08 12:33:09,Sumter,SUM,,,,,47.0,302.0,1.0,12.0,0.0,362.0
2026-08-08 12:33:09,Suwannee,SUW,,,,,11.0,79.0,2.0,4.0,1.0,97.0
2026-08-08 12:33:09,Taylor,TAY,,,,,4.0,8.0,0.0,0.0,0.0,12.0
2026-08-08 12:33:09,Union,UNI,,,,,5.0,19.0,0.0,0.0,0.0,24.0
2026-08-08 12:33:09,Volusia,VOL,,,,,241.0,395.0,3.0,66.0,1.0,706.0
2026-08-08 12:33:09,Wakulla,WAK,,,,,14.0,38.0,0.0,3.0,0.0,55.0
2026-08-08 12:33:09,Walton,WAL,,,,,2.0,145.0,0.0,1.0,0.0,148.0
2026-08-08 12:33:09,Washington,WAS,,,,,4.0,29.0,0.0,0.0,0.0,33.0
2026-08-08 13:30:11,Alachua,ALA,,,,,63.0,35.0,0.0,15.0,0.0,113.0
2026-08-08 13:30:11,Baker,BAK,,,,,2.0,13.0,1.0,1.0,0.0,17.0
2026-08-08 13:30:11,Bay,BAY,,,,,28.0,178.0,1.0,10.0,0.0,217.0
2026-08-08 13:30:11,Bradford,BRA,,,,,0.0,1.0,0.0,0.0,0.0,1.0
2026-08-08 13:30:11,Brevard,BRE,,,,,92.0,236.0,2.0,25.0,0.0,355.0
2026-08-08 13:30:11,Calhoun,CAL,,,,,2.0,13.0,0.0,1.0,0.0,16.0
2026-08-08 13:30:11,Charlotte,CHA,,,,,21.0,108.0,1.0,13.0,0.0,143.0
2026-08-08 13:30:11,Citrus,CIT,,,,,97.0,202.0,1.0,27.0,2.0,329.0
2026-08-08 13:30:11,Clay,CLA,,,,,87.0,201.0,2.0,15.0,1.0,306.0
2026-08-08 13:30:11,Collier,CLL,,,,,36.0,242.0,0.0,7.0,1.0,286.0
2026-08-08 13:30:11,Columbia,CLM,,,,,14.0,72.0,0.0,3.0,0.0,89.0
2026-08-08 13:30:11,DeSoto,DES,,,,,0.0,15.0,0.0,0.0,0.0,15.0
2026-08-08 13:30:11,Dixie,DIX,,,,,1.0,26.0,0.0,2.0,0.0,29.0
2026-08-08 13:30:11,Duval,DUV,,,,,437.0,169.0,18.0,100.0,1.0,725.0
2026-08-08 13:30:11,Escambia,ESC,,,,,71.0,219.0,0.0,24.0,0.0,314.0
2026-08-08 13:30:11,Flagler,FLA,,,,,33.0,95.0,0.0,3.0,0.0,131.0
2026-08-08 13:30:11,Franklin,FRA,,,,,1.0,6.0,1.0,1.0,0.0,9.0
2026-08-08 13:30:11,Gadsden,GAD,,,,,25.0,2.0,0.0,0.0,0.0,27.0
2026-08-08 13:30:11,Gilchrist,GIL,,,,,0.0,9.0,0.0,3.0,0.0,12.0
2026-08-08 13:30:11,Glades,GLA,,,,,2.0,14.0,0.0,0.0,0.0,16.0
2026-08-08 13:30:11,Gulf,GUL,,,,,1.0,38.0,0.0,0.0,0.0,39.0
2026-08-08 13:30:11,Hamilton,HAM,,,,,1.0,16.0,0.0,0.0,0.0,17.0
2026-08-08 13:30:11,Hardee,HAR,,,,,3.0,1.0,0.0,0.0,0.0,4.0
2026-08-08 13:30:11,Hendry,HEN,,,,,2.0,1.0,0.0,1.0,0.0,4.0
2026-08-08 13:30:11,Hernando,HER,,,,,22.0,117.0,0.0,5.0,0.0,144.0
2026-08-08 13:30:11,Highlands,HIG,,,,,7.0,39.0,0.0,0.0,0.0,46.0
2026-08-08 13:30:11,Hillsborough,HIL,,,,,185.0,228.0,2.0,24.0,0.0,439.0
2026-08-08 13:30:11,Holmes,HOL,,,,,1.0,19.0,0.0,2.0,0.0,22.0
2026-08-08 13:30:11,Indian River,IND,,,,,39.0,95.0,1.0,5.0,0.0,140.0
2026-08-08 13:30:11,Jackson,JAC,,,,,2.0,22.0,0.0,1.0,0.0,25.0
2026-08-08 13:30:11,Jefferson,JEF,,,,,0.0,8.0,0.0,0.0,0.0,8.0
2026-08-08 13:30:11,Lafayette,LAF,,,,,0.0,12.0,0.0,0.0,0.0,12.0
2026-08-08 13:30:11,Lee,LEE,,,,,83.0,334.0,2.0,32.0,0.0,451.0
2026-08-08 13:30:11,Leon,LEO,,,,,150.0,71.0,3.0,24.0,1.0,249.0
2026-08-08 13:30:11,Levy,LEV,,,,,3.0,11.0,0.0,0.0,0.0,14.0
2026-08-08 13:30:11,Liberty,LIB,,,,,3.0,12.0,0.0,2.0,0.0,17.0
2026-08-08 13:30:11,Madison,MAD,,,,,9.0,5.0,0.0,0.0,0.0,14.0
2026-08-08 13:30:11,Manatee,MAN,,,,,39.0,119.0,0.0,5.0,1.0,164.0
2026-08-08 13:30:11,Marion,MRN,,,,,47.0,167.0,3.0,7.0,0.0,224.0
2026-08-08 13:30:11,Martin,MRT,,,,,19.0,71.0,0.0,6.0,1.0,97.0
2026-08-08 13:30:11,Miami-Dade,DAD,,,,,224.0,257.0,2.0,48.0,2.0,533.0
2026-08-08 13:30:11,Monroe,MON,,,,,10.0,12.0,2.0,3.0,0.0,27.0
2026-08-08 13:30:11,Nassau,NAS,,,,,5.0,47.0,0.0,5.0,0.0,57.0
2026-08-08 13:30:11,Okaloosa,OKA,,,,,20.0,166.0,0.0,5.0,0.0,191.0
2026-08-08 13:30:11,Okeechobee,OKE,,,,,1.0,15.0,0.0,0.0,0.0,16.0
2026-08-08 13:30:11,Orange,ORA,,,,,343.0,197.0,9.0,100.0,2.0,651.0
2026-08-08 13:30:11,Osceola,OSC,,,,,43.0,47.0,0.0,12.0,0.0,102.0
2026-08-08 13:30:11,Palm Beach,PAL,,,,,205.0,280.0,4.0,26.0,2.0,517.0
2026-08-08 13:30:11,Pasco,PAS,,,,,65.0,184.0,6.0,77.0,2.0,334.0
2026-08-08 13:30:11,Pinellas,PIN,,,,,1285.0,161.0,47.0,503.0,11.0,2007.0
2026-08-08 13:30:11,Polk,POL,,,,,212.0,319.0,6.0,57.0,2.0,596.0
2026-08-08 13:30:11,Putnam,PUT,,,,,4.0,22.0,0.0,0.0,0.0,26.0
2026-08-08 13:30:11,Santa Rosa,SAN,,,,,44.0,80.0,0.0,6.0,0.0,130.0
2026-08-08 13:30:11,Sarasota,SAR,,,,,58.0,170.0,4.0,29.0,1.0,262.0
2026-08-08 13:30:11,Seminole,SEM,,,,,68.0,89.0,1.0,10.0,0.0,168.0
2026-08-08 13:30:11,St. Johns,STJ,,,,,68.0,209.0,2.0,12.0,0.0,291.0
2026-08-08 13:30:11,St. Lucie,STL,,,,,80.0,145.0,1.0,12.0,0.0,238.0
2026-08-08 13:30:11,Sumter,SUM,,,,,55.0,210.0,0.0,3.0,0.0,268.0
2026-08-08 13:30:11,Suwannee,SUW,,,,,5.0,31.0,0.0,0.0,1.0,37.0
2026-08-08 13:30:11,Taylor,TAY,,,,,3.0,12.0,0.0,0.0,0.0,15.0
2026-08-08 13:30:11,Union,UNI,,,,,2.0,14.0,0.0,0.0,0.0,16.0
2026-08-08 13:30:11,Volusia,VOL,,,,,79.0,224.0,3.0,32.0,0.0,338.0
2026-08-08 13:30:11,Wakulla,WAK,,,,,9.0,22.0,1.0,2.0,1.0,35.0
2026-08-08 13:30:11,Walton,WAL,,,,,11.0,107.0,0.0,5.0,0.0,123.0
2026-08-08 13:30:11,Washington,WAS,,,,,0.0,24.0,0.0,0.0,0.0,24.0
2026-08-08 14:36:58,Alachua,ALA,,,,,54.0,29.0,0.0,5.0,0.0,88.0
2026-08-08 14:36:58,Baker,BAK,,,,,2.0,18.0,0.0,1.0,0.0,21.0
2026-08-08 14:36:58,Bay,BAY,,,,,18.0,147.0,0.0,3.0,0.0,168.0
2026-08-08 14:36:58,Bradford,BRA,,,,,1.0,1.0,0.0,0.0,0.0,2.0
2026-08-08 14:36:58,Brevard,BRE,,,,,148.0,408.0,5.0,45.0,3.0,609.0
2026-08-08 14:36:58,Calhoun,CAL,,,,,1.0,10.0,0.0,1.0,0.0,12.0
2026-08-08 14:36:58,Charlotte,CHA,,,,,14.0,82.0,0.0,3.0,1.0,100.0
2026-08-08 14:36:58,Citrus,CIT,,,,,17.0,79.0,0.0,7.0,1.0,104.0
2026-08-08 14:36:58,Clay,CLA,,,,,24.0,106.0,3.0,6.0,0.0,139.0
2026-08-08 14:36:58,Collier,CLL,,,,,35.0,185.0,0.0,11.0,0.0,231.0
2026-08-08 14:36:58,Columbia,CLM,,,,,40.0,63.0,0.0,1.0,0.0,104.0
2026-08-08 14:36:58,DeSoto,DES,,,,,1.0,5.0,0.0,0.0,0.0,6.0
2026-08-08 14:36:58,Dixie,DIX,,,,,6.0,22.0,1.0,3.0,0.0,32.0
2026-08-08 14:36:58,Duval,DUV,,,,,114.0,104.0,0.0,20.0,1.0,239.0
2026-08-08 14:36:58,Escambia,ESC,,,,,50.0,140.0,0.0,12.0,0.0,202.0
2026-08-08 14:36:58,Flagler,FLA,,,,,167.0,196.0,1.0,38.0,1.0,403.0
2026-08-08 14:36:58,Franklin,FRA,,,,,2.0,2.0,0.0,1.0,0.0,5.0
2026-08-08 14:36:58,Gadsden,GAD,,,,,19.0,8.0,1.0,1.0,0.0,29.0
2026-08-08 14:36:58,Gilchrist,GIL,,,,,4.0,10.0,0.0,2.0,0.0,16.0
2026-08-08 14:36:58,Glades,GLA,,,,,0.0,5.0,0.0,1.0,0.0,6.0
2026-08-08 14:36:58,Gulf,GUL,,,,,0.0,23.0,0.0,2.0,0.0,25.0
2026-08-08 14:36:58,Hamilton,HAM,,,,,3.0,9.0,0.0,1.0,0.0,13.0
2026-08-08 14:36:58,Hardee,HAR,,,,,0.0,5.0,0.0,0.0,0.0,5.0
2026-08-08 14:36:58,Hendry,HEN,,,,,3.0,7.0,0.0,1.0,0.0,11.0
2026-08-08 14:36:58,Hernando,HER,,,,,21.0,112.0,1.0,10.0,0.0,144.0
2026-08-08 14:36:58,Highlands,HIG,,,,,42.0,81.0,2.0,14.0,2.0,141.0
2026-08-08 14:36:58,Hillsborough,HIL,,,,,128.0,176.0,1.0,39.0,0.0,344.0
2026-08-08 14:36:58,Holmes,HOL,,,,,2.0,15.0,0.0,0.0,0.0,17.0
2026-08-08 14:36:58,Indian River,IND,,,,,15.0,71.0,0.0,1.0,1.0,88.0
2026-08-08 14:36:58,Jackson,JAC,,,,,5.0,8.0,0.0,0.0,0.0,13.0
2026-08-08 14:36:58,Jefferson,JEF,,,,,3.0,1.0,2.0,0.0,0.0,6.0
2026-08-08 14:36:58,Lafayette,LAF,,,,,1.0,3.0,0.0,0.0,0.0,4.0
2026-08-08 14:36:58,Lee,LEE,,,,,70.0,273.0,1.0,17.0,2.0,363.0
2026-08-08 14:36:58,Leon,LEO,,,,,625.0,319.0,14.0,103.0,5.0,1066.0
2026-08-08 14:36:58,Levy,LEV,,,,,1.0,10.0,0.0,0.0,0.0,11.0
2026-08-08 14:36:58,Liberty,LIB,,,,,4.0,4.0,0.0,0.0,0.0,8.0
2026-08-08 14:36:58,Madison,MAD,,,,,2.0,10.0,0.0,1.0,1.0,14.0
2026-08-08 14:36:58,Manatee,MAN,,,,,39.0,189.0,0.0,5.0,0.0,233.0
2026-08-08 14:36:58,Marion,MRN,,,,,39.0,135.0,0.0,5.0,1.0,180.0
2026-08-08 14:36:58,Martin,MRT,,,,,66.0,147.0,4.0,21.0,0.0,238.0
2026-08-08 14:36:58,Miami-Dade,DAD,,,,,242.0,195.0,1.0,55.0,1.0,494.0
2026-08-08 14:36:58,Monroe,MON,,,,,15.0,30.0,1.0,2.0,0.0,48.0
2026-08-08 14:36:58,Nassau,NAS,,,,,9.0,34.0,0.0,3.0,0.0,46.0
2026-08-08 14:36:58,Okaloosa,OKA,,,,,30.0,128.0,1.0,2.0,2.0,163.0
2026-08-08 14:36:58,Okeechobee,OKE,,,,,1.0,8.0,0.0,0.0,0.0,9.0
2026-08-08 14:36:58,Orange,ORA,,,,,563.0,335.0,12.0,182.0,6.0,1098.0
2026-08-08 14:36:58,Osceola,OSC,,,,,40.0,34.0,1.0,5.0,1.0,81.0
2026-08-08 14:36:58,Palm Beach,PAL,,,,,208.0,255.0,3.0,23.0,0.0,489.0
2026-08-08 14:36:58,Pasco,PAS,,,,,68.0,183.0,1.0,9.0,0.0,261.0
2026-08-08 14:36:58,Pinellas,PIN,,,,,115.0,159.0,5.0,40.0,1.0,320.0
2026-08-08 14:36:58,Polk,POL,,,,,72.0,108.0,2.0,4.0,0.0,186.0
2026-08-08 14:36:58,Putnam,PUT,,,,,0.0,12.0,0.0,0.0,0.0,12.0
2026-08-08 14:36:58,Santa Rosa,SAN,,,,,13.0,53.0,0.0,1.0,1.0,68.0
2026-08-08 14:36:58,Sarasota,SAR,,,,,70.0,177.0,3.0,12.0,0.0,262.0
2026-08-08 14:36:58,Seminole,SEM,,,,,129.0,139.0,3.0,12.0,1.0,284.0
2026-08-08 14:36:58,St. Johns,STJ,,,,,53.0,185.0,2.0,15.0,0.0,255.0
2026-08-08 14:36:58,St. Lucie,STL,,,,,56.0,130.0,2.0,10.0,0.0,198.0
2026-08-08 14:36:58,Sumter,SUM,,,,,123.0,407.0,4.0,38.0,1.0,573.0
2026-08-08 14:36:58,Suwannee,SUW,,,,,7.0,25.0,1.0,1.0,0.0,34.0
2026-08-08 14:36:58,Taylor,TAY,,,,,2.0,8.0,0.0,0.0,0.0,10.0
2026-08-08 14:36:58,Union,UNI,,,,,0.0,7.0,0.0,0.0,0.0,7.0
2026-08-08 14:36:58,Volusia,VOL,,,,,73.0,193.0,5.0,25.0,1.0,297.0
2026-08-08 14:36:58,Wakulla,WAK,,,,,6.0,25.0,1.0,1.0,0.0,33.0
2026-08-08 14:36:58,Walton,WAL,,,,,3.0,102.0,0.0,1.0,0.0,106.0
2026-08-08 14:36:58,Washington,WAS,,,,,2.0,14.0,0.0,2.0,0.0,18.0
2026-08-08 15:29:54,Alachua,ALA,,,,,57.0,24.0,0.0,2.0,1.0,84.0
2026-08-08 15:29:54,Baker,BAK,,,,,0.0,22.0,0.0,0.0,0.0,22.0
2026-08-08 15:29:54,Bay,BAY,,,,,23.0,102.0,1.0,3.0,0.0,129.0
2026-08-08 15:29:54,Brevard,BRE,,,,,105.0,215.0,3.0,13.0,1.0,337.0
2026-08-08 15:29:54,Calhoun,CAL,,,,,1.0,2.0,0.0,0.0,0.0,3.0
2026-08-08 15:29:54,Charlotte,CHA,,,,,11.0,44.0,1.0,0.0,0.0,56.0
2026-08-08 15:29:54,Citrus,CIT,,,,,15.0,62.0,1.0,6.0,0.0,84.0
2026-08-08 15:29:54,Clay,CLA,,,,,15.0,63.0,0.0,5.0,0.0,83.0
2026-08-08 15:29:54,Collier,CLL,,,,,23.0,148.0,0.0,7.0,1.0,179.0
2026-08-08 15:29:54,Columbia,CLM,,,,,7.0,27.0,0.0,1.0,0.0,35.0
2026-08-08 15:29:54,DeSoto,DES,,,,,4.0,2.0,0.0,0.0,0.0,6.0
2026-08-08 15:29:54,Dixie,DIX,,,,,0.0,13.0,0.0,0.0,0.0,13.0
2026-08-08 15:29:54,Duval,DUV,,,,,92.0,71.0,1.0,8.0,0.0,172.0
2026-08-08 15:29:54,Escambia,ESC,,,,,54.0,81.0,3.0,10.0,0.0,148.0
2026-08-08 15:29:54,Flagler,FLA,,,,,111.0,123.0,4.0,19.0,0.0,257.0
2026-08-08 15:29:54,Franklin,FRA,,,,,1.0,1.0,0.0,1.0,0.0,3.0
2026-08-08 15:29:54,Gadsden,GAD,,,,,18.0,5.0,0.0,2.0,0.0,25.0
2026-08-08 15:29:54,Gilchrist,GIL,,,,,0.0,11.0,0.0,0.0,0.0,11.0
2026-08-08 15:29:54,Glades,GLA,,,,,1.0,2.0,0.0,0.0,0.0,3.0
2026-08-08 15:29:54,Gulf,GUL,,,,,3.0,18.0,0.0,0.0,0.0,21.0
2026-08-08 15:29:54,Hamilton,HAM,,,,,1.0,7.0,0.0,0.0,0.0,8.0
2026-08-08 15:29:54,Hardee,HAR,,,,,2.0,7.0,0.0,1.0,0.0,10.0
2026-08-08 15:29:54,Hendry,HEN,,,,,0.0,5.0,0.0,0.0,0.0,5.0
2026-08-08 15:29:54,Hernando,HER,,,,,21.0,48.0,2.0,7.0,0.0,78.0
2026-08-08 15:29:54,Highlands,HIG,,,,,2.0,28.0,0.0,1.0,1.0,32.0
2026-08-08 15:29:54,Hillsborough,HIL,,,,,135.0,142.0,2.0,39.0,0.0,318.0
2026-08-08 15:29:54,Holmes,HOL,,,,,0.0,10.0,0.0,0.0,0.0,10.0
2026-08-08 15:29:54,Indian River,IND,,,,,18.0,59.0,0.0,4.0,0.0,81.0
2026-08-08 15:29:54,Jackson,JAC,,,,,0.0,14.0,0.0,0.0,0.0,14.0
2026-08-08 15:29:54,Jefferson,JEF,,,,,19.0,14.0,0.0,1.0,0.0,34.0
2026-08-08 15:29:54,Lafayette,LAF,,,,,0.0,6.0,0.0,0.0,0.0,6.0
2026-08-08 15:29:54,Leon,LEO,,,,,197.0,95.0,5.0,33.0,0.0,330.0
2026-08-08 15:29:54,Levy,LEV,,,,,0.0,14.0,0.0,0.0,0.0,14.0
2026-08-08 15:29:54,Liberty,LIB,,,,,3.0,28.0,0.0,1.0,0.0,32.0
2026-08-08 15:29:54,Madison,MAD,,,,,0.0,2.0,0.0,1.0,0.0,3.0
2026-08-08 15:29:54,Manatee,MAN,,,,,36.0,150.0,1.0,3.0,0.0,190.0
2026-08-08 15:29:54,Marion,MRN,,,,,49.0,106.0,1.0,5.0,0.0,161.0
2026-08-08 15:29:54,Martin,MRT,,,,,44.0,87.0,2.0,8.0,0.0,141.0
2026-08-08 15:29:54,Miami-Dade,DAD,,,,,206.0,230.0,2.0,48.0,0.0,486.0
2026-08-08 15:29:54,Monroe,MON,,,,,61.0,61.0,1.0,19.0,2.0,144.0
2026-08-08 15:29:54,Nassau,NAS,,,,,6.0,31.0,2.0,4.0,0.0,43.0
2026-08-08 15:29:54,Okaloosa,OKA,,,,,25.0,89.0,1.0,8.0,0.0,123.0
2026-08-08 15:29:54,Okeechobee,OKE,,,,,4.0,7.0,0.0,0.0,0.0,11.0
2026-08-08 15:29:54,Orange,ORA,,,,,476.0,240.0,6.0,132.0,6.0,860.0
2026-08-08 15:29:54,Osceola,OSC,,,,,27.0,34.0,0.0,5.0,1.0,67.0
2026-08-08 15:29:54,Palm Beach,PAL,,,,,173.0,252.0,5.0,27.0,0.0,457.0
2026-08-08 15:29:54,Pasco,PAS,,,,,83.0,138.0,2.0,19.0,3.0,245.0
2026-08-08 15:29:54,Pinellas,PIN,,,,,40.0,95.0,2.0,23.0,0.0,160.0
2026-08-08 15:29:54,Polk,POL,,,,,51.0,58.0,1.0,7.0,1.0,118.0
2026-08-08 15:29:54,Putnam,PUT,,,,,0.0,7.0,0.0,0.0,0.0,7.0
2026-08-08 15:29:54,Santa Rosa,SAN,,,,,11.0,56.0,0.0,5.0,0.0,72.0
2026-08-08 15:29:54,Sarasota,SAR,,,,,46.0,124.0,4.0,9.0,0.0,183.0
2026-08-08 15:29:54,Seminole,SEM,,,,,77.0,83.0,2.0,15.0,0.0,177.0
2026-08-08 15:29:54,St. Johns,STJ,,,,,28.0,113.0,0.0,6.0,1.0,148.0
2026-08-08 15:29:54,St. Lucie,STL,,,,,71.0,70.0,0.0,11.0,0.0,152.0
2026-08-08 15:29:54,Sumter,SUM,,,,,82.0,279.0,2.0,31.0,1.0,395.0
2026-08-08 15:29:54,Suwannee,SUW,,,,,8.0,20.0,0.0,0.0,0.0,28.0
2026-08-08 15:29:54,Taylor,TAY,,,,,0.0,7.0,1.0,0.0,0.0,8.0
2026-08-08 15:29:54,Union,UNI,,,,,2.0,16.0,0.0,2.0,0.0,20.0
2026-08-08 15:29:54,Volusia,VOL,,,,,75.0,154.0,1.0,18.0,2.0,250.0
2026-08-08 15:29:54,Wakulla,WAK,,,,,7.0,15.0,0.0,0.0,0.0,22.0
2026-08-08 15:29:54,Walton,WAL,,,,,10.0,69.0,0.0,3.0,1.0,83.0
2026-08-08 15:29:54,Washington,WAS,,,,,1.0,11.0,0.0,3.0,0.0,15.0
2026-08-08 16:30:06,Alachua,ALA,,,,,41.0,25.0,0.0,8.0,0.0,74.0
2026-08-08 16:30:06,Baker,BAK,,,,,4.0,10.0,0.0,1.0,0.0,15.0
2026-08-08 16:30:06,Bay,BAY,,,,,18.0,103.0,1.0,6.0,0.0,128.0
2026-08-08 16:30:06,Bradford,BRA,,,,,0.0,2.0,0.0,0.0,0.0,2.0
2026-08-08 16:30:06,Brevard,BRE,,,,,45.0,166.0,3.0,7.0,1.0,222.0
2026-08-08 16:30:06,Calhoun,CAL,,,,,0.0,9.0,0.0,0.0,0.0,9.0
2026-08-08 16:30:06,Charlotte,CHA,,,,,7.0,42.0,1.0,7.0,0.0,57.0
2026-08-08 16:30:06,Citrus,CIT,,,,,6.0,55.0,0.0,6.0,0.0,67.0
2026-08-08 16:30:06,Clay,CLA,,,,,12.0,80.0,1.0,3.0,0.0,96.0
2026-08-08 16:30:06,Collier,CLL,,,,,30.0,117.0,0.0,11.0,0.0,158.0
2026-08-08 16:30:06,Columbia,CLM,,,,,6.0,29.0,0.0,4.0,0.0,39.0
2026-08-08 16:30:06,DeSoto,DES,,,,,3.0,5.0,0.0,0.0,0.0,8.0
2026-08-08 16:30:06,Dixie,DIX,,,,,3.0,8.0,0.0,0.0,2.0,13.0
2026-08-08 16:30:06,Duval,DUV,,,,,137.0,119.0,0.0,15.0,2.0,273.0
2026-08-08 16:30:06,Escambia,ESC,,,,,136.0,224.0,2.0,11.0,1.0,374.0
2026-08-08 16:30:06,Flagler,FLA,,,,,37.0,57.0,1.0,18.0,0.0,113.0
2026-08-08 16:30:06,Franklin,FRA,,,,,1.0,6.0,0.0,0.0,0.0,7.0
2026-08-08 16:30:06,Gadsden,GAD,,,,,10.0,2.0,0.0,0.0,0.0,12.0
2026-08-08 16:30:06,Gilchrist,GIL,,,,,0.0,6.0,0.0,2.0,0.0,8.0
2026-08-08 16:30:06,Glades,GLA,,,,,5.0,16.0,2.0,1.0,0.0,24.0
2026-08-08 16:30:06,Gulf,GUL,,,,,2.0,11.0,0.0,1.0,0.0,14.0
2026-08-08 16:30:06,Hamilton,HAM,,,,,4.0,10.0,0.0,1.0,0.0,15.0
2026-08-08 16:30:06,Hardee,HAR,,,,,0.0,2.0,0.0,0.0,0.0,2.0
2026-08-08 16:30:06,Hendry,HEN,,,,,3.0,3.0,0.0,0.0,0.0,6.0
2026-08-08 16:30:06,Hernando,HER,,,,,15.0,57.0,1.0,14.0,2.0,89.0
2026-08-08 16:30:06,Highlands,HIG,,,,,7.0,27.0,1.0,0.0,0.0,35.0
2026-08-08 16:30:06,Hillsborough,HIL,,,,,106.0,126.0,2.0,20.0,0.0,254.0
2026-08-08 16:30:06,Holmes,HOL,,,,,0.0,14.0,0.0,0.0,0.0,14.0
2026-08-08 16:30:06,Indian River,IND,,,,,4.0,22.0,0.0,1.0,0.0,27.0
2026-08-08 16:30:06,Jackson,JAC,,,,,2.0,1.0,1.0,0.0,0.0,4.0
2026-08-08 16:30:06,Jefferson,JEF,,,,,3.0,2.0,0.0,1.0,0.0,6.0
2026-08-08 16:30:06,Lafayette,LAF,,,,,0.0,1.0,0.0,0.0,0.0,1.0
2026-08-08 16:30:06,Leon,LEO,,,,,69.0,37.0,1.0,9.0,0.0,116.0
2026-08-08 16:30:06,Levy,LEV,,,,,0.0,10.0,0.0,0.0,0.0,10.0
2026-08-08 16:30:06,Liberty,LIB,,,,,0.0,5.0,0.0,0.0,0.0,5.0
2026-08-08 16:30:06,Manatee,MAN,,,,,32.0,98.0,0.0,1.0,0.0,131.0
2026-08-08 16:30:06,Marion,MRN,,,,,13.0,62.0,0.0,1.0,0.0,76.0
2026-08-08 16:30:06,Martin,MRT,,,,,15.0,40.0,1.0,3.0,0.0,59.0
2026-08-08 16:30:06,Miami-Dade,DAD,,,,,86.0,98.0,3.0,12.0,0.0,199.0
2026-08-08 16:30:06,Monroe,MON,,,,,12.0,33.0,0.0,4.0,0.0,49.0
2026-08-08 16:30:06,Nassau,NAS,,,,,45.0,54.0,1.0,13.0,0.0,113.0
2026-08-08 16:30:06,Okaloosa,OKA,,,,,18.0,90.0,0.0,4.0,1.0,113.0
2026-08-08 16:30:06,Okeechobee,OKE,,,,,0.0,16.0,0.0,0.0,0.0,16.0
2026-08-08 16:30:06,Orange,ORA,,,,,154.0,101.0,2.0,42.0,1.0,300.0
2026-08-08 16:30:06,Osceola,OSC,,,,,23.0,25.0,0.0,3.0,0.0,51.0
2026-08-08 16:30:06,Palm Beach,PAL,,,,,134.0,149.0,3.0,17.0,0.0,303.0
2026-08-08 16:30:06,Pasco,PAS,,,,,54.0,81.0,2.0,7.0,0.0,144.0
2026-08-08 16:30:06,Pinellas,PIN,,,,,35.0,62.0,0.0,19.0,1.0,117.0
2026-08-08 16:30:06,Polk,POL,,,,,23.0,55.0,0.0,8.0,0.0,86.0
2026-08-08 16:30:06,Putnam,PUT,,,,,3.0,8.0,0.0,1.0,0.0,12.0
2026-08-08 16:30:06,Santa Rosa,SAN,,,,,8.0,34.0,0.0,1.0,0.0,43.0
2026-08-08 16:30:06,Sarasota,SAR,,,,,38.0,88.0,3.0,15.0,2.0,146.0
2026-08-08 16:30:06,Seminole,SEM,,,,,96.0,223.0,4.0,20.0,0.0,343.0
2026-08-08 16:30:06,St. Johns,STJ,,,,,23.0,90.0,0.0,9.0,1.0,123.0
2026-08-08 16:30:06,St. Lucie,STL,,,,,31.0,69.0,0.0,8.0,1.0,109.0
2026-08-08 16:30:06,Sumter,SUM,,,,,19.0,69.0,0.0,1.0,2.0,91.0
2026-08-08 16:30:06,Suwannee,SUW,,,,,4.0,22.0,0.0,0.0,0.0,26.0
2026-08-08 16:30:06,Taylor,TAY,,,,,5.0,4.0,0.0,0.0,0.0,9.0
2026-08-08 16:30:06,Union,UNI,,,,,0.0,2.0,0.0,0.0,0.0,2.0
2026-08-08 16:30:06,Volusia,VOL,,,,,55.0,91.0,1.0,13.0,1.0,161.0
2026-08-08 16:30:06,Wakulla,WAK,,,,,3.0,10.0,0.0,2.0,0.0,15.0
2026-08-08 16:30:06,Walton,WAL,,,,,21.0,107.0,1.0,8.0,0.0,137.0
2026-08-08 16:30:06,Washington,WAS,,,,,2.0,9.0,0.0,0.0,0.0,11.0
2026-08-08 17:30:02,Alachua,ALA,,,,,27.0,15.0,1.0,1.0,0.0,44.0
2026-08-08 17:30:02,Baker,BAK,,,,,8.0,6.0,0.0,1.0,0.0,15.0
2026-08-08 17:30:02,Bay,BAY,,,,,31.0,80.0,0.0,3.0,0.0,114.0
2026-08-08 17:30:02,Bradford,BRA,,,,,1.0,0.0,0.0,0.0,0.0,1.0
2026-08-08 17:30:02,Calhoun,CAL,,,,,0.0,1.0,0.0,1.0,0.0,2.0
2026-08-08 17:30:02,Charlotte,CHA,,,,,2.0,21.0,0.0,1.0,0.0,24.0
2026-08-08 17:30:02,Citrus,CIT,,,,,3.0,22.0,0.0,3.0,0.0,28.0
2026-08-08 17:30:02,Clay,CLA,,,,,18.0,50.0,0.0,1.0,0.0,69.0
2026-08-08 17:30:02,Collier,CLL,,,,,11.0,79.0,0.0,9.0,1.0,100.0
2026-08-08 17:30:02,Columbia,CLM,,,,,6.0,22.0,0.0,2.0,0.0,30.0
2026-08-08 17:30:02,DeSoto,DES,,,,,0.0,2.0,0.0,0.0,0.0,2.0
2026-08-08 17:30:02,Dixie,DIX,,,,,2.0,22.0,1.0,1.0,0.0,26.0
2026-08-08 17:30:02,Duval,DUV,,,,,73.0,57.0,0.0,15.0,1.0,146.0
2026-08-08 17:30:02,Escambia,ESC,,,,,39.0,99.0,1.0,7.0,1.0,147.0
2026-08-08 17:30:02,Flagler,FLA,,,,,10.0,21.0,2.0,3.0,0.0,36.0
2026-08-08 17:30:02,Gadsden,GAD,,,,,10.0,4.0,0.0,0.0,0.0,14.0
2026-08-08 17:30:02,Gilchrist,GIL,,,,,0.0,8.0,0.0,1.0,0.0,9.0
2026-08-08 17:30:02,Glades,GLA,,,,,0.0,2.0,0.0,0.0,0.0,2.0
2026-08-08 17:30:02,Gulf,GUL,,,,,0.0,5.0,0.0,0.0,0.0,5.0
2026-08-08 17:30:02,Hamilton,HAM,,,,,3.0,0.0,0.0,0.0,0.0,3.0
2026-08-08 17:30:02,Hardee,HAR,,,,,0.0,2.0,0.0,0.0,0.0,2.0
2026-08-08 17:30:02,Hendry,HEN,,,,,1.0,0.0,0.0,1.0,1.0,3.0
2026-08-08 17:30:02,Hernando,HER,,,,,13.0,32.0,0.0,5.0,1.0,51.0
2026-08-08 17:30:02,Hillsborough,HIL,,,,,77.0,96.0,0.0,18.0,0.0,191.0
2026-08-08 17:30:02,Holmes,HOL,,,,,0.0,3.0,0.0,1.0,1.0,5.0
2026-08-08 17:30:02,Jackson,JAC,,,,,4.0,6.0,0.0,0.0,0.0,10.0
2026-08-08 17:30:02,Leon,LEO,,,,,63.0,25.0,1.0,11.0,0.0,100.0
2026-08-08 17:30:02,Levy,LEV,,,,,0.0,2.0,0.0,0.0,0.0,2.0
2026-08-08 17:30:02,Manatee,MAN,,,,,12.0,58.0,0.0,0.0,0.0,70.0
2026-08-08 17:30:02,Marion,MRN,,,,,17.0,35.0,0.0,1.0,0.0,53.0
2026-08-08 17:30:02,Martin,MRT,,,,,1.0,23.0,0.0,1.0,0.0,25.0
2026-08-08 17:30:02,Monroe,MON,,,,,9.0,13.0,0.0,1.0,0.0,23.0
2026-08-08 17:30:02,Nassau,NAS,,,,,46.0,79.0,2.0,11.0,0.0,138.0
2026-08-08 17:30:02,Okaloosa,OKA,,,,,7.0,57.0,0.0,0.0,0.0,64.0
2026-08-08 17:30:02,Okeechobee,OKE,,,,,0.0,4.0,0.0,0.0,0.0,4.0
2026-08-08 17:30:02,Orange,ORA,,,,,108.0,77.0,1.0,22.0,1.0,209.0
2026-08-08 17:30:02,Osceola,OSC,,,,,15.0,14.0,0.0,2.0,0.0,31.0
2026-08-08 17:30:02,Palm Beach,PAL,,,,,808.0,534.0,21.0,153.0,0.0,1516.0
2026-08-08 17:30:02,Pasco,PAS,,,,,12.0,54.0,1.0,2.0,1.0,70.0
2026-08-08 17:30:02,Pinellas,PIN,,,,,8.0,30.0,0.0,3.0,0.0,41.0
2026-08-08 17:30:02,Polk,POL,,,,,15.0,43.0,1.0,7.0,0.0,66.0
2026-08-08 17:30:02,Putnam,PUT,,,,,3.0,9.0,0.0,0.0,0.0,12.0
2026-08-08 17:30:02,Santa Rosa,SAN,,,,,5.0,27.0,1.0,0.0,0.0,33.0
2026-08-08 17:30:02,Sarasota,SAR,,,,,1.0,0.0,0.0,2.0,0.0,3.0
2026-08-08 17:30:02,Seminole,SEM,,,,,259.0,110.0,8.0,76.0,1.0,454.0
2026-08-08 17:30:02,St. Johns,STJ,,,,,19.0,70.0,0.0,16.0,1.0,106.0
2026-08-08 17:30:02,St. Lucie,STL,,,,,27.0,34.0,1.0,3.0,1.0,66.0
2026-08-08 17:30:02,Sumter,SUM,,,,,18.0,58.0,1.0,2.0,0.0,79.0
2026-08-08 17:30:02,Suwannee,SUW,,,,,1.0,9.0,0.0,0.0,0.0,10.0
2026-08-08 17:30:02,Taylor,TAY,,,,,0.0,4.0,0.0,0.0,0.0,4.0
2026-08-08 17:30:02,Union,UNI,,,,,1.0,2.0,0.0,0.0,0.0,3.0
2026-08-08 17:30:02,Volusia,VOL,,,,,24.0,70.0,1.0,9.0,0.0,104.0
2026-08-08 17:30:02,Walton,WAL,,,,,4.0,21.0,0.0,1.0,0.0,26.0
2026-08-08 17:30:02,Washington,WAS,,,,,1.0,4.0,0.0,0.0,0.0,5.0
2026-08-08 18:28:49,Alachua,ALA,,,,,14.0,10.0,0.0,0.0,0.0,24.0
2026-08-08 18:28:49,Bay,BAY,,,,,12.0,40.0,0.0,0.0,0.0,52.0
2026-08-08 18:28:49,Bradford,BRA,,,,,3.0,2.0,0.0,0.0,0.0,5.0
2026-08-08 18:28:49,Calhoun,CAL,,,,,0.0,3.0,0.0,0.0,0.0,3.0
2026-08-08 18:28:49,Charlotte,CHA,,,,,6.0,6.0,0.0,1.0,0.0,13.0
2026-08-08 18:28:49,Citrus,CIT,,,,,3.0,8.0,1.0,0.0,0.0,12.0
2026-08-08 18:28:49,Clay,CLA,,,,,6.0,6.0,0.0,0.0,0.0,12.0
2026-08-08 18:28:49,Collier,CLL,,,,,3.0,11.0,0.0,0.0,0.0,14.0
2026-08-08 18:28:49,Columbia,CLM,,,,,2.0,7.0,0.0,1.0,0.0,10.0
2026-08-08 18:28:49,Dixie,DIX,,,,,2.0,10.0,0.0,0.0,0.0,12.0
2026-08-08 18:28:49,Duval,DUV,,,,,26.0,22.0,0.0,4.0,0.0,52.0
2026-08-08 18:28:49,Escambia,ESC,,,,,22.0,17.0,0.0,4.0,0.0,43.0
2026-08-08 18:28:49,Flagler,FLA,,,,,1.0,10.0,0.0,1.0,0.0,12.0
2026-08-08 18:28:49,Gadsden,GAD,,,,,18.0,0.0,0.0,0.0,0.0,18.0
2026-08-08 18:28:49,Gilchrist,GIL,,,,,1.0,1.0,0.0,0.0,0.0,2.0
2026-08-08 18:28:49,Hamilton,HAM,,,,,0.0,0.0,0.0,1.0,0.0,1.0
2026-08-08 18:28:49,Hendry,HEN,,,,,0.0,1.0,0.0,0.0,0.0,1.0
2026-08-08 18:28:49,Hernando,HER,,,,,3.0,6.0,0.0,0.0,0.0,9.0
2026-08-08 18:28:49,Hillsborough,HIL,,,,,28.0,28.0,0.0,5.0,0.0,61.0
2026-08-08 18:28:49,Jackson,JAC,,,,,2.0,8.0,0.0,0.0,0.0,10.0
2026-08-08 18:28:49,Leon,LEO,,,,,50.0,9.0,1.0,10.0,0.0,70.0
2026-08-08 18:28:49,Manatee,MAN,,,,,5.0,10.0,0.0,2.0,0.0,17.0
2026-08-08 18:28:49,Marion,MRN,,,,,5.0,15.0,0.0,1.0,0.0,21.0
2026-08-08 18:28:49,Monroe,MON,,,,,6.0,4.0,0.0,0.0,0.0,10.0
2026-08-08 18:28:49,Nassau,NAS,,,,,0.0,3.0,0.0,0.0,0.0,3.0
2026-08-08 18:28:49,Okaloosa,OKA,,,,,12.0,39.0,0.0,1.0,0.0,52.0
2026-08-08 18:28:49,Orange,ORA,,,,,66.0,30.0,2.0,8.0,0.0,106.0
2026-08-08 18:28:49,Osceola,OSC,,,,,3.0,15.0,0.0,2.0,0.0,20.0
2026-08-08 18:28:49,Palm Beach,PAL,,,,,668.0,381.0,11.0,106.0,3.0,1169.0
2026-08-08 18:28:49,Pasco,PAS,,,,,3.0,10.0,0.0,2.0,0.0,15.0
2026-08-08 18:28:49,Polk,POL,,,,,6.0,9.0,0.0,0.0,0.0,15.0
2026-08-08 18:28:49,Santa Rosa,SAN,,,,,3.0,1.0,0.0,2.0,0.0,6.0
2026-08-08 18:28:49,Seminole,SEM,,,,,24.0,17.0,1.0,13.0,0.0,55.0
2026-08-08 18:28:49,St. Johns,STJ,,,,,6.0,15.0,3.0,1.0,0.0,25.0
2026-08-08 18:28:49,St. Lucie,STL,,,,,5.0,13.0,0.0,2.0,2.0,22.0
2026-08-08 18:28:49,Sumter,SUM,,,,,0.0,8.0,0.0,2.0,0.0,10.0
2026-08-08 18:28:49,Volusia,VOL,,,,,5.0,14.0,0.0,2.0,0.0,21.0
2026-08-08 18:28:49,Washington,WAS,,,,,1.0,5.0,0.0,0.0,0.0,6.0
2026-08-08 19:28:47,Bay,BAY,,,,,4.0,14.0,0.0,3.0,0.0,21.0
2026-08-08 19:28:47,Calhoun,CAL,,,,,1.0,2.0,0.0,1.0,0.0,4.0
2026-08-08 19:28:47,Collier,CLL,,,,,0.0,1.0,0.0,0.0,0.0,1.0
2026-08-08 19:28:47,Escambia,ESC,,,,,2.0,1.0,0.0,1.0,0.0,4.0
2026-08-08 19:28:47,Gadsden,GAD,,,,,1.0,2.0,0.0,0.0,0.0,3.0
2026-08-08 19:28:47,Lake,LAK,,,,,226.0,618.0,5.0,49.0,1.0,899.0
2026-08-08 19:28:47,Leon,LEO,,,,,86.0,24.0,1.0,13.0,0.0,124.0
2026-08-08 19:28:47,Okaloosa,OKA,,,,,2.0,16.0,1.0,2.0,0.0,21.0
2026-08-08 19:28:47,Orange,ORA,,,,,41.0,20.0,0.0,5.0,0.0,66.0
2026-08-08 19:28:47,Palm Beach,PAL,,,,,105.0,48.0,3.0,12.0,0.0,168.0
2026-08-08 19:28:47,Sumter,SUM,,,,,4.0,0.0,0.0,0.0,0.0,4.0
2026-08-08 19:28:47,Washington,WAS,,,,,0.0,1.0,0.0,0.0,0.0,1.0
2026-08-08 21:44:28,Lake,LAK,,,,,0.0,2.0,0.0,1.0,0.0,3.0
2026-08-08 21:44:28,Leon,LEO,,,,,142.0,71.0,2.0,21.0,1.0,237.0
2026-08-08 21:44:28,Orange,ORA,,,,,178.0,83.0,2.0,55.0,0.0,318.0
2026-08-08 21:44:28,Palm Beach,PAL,,,,,544.0,153.0,3.0,42.0,0.0,742.0
2026-08-09 07:28:44,Palm Beach,PAL,,,,,6.0,11.0,1.0,0.0,0.0,18.0
2026-08-09 08:50:32,Baker,BAK,,,,,0.0,1.0,0.0,0.0,0.0,1.0
2026-08-09 08:50:32,Brevard,BRE,,,,,160.0,67.0,0.0,7.0,0.0,234.0
2026-08-09 08:50:32,Charlotte,CHA,,,,,2.0,21.0,0.0,1.0,0.0,24.0
2026-08-09 08:50:32,Columbia,CLM,,,,,0.0,7.0,0.0,0.0,0.0,7.0
2026-08-09 08:50:32,DeSoto,DES,,,,,3.0,0.0,0.0,0.0,0.0,3.0
2026-08-09 08:50:32,Dixie,DIX,,,,,0.0,3.0,0.0,0.0,0.0,3.0
2026-08-09 08:50:32,Franklin,FRA,,,,,0.0,2.0,0.0,0.0,0.0,2.0
2026-08-09 08:50:32,Gadsden,GAD,,,,,6.0,2.0,0.0,0.0,0.0,8.0
2026-08-09 08:50:32,Gulf,GUL,,,,,2.0,1.0,0.0,0.0,0.0,3.0
2026-08-09 08:50:32,Hardee,HAR,,,,,0.0,4.0,0.0,0.0,0.0,4.0
2026-08-09 08:50:32,Highlands,HIG,,,,,0.0,6.0,0.0,0.0,0.0,6.0
2026-08-09 08:50:32,Holmes,HOL,,,,,0.0,1.0,0.0,0.0,0.0,1.0
2026-08-09 08:50:32,Indian River,IND,,,,,58.0,80.0,1.0,13.0,0.0,152.0
2026-08-09 08:50:32,Jefferson,JEF,,,,,0.0,1.0,0.0,0.0,0.0,1.0
2026-08-09 08:50:32,Lafayette,LAF,,,,,0.0,2.0,0.0,0.0,0.0,2.0
2026-08-09 08:50:32,Leon,LEO,,,,,5.0,4.0,0.0,2.0,0.0,11.0
2026-08-09 08:50:32,Levy,LEV,,,,,0.0,2.0,0.0,0.0,0.0,2.0
2026-08-09 08:50:32,Madison,MAD,,,,,2.0,1.0,0.0,1.0,0.0,4.0
2026-08-09 08:50:32,Manatee,MAN,,,,,5.0,14.0,0.0,0.0,0.0,19.0
2026-08-09 08:50:32,Martin,MRT,,,,,3.0,21.0,1.0,3.0,0.0,28.0
2026-08-09 08:50:32,Miami-Dade,DAD,,,,,70.0,37.0,0.0,8.0,0.0,115.0
2026-08-09 08:50:32,Monroe,MON,,,,,2.0,2.0,0.0,0.0,0.0,4.0
2026-08-09 08:50:32,Okeechobee,OKE,,,,,1.0,0.0,0.0,0.0,0.0,1.0
2026-08-09 08:50:32,Palm Beach,PAL,,,,,57.0,59.0,1.0,10.0,0.0,127.0
2026-08-09 08:50:32,Pinellas,PIN,,,,,7.0,12.0,0.0,3.0,0.0,22.0
2026-08-09 08:50:32,Putnam,PUT,,,,,4.0,5.0,0.0,0.0,0.0,9.0
2026-08-09 08:50:32,Sarasota,SAR,,,,,14.0,22.0,0.0,5.0,0.0,41.0
2026-08-09 08:50:32,Seminole,SEM,,,,,1.0,1.0,0.0,0.0,0.0,2.0
2026-08-09 08:50:32,St. Johns,STJ,,,,,5.0,3.0,0.0,0.0,0.0,8.0
2026-08-09 08:50:32,Sumter,SUM,,,,,0.0,0.0,0.0,2.0,0.0,2.0
2026-08-09 08:50:32,Suwannee,SUW,,,,,0.0,1.0,0.0,0.0,0.0,1.0
2026-08-09 08:50:32,Taylor,TAY,,,,,1.0,3.0,0.0,0.0,0.0,4.0
2026-08-09 08:50:32,Volusia,VOL,,,,,30.0,48.0,1.0,7.0,0.0,86.0
2026-08-09 08:50:32,Wakulla,WAK,,,,,1.0,11.0,0.0,0.0,0.0,12.0
2026-08-09 09:49:51,Alachua,ALA,,,,,25.0,6.0,1.0,2.0,1.0,35.0
2026-08-09 09:49:51,Baker,BAK,,,,,0.0,6.0,0.0,0.0,0.0,6.0
2026-08-09 09:49:51,Bradford,BRA,,,,,0.0,6.0,0.0,0.0,0.0,6.0
2026-08-09 09:49:51,Brevard,BRE,,,,,65.0,258.0,3.0,32.0,1.0,359.0
2026-08-09 09:49:51,Charlotte,CHA,,,,,3.0,36.0,0.0,4.0,0.0,43.0
2026-08-09 09:49:51,Columbia,CLM,,,,,0.0,9.0,0.0,0.0,0.0,9.0
2026-08-09 09:49:51,DeSoto,DES,,,,,2.0,0.0,0.0,0.0,0.0,2.0
2026-08-09 09:49:51,Dixie,DIX,,,,,0.0,9.0,0.0,0.0,0.0,9.0
2026-08-09 09:49:51,Escambia,ESC,,,,,17.0,16.0,2.0,1.0,0.0,36.0
2026-08-09 09:49:51,Franklin,FRA,,,,,0.0,1.0,0.0,0.0,0.0,1.0
2026-08-09 09:49:51,Gadsden,GAD,,,,,4.0,2.0,0.0,0.0,0.0,6.0
2026-08-09 09:49:51,Gilchrist,GIL,,,,,2.0,9.0,0.0,0.0,0.0,11.0
2026-08-09 09:49:51,Glades,GLA,,,,,0.0,2.0,0.0,0.0,0.0,2.0
2026-08-09 09:49:51,Gulf,GUL,,,,,0.0,2.0,0.0,0.0,0.0,2.0
2026-08-09 09:49:51,Hamilton,HAM,,,,,2.0,4.0,0.0,0.0,0.0,6.0
2026-08-09 09:49:51,Hardee,HAR,,,,,0.0,4.0,0.0,0.0,0.0,4.0
2026-08-09 09:49:51,Hendry,HEN,,,,,0.0,1.0,0.0,0.0,0.0,1.0
2026-08-09 09:49:51,Hernando,HER,,,,,3.0,35.0,0.0,2.0,0.0,40.0
2026-08-09 09:49:51,Highlands,HIG,,,,,1.0,13.0,0.0,0.0,0.0,14.0
2026-08-09 09:49:51,Hillsborough,HIL,,,,,88.0,30.0,0.0,20.0,0.0,138.0
2026-08-09 09:49:51,Holmes,HOL,,,,,0.0,6.0,0.0,0.0,1.0,7.0
2026-08-09 09:49:51,Indian River,IND,,,,,3.0,25.0,0.0,0.0,0.0,28.0
2026-08-09 09:49:51,Jackson,JAC,,,,,29.0,28.0,0.0,0.0,0.0,57.0
2026-08-09 09:49:51,Jefferson,JEF,,,,,0.0,1.0,0.0,0.0,0.0,1.0
2026-08-09 09:49:51,Lake,LAK,,,,,0.0,2.0,0.0,0.0,0.0,2.0
2026-08-09 09:49:51,Leon,LEO,,,,,8.0,3.0,0.0,3.0,0.0,14.0
2026-08-09 09:49:51,Levy,LEV,,,,,5.0,3.0,0.0,0.0,0.0,8.0
2026-08-09 09:49:51,Liberty,LIB,,,,,1.0,1.0,0.0,0.0,0.0,2.0
2026-08-09 09:49:51,Madison,MAD,,,,,3.0,3.0,0.0,0.0,0.0,6.0
2026-08-09 09:49:51,Manatee,MAN,,,,,6.0,25.0,0.0,1.0,0.0,32.0
2026-08-09 09:49:51,Martin,MRT,,,,,9.0,29.0,0.0,0.0,0.0,38.0
2026-08-09 09:49:51,Miami-Dade,DAD,,,,,96.0,86.0,0.0,22.0,0.0,204.0
2026-08-09 09:49:51,Monroe,MON,,,,,1.0,9.0,0.0,2.0,0.0,12.0
2026-08-09 09:49:51,Nassau,NAS,,,,,3.0,22.0,1.0,1.0,0.0,27.0
2026-08-09 09:49:51,Okeechobee,OKE,,,,,2.0,6.0,0.0,0.0,0.0,8.0
2026-08-09 09:49:51,Orange,ORA,,,,,79.0,44.0,1.0,13.0,0.0,137.0
2026-08-09 09:49:51,Osceola,OSC,,,,,14.0,26.0,0.0,2.0,0.0,42.0
2026-08-09 09:49:51,Palm Beach,PAL,,,,,82.0,99.0,2.0,10.0,0.0,193.0
2026-08-09 09:49:51,Pasco,PAS,,,,,7.0,2.0,0.0,0.0,0.0,9.0
2026-08-09 09:49:51,Pinellas,PIN,,,,,22.0,22.0,1.0,0.0,0.0,45.0
2026-08-09 09:49:51,Polk,POL,,,,,11.0,41.0,0.0,4.0,0.0,56.0
2026-08-09 09:49:51,Putnam,PUT,,,,,1.0,4.0,0.0,0.0,0.0,5.0
2026-08-09 09:49:51,Santa Rosa,SAN,,,,,8.0,27.0,0.0,3.0,0.0,38.0
2026-08-09 09:49:51,Sarasota,SAR,,,,,34.0,58.0,2.0,6.0,0.0,100.0
2026-08-09 09:49:51,Seminole,SEM,,,,,22.0,150.0,0.0,1.0,0.0,173.0
2026-08-09 09:49:51,St. Johns,STJ,,,,,29.0,88.0,0.0,3.0,1.0,121.0
2026-08-09 09:49:51,Suwannee,SUW,,,,,6.0,4.0,0.0,0.0,0.0,10.0
2026-08-09 09:49:51,Taylor,TAY,,,,,0.0,1.0,0.0,0.0,0.0,1.0
2026-08-09 09:49:51,Volusia,VOL,,,,,38.0,63.0,3.0,7.0,1.0,112.0
2026-08-09 09:49:51,Wakulla,WAK,,,,,2.0,13.0,0.0,0.0,0.0,15.0
2026-08-09 10:34:30,Alachua,ALA,,,,,33.0,3.0,1.0,3.0,0.0,40.0
2026-08-09 10:34:30,Baker,BAK,,,,,3.0,8.0,0.0,0.0,0.0,11.0
2026-08-09 10:34:30,Brevard,BRE,,,,,45.0,116.0,0.0,9.0,0.0,170.0
2026-08-09 10:34:30,Charlotte,CHA,,,,,11.0,62.0,0.0,3.0,0.0,76.0
2026-08-09 10:34:30,Citrus,CIT,,,,,13.0,47.0,1.0,5.0,0.0,66.0
2026-08-09 10:34:30,Clay,CLA,,,,,6.0,82.0,0.0,5.0,0.0,93.0
2026-08-09 10:34:30,Collier,CLL,,,,,12.0,74.0,0.0,3.0,0.0,89.0
2026-08-09 10:34:30,Columbia,CLM,,,,,2.0,9.0,0.0,0.0,0.0,11.0
2026-08-09 10:34:30,DeSoto,DES,,,,,1.0,6.0,0.0,0.0,0.0,7.0
2026-08-09 10:34:30,Dixie,DIX,,,,,3.0,9.0,0.0,1.0,0.0,13.0
2026-08-09 10:34:30,Duval,DUV,,,,,94.0,94.0,1.0,14.0,2.0,205.0
2026-08-09 10:34:30,Escambia,ESC,,,,,8.0,28.0,0.0,2.0,0.0,38.0
2026-08-09 10:34:30,Flagler,FLA,,,,,19.0,42.0,0.0,5.0,0.0,66.0
2026-08-09 10:34:30,Franklin,FRA,,,,,0.0,1.0,0.0,0.0,0.0,1.0
2026-08-09 10:34:30,Gadsden,GAD,,,,,4.0,1.0,0.0,0.0,0.0,5.0
2026-08-09 10:34:30,Gilchrist,GIL,,,,,1.0,7.0,0.0,0.0,0.0,8.0
2026-08-09 10:34:30,Glades,GLA,,,,,1.0,1.0,0.0,0.0,0.0,2.0
2026-08-09 10:34:30,Hamilton,HAM,,,,,3.0,2.0,0.0,0.0,0.0,5.0
2026-08-09 10:34:30,Hardee,HAR,,,,,2.0,1.0,0.0,0.0,0.0,3.0
2026-08-09 10:34:30,Hendry,HEN,,,,,1.0,2.0,0.0,0.0,0.0,3.0
2026-08-09 10:34:30,Hernando,HER,,,,,6.0,26.0,0.0,5.0,0.0,37.0
2026-08-09 10:34:30,Highlands,HIG,,,,,3.0,14.0,0.0,0.0,0.0,17.0
2026-08-09 10:34:30,Hillsborough,HIL,,,,,185.0,161.0,4.0,34.0,2.0,386.0
2026-08-09 10:34:30,Holmes,HOL,,,,,0.0,7.0,0.0,0.0,0.0,7.0
2026-08-09 10:34:30,Indian River,IND,,,,,11.0,30.0,1.0,1.0,0.0,43.0
2026-08-09 10:34:30,Jackson,JAC,,,,,16.0,21.0,0.0,0.0,0.0,37.0
2026-08-09 10:34:30,Jefferson,JEF,,,,,1.0,2.0,0.0,0.0,0.0,3.0
2026-08-09 10:34:30,Lafayette,LAF,,,,,0.0,2.0,0.0,0.0,0.0,2.0
2026-08-09 10:34:30,Lake,LAK,,,,,56.0,64.0,4.0,18.0,0.0,142.0
2026-08-09 10:34:30,Lee,LEE,,,,,154.0,567.0,4.0,77.0,3.0,805.0
2026-08-09 10:34:30,Leon,LEO,,,,,56.0,23.0,0.0,6.0,1.0,86.0
2026-08-09 10:34:30,Levy,LEV,,,,,0.0,2.0,0.0,0.0,0.0,2.0
2026-08-09 10:34:30,Liberty,LIB,,,,,2.0,2.0,0.0,0.0,0.0,4.0
2026-08-09 10:34:30,Madison,MAD,,,,,0.0,2.0,0.0,0.0,0.0,2.0
2026-08-09 10:34:30,Manatee,MAN,,,,,17.0,70.0,0.0,0.0,0.0,87.0
2026-08-09 10:34:30,Marion,MRN,,,,,35.0,69.0,1.0,1.0,0.0,106.0
2026-08-09 10:34:30,Martin,MRT,,,,,9.0,26.0,0.0,2.0,0.0,37.0
2026-08-09 10:34:30,Miami-Dade,DAD,,,,,107.0,70.0,0.0,20.0,1.0,198.0
2026-08-09 10:34:30,Monroe,MON,,,,,2.0,7.0,0.0,0.0,0.0,9.0
2026-08-09 10:34:30,Nassau,NAS,,,,,2.0,13.0,0.0,2.0,0.0,17.0
2026-08-09 10:34:30,Okaloosa,OKA,,,,,0.0,1.0,0.0,0.0,0.0,1.0
2026-08-09 10:34:30,Okeechobee,OKE,,,,,0.0,2.0,0.0,0.0,0.0,2.0
2026-08-09 10:34:30,Orange,ORA,,,,,69.0,39.0,0.0,17.0,0.0,125.0
2026-08-09 10:34:30,Osceola,OSC,,,,,18.0,26.0,0.0,2.0,1.0,47.0
2026-08-09 10:34:30,Palm Beach,PAL,,,,,102.0,91.0,6.0,12.0,0.0,211.0
2026-08-09 10:34:30,Pasco,PAS,,,,,28.0,79.0,0.0,5.0,0.0,112.0
2026-08-09 10:34:30,Pinellas,PIN,,,,,95.0,738.0,1.0,5.0,0.0,839.0
2026-08-09 10:34:30,Polk,POL,,,,,16.0,34.0,0.0,4.0,0.0,54.0
2026-08-09 10:34:30,Putnam,PUT,,,,,0.0,3.0,0.0,0.0,0.0,3.0
2026-08-09 10:34:30,Santa Rosa,SAN,,,,,3.0,7.0,0.0,0.0,0.0,10.0
2026-08-09 10:34:30,Sarasota,SAR,,,,,29.0,61.0,0.0,10.0,0.0,100.0
2026-08-09 10:34:30,Seminole,SEM,,,,,247.0,121.0,2.0,9.0,0.0,379.0
2026-08-09 10:34:30,St. Johns,STJ,,,,,31.0,63.0,0.0,1.0,0.0,95.0
2026-08-09 10:34:30,St. Lucie,STL,,,,,52.0,76.0,4.0,18.0,0.0,150.0
2026-08-09 10:34:30,Sumter,SUM,,,,,20.0,64.0,0.0,1.0,0.0,85.0
2026-08-09 10:34:30,Suwannee,SUW,,,,,2.0,2.0,0.0,0.0,0.0,4.0
2026-08-09 10:34:30,Taylor,TAY,,,,,0.0,5.0,0.0,0.0,0.0,5.0
2026-08-09 10:34:30,Union,UNI,,,,,0.0,4.0,0.0,0.0,0.0,4.0
2026-08-09 10:34:30,Volusia,VOL,,,,,32.0,69.0,1.0,14.0,0.0,116.0
2026-08-09 10:34:30,Wakulla,WAK,,,,,12.0,7.0,0.0,2.0,0.0,21.0
2026-08-09 10:34:30,Washington,WAS,,,,,2.0,9.0,0.0,0.0,1.0,12.0
2026-08-09 11:31:54,Alachua,ALA,,,,,304.0,86.0,4.0,38.0,1.0,433.0
2026-08-09 11:31:54,Baker,BAK,,,,,0.0,17.0,0.0,0.0,0.0,17.0
2026-08-09 11:31:54,Bay,BAY,,,,,11.0,39.0,0.0,3.0,0.0,53.0
2026-08-09 11:31:54,Brevard,BRE,,,,,79.0,162.0,1.0,21.0,3.0,266.0
2026-08-09 11:31:54,Calhoun,CAL,,,,,0.0,2.0,0.0,0.0,0.0,2.0
2026-08-09 11:31:54,Charlotte,CHA,,,,,12.0,61.0,1.0,3.0,0.0,77.0
2026-08-09 11:31:54,Citrus,CIT,,,,,14.0,61.0,1.0,7.0,0.0,83.0
2026-08-09 11:31:54,Clay,CLA,,,,,20.0,98.0,1.0,11.0,0.0,130.0
2026-08-09 11:31:54,Collier,CLL,,,,,20.0,94.0,0.0,3.0,0.0,117.0
2026-08-09 11:31:54,Columbia,CLM,,,,,5.0,27.0,0.0,3.0,0.0,35.0
2026-08-09 11:31:54,DeSoto,DES,,,,,4.0,0.0,0.0,0.0,0.0,4.0
2026-08-09 11:31:54,Dixie,DIX,,,,,3.0,11.0,0.0,1.0,0.0,15.0
2026-08-09 11:31:54,Duval,DUV,,,,,165.0,162.0,3.0,15.0,0.0,345.0
2026-08-09 11:31:54,Escambia,ESC,,,,,15.0,38.0,0.0,3.0,0.0,56.0
2026-08-09 11:31:54,Flagler,FLA,,,,,15.0,47.0,1.0,3.0,0.0,66.0
2026-08-09 11:31:54,Franklin,FRA,,,,,1.0,2.0,0.0,0.0,0.0,3.0
2026-08-09 11:31:54,Gadsden,GAD,,,,,8.0,2.0,0.0,1.0,0.0,11.0
2026-08-09 11:31:54,Gilchrist,GIL,,,,,0.0,12.0,0.0,0.0,0.0,12.0
2026-08-09 11:31:54,Glades,GLA,,,,,1.0,4.0,0.0,0.0,0.0,5.0
2026-08-09 11:31:54,Gulf,GUL,,,,,1.0,6.0,0.0,0.0,0.0,7.0
2026-08-09 11:31:54,Hamilton,HAM,,,,,1.0,1.0,0.0,0.0,0.0,2.0
2026-08-09 11:31:54,Hardee,HAR,,,,,1.0,1.0,0.0,0.0,0.0,2.0
2026-08-09 11:31:54,Hendry,HEN,,,,,2.0,5.0,0.0,1.0,0.0,8.0
2026-08-09 11:31:54,Hernando,HER,,,,,19.0,59.0,0.0,5.0,0.0,83.0
2026-08-09 11:31:54,Highlands,HIG,,,,,1.0,16.0,0.0,2.0,0.0,19.0
2026-08-09 11:31:54,Hillsborough,HIL,,,,,113.0,133.0,1.0,22.0,2.0,271.0
2026-08-09 11:31:54,Holmes,HOL,,,,,4.0,14.0,0.0,0.0,0.0,18.0
2026-08-09 11:31:54,Indian River,IND,,,,,9.0,55.0,0.0,2.0,0.0,66.0
2026-08-09 11:31:54,Jackson,JAC,,,,,2.0,10.0,0.0,0.0,0.0,12.0
2026-08-09 11:31:54,Jefferson,JEF,,,,,4.0,2.0,0.0,0.0,0.0,6.0
2026-08-09 11:31:54,Lafayette,LAF,,,,,0.0,3.0,0.0,0.0,0.0,3.0
2026-08-09 11:31:54,Lake,LAK,,,,,55.0,66.0,2.0,18.0,0.0,141.0
2026-08-09 11:31:54,Lee,LEE,,,,,45.0,164.0,0.0,13.0,1.0,223.0
2026-08-09 11:31:54,Leon,LEO,,,,,51.0,45.0,2.0,7.0,0.0,105.0
2026-08-09 11:31:54,Levy,LEV,,,,,1.0,6.0,0.0,0.0,0.0,7.0
2026-08-09 11:31:54,Liberty,LIB,,,,,0.0,3.0,0.0,0.0,0.0,3.0
2026-08-09 11:31:54,Madison,MAD,,,,,2.0,7.0,0.0,0.0,0.0,9.0
2026-08-09 11:31:54,Manatee,MAN,,,,,16.0,45.0,0.0,0.0,0.0,61.0
2026-08-09 11:31:54,Marion,MRN,,,,,97.0,116.0,2.0,14.0,0.0,229.0
2026-08-09 11:31:54,Martin,MRT,,,,,39.0,66.0,0.0,13.0,0.0,118.0
2026-08-09 11:31:54,Miami-Dade,DAD,,,,,162.0,196.0,2.0,28.0,2.0,390.0
2026-08-09 11:31:54,Monroe,MON,,,,,7.0,3.0,0.0,5.0,0.0,15.0
2026-08-09 11:31:54,Nassau,NAS,,,,,8.0,44.0,0.0,1.0,0.0,53.0
2026-08-09 11:31:54,Okaloosa,OKA,,,,,4.0,50.0,0.0,2.0,0.0,56.0
2026-08-09 11:31:54,Okeechobee,OKE,,,,,7.0,10.0,0.0,0.0,0.0,17.0
2026-08-09 11:31:54,Orange,ORA,,,,,182.0,75.0,2.0,32.0,1.0,292.0
2026-08-09 11:31:54,Osceola,OSC,,,,,18.0,28.0,0.0,10.0,0.0,56.0
2026-08-09 11:31:54,Palm Beach,PAL,,,,,238.0,191.0,2.0,32.0,0.0,463.0
2026-08-09 11:31:54,Pasco,PAS,,,,,47.0,115.0,2.0,11.0,0.0,175.0
2026-08-09 11:31:54,Pinellas,PIN,,,,,779.0,41.0,24.0,240.0,3.0,1087.0
2026-08-09 11:31:54,Polk,POL,,,,,30.0,43.0,3.0,3.0,0.0,79.0
2026-08-09 11:31:54,Putnam,PUT,,,,,1.0,11.0,0.0,0.0,0.0,12.0
2026-08-09 11:31:54,Santa Rosa,SAN,,,,,2.0,19.0,0.0,0.0,0.0,21.0
2026-08-09 11:31:54,Sarasota,SAR,,,,,31.0,96.0,0.0,15.0,1.0,143.0
2026-08-09 11:31:54,Seminole,SEM,,,,,239.0,73.0,14.0,115.0,1.0,442.0
2026-08-09 11:31:54,St. Johns,STJ,,,,,38.0,121.0,1.0,9.0,1.0,170.0
2026-08-09 11:31:54,St. Lucie,STL,,,,,62.0,114.0,1.0,15.0,0.0,192.0
2026-08-09 11:31:54,Sumter,SUM,,,,,12.0,98.0,0.0,6.0,0.0,116.0
2026-08-09 11:31:54,Suwannee,SUW,,,,,1.0,11.0,0.0,0.0,0.0,12.0
2026-08-09 11:31:54,Taylor,TAY,,,,,2.0,4.0,0.0,0.0,0.0,6.0
2026-08-09 11:31:54,Union,UNI,,,,,0.0,4.0,0.0,0.0,0.0,4.0
2026-08-09 11:31:54,Volusia,VOL,,,,,44.0,77.0,1.0,18.0,0.0,140.0
2026-08-09 11:31:54,Wakulla,WAK,,,,,2.0,10.0,0.0,0.0,0.0,12.0
2026-08-09 11:31:54,Washington,WAS,,,,,2.0,14.0,0.0,0.0,0.0,16.0
2026-08-09 12:34:51,Alachua,ALA,,,,,44.0,24.0,0.0,6.0,0.0,74.0
2026-08-09 12:34:51,Baker,BAK,,,,,3.0,26.0,0.0,2.0,0.0,31.0
2026-08-09 12:34:51,Bay,BAY,,,,,10.0,61.0,0.0,5.0,0.0,76.0
2026-08-09 12:34:51,Bradford,BRA,,,,,0.0,2.0,0.0,0.0,0.0,2.0
2026-08-09 12:34:51,Brevard,BRE,,,,,80.0,217.0,0.0,20.0,1.0,318.0
2026-08-09 12:34:51,Calhoun,CAL,,,,,0.0,2.0,0.0,0.0,0.0,2.0
2026-08-09 12:34:51,Charlotte,CHA,,,,,8.0,56.0,1.0,2.0,0.0,67.0
2026-08-09 12:34:51,Citrus,CIT,,,,,15.0,53.0,1.0,5.0,0.0,74.0
2026-08-09 12:34:51,Clay,CLA,,,,,21.0,70.0,2.0,5.0,0.0,98.0
2026-08-09 12:34:51,Collier,CLL,,,,,22.0,101.0,0.0,8.0,0.0,131.0
2026-08-09 12:34:51,Columbia,CLM,,,,,7.0,45.0,0.0,3.0,0.0,55.0
2026-08-09 12:34:51,DeSoto,DES,,,,,0.0,10.0,0.0,0.0,0.0,10.0
2026-08-09 12:34:51,Dixie,DIX,,,,,4.0,26.0,0.0,0.0,0.0,30.0
2026-08-09 12:34:51,Duval,DUV,,,,,313.0,176.0,1.0,34.0,3.0,527.0
2026-08-09 12:34:51,Escambia,ESC,,,,,55.0,75.0,1.0,13.0,0.0,144.0
2026-08-09 12:34:51,Flagler,FLA,,,,,20.0,75.0,1.0,5.0,0.0,101.0
2026-08-09 12:34:51,Franklin,FRA,,,,,0.0,0.0,1.0,0.0,0.0,1.0
2026-08-09 12:34:51,Gadsden,GAD,,,,,7.0,1.0,0.0,0.0,0.0,8.0
2026-08-09 12:34:51,Gilchrist,GIL,,,,,1.0,20.0,0.0,0.0,0.0,21.0
2026-08-09 12:34:51,Glades,GLA,,,,,0.0,6.0,0.0,0.0,0.0,6.0
2026-08-09 12:34:51,Gulf,GUL,,,,,3.0,6.0,1.0,2.0,0.0,12.0
2026-08-09 12:34:51,Hamilton,HAM,,,,,0.0,1.0,0.0,0.0,0.0,1.0
2026-08-09 12:34:51,Hardee,HAR,,,,,0.0,2.0,0.0,0.0,0.0,2.0
2026-08-09 12:34:51,Hendry,HEN,,,,,0.0,6.0,0.0,0.0,0.0,6.0
2026-08-09 12:34:51,Hernando,HER,,,,,12.0,53.0,2.0,3.0,2.0,72.0
2026-08-09 12:34:51,Highlands,HIG,,,,,0.0,22.0,0.0,3.0,0.0,25.0
2026-08-09 12:34:51,Hillsborough,HIL,,,,,96.0,110.0,3.0,24.0,1.0,234.0
2026-08-09 12:34:51,Holmes,HOL,,,,,2.0,6.0,0.0,0.0,0.0,8.0
2026-08-09 12:34:51,Indian River,IND,,,,,15.0,42.0,0.0,2.0,0.0,59.0
2026-08-09 12:34:51,Jackson,JAC,,,,,3.0,2.0,0.0,0.0,0.0,5.0
2026-08-09 12:34:51,Jefferson,JEF,,,,,1.0,4.0,0.0,0.0,0.0,5.0
2026-08-09 12:34:51,Lafayette,LAF,,,,,0.0,10.0,0.0,0.0,0.0,10.0
2026-08-09 12:34:51,Lake,LAK,,,,,42.0,55.0,0.0,16.0,1.0,114.0
2026-08-09 12:34:51,Lee,LEE,,,,,23.0,137.0,2.0,12.0,0.0,174.0
2026-08-09 12:34:51,Leon,LEO,,,,,104.0,68.0,2.0,12.0,0.0,186.0
2026-08-09 12:34:51,Levy,LEV,,,,,0.0,6.0,0.0,0.0,0.0,6.0
2026-08-09 12:34:51,Liberty,LIB,,,,,0.0,11.0,0.0,1.0,0.0,12.0
2026-08-09 12:34:51,Madison,MAD,,,,,3.0,12.0,0.0,0.0,0.0,15.0
2026-08-09 12:34:51,Manatee,MAN,,,,,60.0,112.0,0.0,5.0,0.0,177.0
2026-08-09 12:34:51,Marion,MRN,,,,,36.0,88.0,0.0,4.0,0.0,128.0
2026-08-09 12:34:51,Martin,MRT,,,,,8.0,49.0,1.0,1.0,0.0,59.0
2026-08-09 12:34:51,Miami-Dade,DAD,,,,,248.0,218.0,3.0,48.0,0.0,517.0
2026-08-09 12:34:51,Monroe,MON,,,,,3.0,8.0,0.0,0.0,0.0,11.0
2026-08-09 12:34:51,Nassau,NAS,,,,,13.0,48.0,1.0,4.0,1.0,67.0
2026-08-09 12:34:51,Okaloosa,OKA,,,,,18.0,68.0,1.0,3.0,1.0,91.0
2026-08-09 12:34:51,Okeechobee,OKE,,,,,1.0,14.0,0.0,0.0,0.0,15.0
2026-08-09 12:34:51,Orange,ORA,,,,,151.0,103.0,2.0,39.0,0.0,295.0
2026-08-09 12:34:51,Osceola,OSC,,,,,30.0,44.0,2.0,6.0,0.0,82.0
2026-08-09 12:34:51,Palm Beach,PAL,,,,,257.0,226.0,4.0,34.0,0.0,521.0
2026-08-09 12:34:51,Pasco,PAS,,,,,45.0,108.0,4.0,6.0,0.0,163.0
2026-08-09 12:34:51,Pinellas,PIN,,,,,54.0,56.0,0.0,10.0,2.0,122.0
2026-08-09 12:34:51,Polk,POL,,,,,62.0,44.0,0.0,10.0,0.0,116.0
2026-08-09 12:34:51,Putnam,PUT,,,,,11.0,9.0,0.0,0.0,0.0,20.0
2026-08-09 12:34:51,Santa Rosa,SAN,,,,,2.0,8.0,0.0,2.0,0.0,12.0
2026-08-09 12:34:51,Sarasota,SAR,,,,,33.0,118.0,2.0,15.0,0.0,168.0
2026-08-09 12:34:51,Seminole,SEM,,,,,85.0,72.0,0.0,19.0,1.0,177.0
2026-08-09 12:34:51,St. Johns,STJ,,,,,56.0,153.0,0.0,9.0,0.0,218.0
2026-08-09 12:34:51,St. Lucie,STL,,,,,73.0,127.0,4.0,23.0,0.0,227.0
2026-08-09 12:34:51,Sumter,SUM,,,,,31.0,162.0,0.0,6.0,0.0,199.0
2026-08-09 12:34:51,Suwannee,SUW,,,,,3.0,22.0,0.0,1.0,0.0,26.0
2026-08-09 12:34:51,Taylor,TAY,,,,,0.0,4.0,0.0,0.0,0.0,4.0
2026-08-09 12:34:51,Union,UNI,,,,,1.0,18.0,0.0,1.0,0.0,20.0
2026-08-09 12:34:51,Volusia,VOL,,,,,82.0,149.0,3.0,20.0,0.0,254.0
2026-08-09 12:34:51,Wakulla,WAK,,,,,3.0,14.0,0.0,2.0,0.0,19.0
2026-08-09 12:34:51,Washington,WAS,,,,,1.0,8.0,0.0,0.0,0.0,9.0
2026-08-09 13:31:24,Alachua,ALA,,,,,46.0,28.0,1.0,5.0,0.0,80.0
2026-08-09 13:31:24,Baker,BAK,,,,,1.0,25.0,0.0,2.0,0.0,28.0
2026-08-09 13:31:24,Bay,BAY,,,,,14.0,36.0,0.0,4.0,0.0,54.0
2026-08-09 13:31:24,Bradford,BRA,,,,,3.0,20.0,1.0,0.0,0.0,24.0
2026-08-09 13:31:24,Brevard,BRE,,,,,89.0,255.0,2.0,18.0,0.0,364.0
2026-08-09 13:31:24,Calhoun,CAL,,,,,0.0,2.0,0.0,0.0,0.0,2.0
2026-08-09 13:31:24,Charlotte,CHA,,,,,6.0,68.0,0.0,4.0,0.0,78.0
2026-08-09 13:31:24,Citrus,CIT,,,,,15.0,57.0,1.0,4.0,1.0,78.0
2026-08-09 13:31:24,Clay,CLA,,,,,43.0,147.0,1.0,13.0,1.0,205.0
2026-08-09 13:31:24,Collier,CLL,,,,,21.0,126.0,0.0,6.0,1.0,154.0
2026-08-09 13:31:24,Columbia,CLM,,,,,17.0,37.0,0.0,2.0,0.0,56.0
2026-08-09 13:31:24,DeSoto,DES,,,,,1.0,5.0,0.0,0.0,0.0,6.0
2026-08-09 13:31:24,Dixie,DIX,,,,,1.0,21.0,0.0,0.0,0.0,22.0
2026-08-09 13:31:24,Duval,DUV,,,,,278.0,226.0,3.0,22.0,1.0,530.0
2026-08-09 13:31:24,Escambia,ESC,,,,,28.0,69.0,2.0,11.0,0.0,110.0
2026-08-09 13:31:24,Flagler,FLA,,,,,23.0,50.0,0.0,0.0,0.0,73.0
2026-08-09 13:31:24,Franklin,FRA,,,,,0.0,3.0,0.0,1.0,0.0,4.0
2026-08-09 13:31:24,Gadsden,GAD,,,,,8.0,4.0,0.0,0.0,0.0,12.0
2026-08-09 13:31:24,Gilchrist,GIL,,,,,2.0,7.0,0.0,1.0,0.0,10.0
2026-08-09 13:31:24,Glades,GLA,,,,,1.0,13.0,0.0,0.0,0.0,14.0
2026-08-09 13:31:24,Gulf,GUL,,,,,2.0,10.0,0.0,0.0,0.0,12.0
2026-08-09 13:31:24,Hamilton,HAM,,,,,5.0,16.0,0.0,0.0,0.0,21.0
2026-08-09 13:31:24,Hardee,HAR,,,,,0.0,4.0,1.0,0.0,0.0,5.0
2026-08-09 13:31:24,Hendry,HEN,,,,,3.0,6.0,0.0,1.0,0.0,10.0
2026-08-09 13:31:24,Hernando,HER,,,,,19.0,52.0,0.0,5.0,0.0,76.0
2026-08-09 13:31:24,Highlands,HIG,,,,,11.0,17.0,0.0,4.0,0.0,32.0
2026-08-09 13:31:24,Hillsborough,HIL,,,,,116.0,166.0,3.0,27.0,1.0,313.0
2026-08-09 13:31:24,Holmes,HOL,,,,,0.0,9.0,0.0,0.0,0.0,9.0
2026-08-09 13:31:24,Indian River,IND,,,,,12.0,59.0,0.0,4.0,0.0,75.0
2026-08-09 13:31:24,Jackson,JAC,,,,,1.0,16.0,0.0,0.0,0.0,17.0
2026-08-09 13:31:24,Jefferson,JEF,,,,,2.0,6.0,0.0,0.0,0.0,8.0
2026-08-09 13:31:24,Lafayette,LAF,,,,,5.0,7.0,0.0,0.0,0.0,12.0
2026-08-09 13:31:24,Lake,LAK,,,,,44.0,60.0,2.0,12.0,0.0,118.0
2026-08-09 13:31:24,Lee,LEE,,,,,37.0,145.0,2.0,12.0,1.0,197.0
2026-08-09 13:31:24,Leon,LEO,,,,,85.0,43.0,0.0,8.0,2.0,138.0
2026-08-09 13:31:24,Levy,LEV,,,,,2.0,8.0,0.0,0.0,0.0,10.0
2026-08-09 13:31:24,Liberty,LIB,,,,,4.0,7.0,0.0,1.0,0.0,12.0
2026-08-09 13:31:24,Madison,MAD,,,,,7.0,7.0,0.0,0.0,0.0,14.0
2026-08-09 13:31:24,Manatee,MAN,,,,,29.0,92.0,0.0,3.0,0.0,124.0
2026-08-09 13:31:24,Marion,MRN,,,,,35.0,75.0,1.0,1.0,0.0,112.0
2026-08-09 13:31:24,Martin,MRT,,,,,17.0,35.0,2.0,4.0,2.0,60.0
2026-08-09 13:31:24,Miami-Dade,DAD,,,,,264.0,232.0,7.0,49.0,1.0,553.0
2026-08-09 13:31:24,Monroe,MON,,,,,35.0,42.0,3.0,13.0,2.0,95.0
2026-08-09 13:31:24,Nassau,NAS,,,,,8.0,33.0,0.0,4.0,0.0,45.0
2026-08-09 13:31:24,Okaloosa,OKA,,,,,6.0,70.0,0.0,5.0,1.0,82.0
2026-08-09 13:31:24,Okeechobee,OKE,,,,,0.0,1.0,0.0,0.0,0.0,1.0
2026-08-09 13:31:24,Orange,ORA,,,,,194.0,102.0,2.0,29.0,0.0,327.0
2026-08-09 13:31:24,Osceola,OSC,,,,,18.0,36.0,0.0,3.0,0.0,57.0
2026-08-09 13:31:24,Palm Beach,PAL,,,,,279.0,231.0,3.0,23.0,1.0,537.0
2026-08-09 13:31:24,Pasco,PAS,,,,,54.0,85.0,1.0,8.0,1.0,149.0
2026-08-09 13:31:24,Pinellas,PIN,,,,,35.0,49.0,0.0,7.0,0.0,91.0
2026-08-09 13:31:24,Polk,POL,,,,,64.0,62.0,0.0,8.0,0.0,134.0
2026-08-09 13:31:24,Putnam,PUT,,,,,9.0,12.0,0.0,0.0,0.0,21.0
2026-08-09 13:31:24,Santa Rosa,SAN,,,,,2.0,33.0,0.0,1.0,0.0,36.0
2026-08-09 13:31:24,Sarasota,SAR,,,,,51.0,144.0,1.0,14.0,0.0,210.0
2026-08-09 13:31:24,Seminole,SEM,,,,,81.0,91.0,2.0,21.0,0.0,195.0
2026-08-09 13:31:24,St. Johns,STJ,,,,,91.0,161.0,1.0,20.0,0.0,273.0
2026-08-09 13:31:24,St. Lucie,STL,,,,,53.0,93.0,0.0,13.0,2.0,161.0
2026-08-09 13:31:24,Sumter,SUM,,,,,57.0,179.0,0.0,13.0,0.0,249.0
2026-08-09 13:31:24,Suwannee,SUW,,,,,5.0,30.0,1.0,0.0,0.0,36.0
2026-08-09 13:31:24,Taylor,TAY,,,,,2.0,9.0,0.0,0.0,0.0,11.0
2026-08-09 13:31:24,Union,UNI,,,,,1.0,21.0,0.0,0.0,0.0,22.0
2026-08-09 13:31:24,Volusia,VOL,,,,,58.0,118.0,4.0,27.0,2.0,209.0
2026-08-09 13:31:24,Wakulla,WAK,,,,,2.0,9.0,0.0,0.0,0.0,11.0
2026-08-09 13:31:24,Washington,WAS,,,,,2.0,12.0,0.0,0.0,0.0,14.0
2026-08-09 14:40:28,Alachua,ALA,,,,,72.0,26.0,2.0,10.0,0.0,110.0
2026-08-09 14:40:28,Baker,BAK,,,,,4.0,32.0,0.0,0.0,0.0,36.0
2026-08-09 14:40:28,Bay,BAY,,,,,16.0,66.0,1.0,2.0,0.0,85.0
2026-08-09 14:40:28,Bradford,BRA,,,,,0.0,11.0,0.0,0.0,0.0,11.0
2026-08-09 14:40:28,Brevard,BRE,,,,,84.0,151.0,2.0,27.0,3.0,267.0
2026-08-09 14:40:28,Calhoun,CAL,,,,,0.0,7.0,0.0,1.0,0.0,8.0
2026-08-09 14:40:28,Charlotte,CHA,,,,,15.0,50.0,0.0,4.0,0.0,69.0
2026-08-09 14:40:28,Citrus,CIT,,,,,12.0,65.0,0.0,11.0,0.0,88.0
2026-08-09 14:40:28,Clay,CLA,,,,,22.0,74.0,0.0,6.0,0.0,102.0
2026-08-09 14:40:28,Collier,CLL,,,,,12.0,97.0,1.0,8.0,0.0,118.0
2026-08-09 14:40:28,Columbia,CLM,,,,,7.0,32.0,0.0,4.0,1.0,44.0
2026-08-09 14:40:28,DeSoto,DES,,,,,0.0,4.0,0.0,0.0,0.0,4.0
2026-08-09 14:40:28,Dixie,DIX,,,,,3.0,20.0,0.0,0.0,0.0,23.0
2026-08-09 14:40:28,Duval,DUV,,,,,293.0,171.0,1.0,19.0,1.0,485.0
2026-08-09 14:40:28,Escambia,ESC,,,,,40.0,57.0,2.0,8.0,0.0,107.0
2026-08-09 14:40:28,Flagler,FLA,,,,,113.0,118.0,3.0,23.0,0.0,257.0
2026-08-09 14:40:28,Franklin,FRA,,,,,0.0,3.0,0.0,0.0,0.0,3.0
2026-08-09 14:40:28,Gadsden,GAD,,,,,11.0,2.0,0.0,0.0,0.0,13.0
2026-08-09 14:40:28,Gilchrist,GIL,,,,,0.0,7.0,0.0,0.0,0.0,7.0
2026-08-09 14:40:28,Glades,GLA,,,,,0.0,4.0,0.0,0.0,0.0,4.0
2026-08-09 14:40:28,Gulf,GUL,,,,,5.0,26.0,0.0,1.0,0.0,32.0
2026-08-09 14:40:28,Hamilton,HAM,,,,,6.0,6.0,0.0,0.0,0.0,12.0
2026-08-09 14:40:28,Hardee,HAR,,,,,0.0,7.0,0.0,0.0,0.0,7.0
2026-08-09 14:40:28,Hendry,HEN,,,,,0.0,8.0,0.0,0.0,0.0,8.0
2026-08-09 14:40:28,Hernando,HER,,,,,15.0,40.0,2.0,3.0,1.0,61.0
2026-08-09 14:40:28,Highlands,HIG,,,,,4.0,24.0,0.0,0.0,0.0,28.0
2026-08-09 14:40:28,Hillsborough,HIL,,,,,152.0,141.0,2.0,15.0,1.0,311.0
2026-08-09 14:40:28,Holmes,HOL,,,,,1.0,19.0,0.0,0.0,0.0,20.0
2026-08-09 14:40:28,Indian River,IND,,,,,16.0,44.0,0.0,4.0,0.0,64.0
2026-08-09 14:40:28,Jackson,JAC,,,,,7.0,12.0,0.0,0.0,0.0,19.0
2026-08-09 14:40:28,Jefferson,JEF,,,,,0.0,4.0,0.0,0.0,0.0,4.0
2026-08-09 14:40:28,Lafayette,LAF,,,,,1.0,14.0,0.0,0.0,0.0,15.0
2026-08-09 14:40:28,Lake,LAK,,,,,76.0,82.0,1.0,21.0,0.0,180.0
2026-08-09 14:40:28,Lee,LEE,,,,,56.0,147.0,1.0,14.0,0.0,218.0
2026-08-09 14:40:28,Leon,LEO,,,,,99.0,59.0,1.0,11.0,1.0,171.0
2026-08-09 14:40:28,Levy,LEV,,,,,1.0,8.0,0.0,1.0,0.0,10.0
2026-08-09 14:40:28,Liberty,LIB,,,,,1.0,5.0,0.0,0.0,0.0,6.0
2026-08-09 14:40:28,Madison,MAD,,,,,4.0,10.0,0.0,0.0,0.0,14.0
2026-08-09 14:40:28,Manatee,MAN,,,,,44.0,110.0,0.0,4.0,0.0,158.0
2026-08-09 14:40:28,Marion,MRN,,,,,42.0,67.0,0.0,9.0,0.0,118.0
2026-08-09 14:40:28,Martin,MRT,,,,,15.0,51.0,0.0,6.0,0.0,72.0
2026-08-09 14:40:28,Miami-Dade,DAD,,,,,284.0,211.0,6.0,68.0,2.0,571.0
2026-08-09 14:40:28,Monroe,MON,,,,,1.0,5.0,0.0,1.0,0.0,7.0
2026-08-09 14:40:28,Nassau,NAS,,,,,16.0,30.0,2.0,3.0,0.0,51.0
2026-08-09 14:40:28,Okaloosa,OKA,,,,,27.0,51.0,0.0,6.0,0.0,84.0
2026-08-09 14:40:28,Okeechobee,OKE,,,,,1.0,7.0,0.0,0.0,0.0,8.0
2026-08-09 14:40:28,Orange,ORA,,,,,231.0,94.0,0.0,47.0,0.0,372.0
2026-08-09 14:40:28,Osceola,OSC,,,,,31.0,34.0,0.0,9.0,0.0,74.0
2026-08-09 14:40:28,Palm Beach,PAL,,,,,231.0,223.0,4.0,29.0,0.0,487.0
2026-08-09 14:40:28,Pasco,PAS,,,,,118.0,152.0,3.0,19.0,0.0,292.0
2026-08-09 14:40:28,Pinellas,PIN,,,,,39.0,28.0,0.0,8.0,0.0,75.0
2026-08-09 14:40:28,Polk,POL,,,,,66.0,48.0,1.0,11.0,0.0,126.0
2026-08-09 14:40:28,Putnam,PUT,,,,,6.0,7.0,0.0,0.0,0.0,13.0
2026-08-09 14:40:28,Santa Rosa,SAN,,,,,5.0,22.0,0.0,0.0,0.0,27.0
2026-08-09 14:40:28,Sarasota,SAR,,,,,63.0,108.0,2.0,13.0,0.0,186.0
2026-08-09 14:40:28,Seminole,SEM,,,,,88.0,110.0,6.0,16.0,0.0,220.0
2026-08-09 14:40:28,St. Johns,STJ,,,,,152.0,233.0,5.0,43.0,1.0,434.0
2026-08-09 14:40:28,St. Lucie,STL,,,,,73.0,86.0,0.0,11.0,3.0,173.0
2026-08-09 14:40:28,Sumter,SUM,,,,,27.0,97.0,0.0,6.0,0.0,130.0
2026-08-09 14:40:28,Suwannee,SUW,,,,,8.0,15.0,0.0,0.0,0.0,23.0
2026-08-09 14:40:28,Taylor,TAY,,,,,0.0,6.0,0.0,0.0,0.0,6.0
2026-08-09 14:40:28,Union,UNI,,,,,1.0,9.0,0.0,0.0,0.0,10.0
2026-08-09 14:40:28,Volusia,VOL,,,,,66.0,128.0,0.0,18.0,1.0,213.0
2026-08-09 14:40:28,Wakulla,WAK,,,,,5.0,8.0,0.0,0.0,0.0,13.0
2026-08-09 14:40:28,Walton,WAL,,,,,11.0,133.0,0.0,3.0,0.0,147.0
2026-08-09 14:40:28,Washington,WAS,,,,,3.0,21.0,0.0,0.0,0.0,24.0
2026-08-09 15:33:21,Alachua,ALA,,,,,30.0,27.0,0.0,2.0,0.0,59.0
2026-08-09 15:33:21,Baker,BAK,,,,,1.0,13.0,0.0,0.0,0.0,14.0
2026-08-09 15:33:21,Bay,BAY,,,,,8.0,41.0,0.0,2.0,0.0,51.0
2026-08-09 15:33:21,Bradford,BRA,,,,,3.0,2.0,0.0,0.0,0.0,5.0
2026-08-09 15:33:21,Brevard,BRE,,,,,57.0,142.0,1.0,17.0,2.0,219.0
2026-08-09 15:33:21,Calhoun,CAL,,,,,0.0,8.0,0.0,0.0,0.0,8.0
2026-08-09 15:33:21,Charlotte,CHA,,,,,0.0,22.0,0.0,-1.0,0.0,21.0
2026-08-09 15:33:21,Citrus,CIT,,,,,10.0,32.0,1.0,2.0,0.0,45.0
2026-08-09 15:33:21,Clay,CLA,,,,,12.0,37.0,0.0,1.0,0.0,50.0
2026-08-09 15:33:21,Collier,CLL,,,,,5.0,55.0,0.0,2.0,1.0,63.0
2026-08-09 15:33:21,Columbia,CLM,,,,,8.0,11.0,0.0,2.0,0.0,21.0
2026-08-09 15:33:21,DeSoto,DES,,,,,0.0,2.0,0.0,0.0,0.0,2.0
2026-08-09 15:33:21,Dixie,DIX,,,,,2.0,11.0,0.0,2.0,0.0,15.0
2026-08-09 15:33:21,Duval,DUV,,,,,180.0,104.0,3.0,16.0,1.0,304.0
2026-08-09 15:33:21,Escambia,ESC,,,,,18.0,42.0,1.0,9.0,0.0,70.0
2026-08-09 15:33:21,Flagler,FLA,,,,,5.0,35.0,0.0,4.0,0.0,44.0
2026-08-09 15:33:21,Gadsden,GAD,,,,,35.0,1.0,0.0,1.0,0.0,37.0
2026-08-09 15:33:21,Gilchrist,GIL,,,,,3.0,8.0,0.0,1.0,0.0,12.0
2026-08-09 15:33:21,Glades,GLA,,,,,1.0,1.0,0.0,1.0,0.0,3.0
2026-08-09 15:33:21,Gulf,GUL,,,,,5.0,14.0,0.0,1.0,0.0,20.0
2026-08-09 15:33:21,Hamilton,HAM,,,,,1.0,4.0,0.0,1.0,0.0,6.0
2026-08-09 15:33:21,Hardee,HAR,,,,,0.0,3.0,0.0,0.0,0.0,3.0
2026-08-09 15:33:21,Hendry,HEN,,,,,5.0,10.0,0.0,0.0,0.0,15.0
2026-08-09 15:33:21,Hernando,HER,,,,,8.0,16.0,1.0,2.0,1.0,28.0
2026-08-09 15:33:21,Highlands,HIG,,,,,0.0,8.0,0.0,0.0,0.0,8.0
2026-08-09 15:33:21,Hillsborough,HIL,,,,,78.0,58.0,1.0,14.0,0.0,151.0
2026-08-09 15:33:21,Holmes,HOL,,,,,2.0,22.0,0.0,0.0,0.0,24.0
2026-08-09 15:33:21,Indian River,IND,,,,,7.0,23.0,0.0,4.0,0.0,34.0
2026-08-09 15:33:21,Jackson,JAC,,,,,3.0,13.0,0.0,0.0,0.0,16.0
2026-08-09 15:33:21,Jefferson,JEF,,,,,0.0,3.0,0.0,0.0,0.0,3.0
2026-08-09 15:33:21,Lafayette,LAF,,,,,3.0,11.0,0.0,0.0,0.0,14.0
2026-08-09 15:33:21,Lee,LEE,,,,,17.0,68.0,0.0,7.0,0.0,92.0
2026-08-09 15:33:21,Leon,LEO,,,,,101.0,26.0,1.0,11.0,0.0,139.0
2026-08-09 15:33:21,Levy,LEV,,,,,3.0,1.0,0.0,0.0,0.0,4.0
2026-08-09 15:33:21,Liberty,LIB,,,,,1.0,1.0,0.0,0.0,0.0,2.0
2026-08-09 15:33:21,Madison,MAD,,,,,1.0,9.0,0.0,0.0,0.0,10.0
2026-08-09 15:33:21,Manatee,MAN,,,,,22.0,52.0,0.0,3.0,0.0,77.0
2026-08-09 15:33:21,Marion,MRN,,,,,18.0,43.0,0.0,3.0,0.0,64.0
2026-08-09 15:33:21,Martin,MRT,,,,,12.0,24.0,0.0,2.0,0.0,38.0
2026-08-09 15:33:21,Miami-Dade,DAD,,,,,208.0,186.0,6.0,39.0,1.0,440.0
2026-08-09 15:33:21,Monroe,MON,,,,,3.0,4.0,0.0,2.0,0.0,9.0
2026-08-09 15:33:21,Nassau,NAS,,,,,3.0,15.0,1.0,3.0,0.0,22.0
2026-08-09 15:33:21,Okaloosa,OKA,,,,,4.0,35.0,2.0,1.0,0.0,42.0
2026-08-09 15:33:21,Orange,ORA,,,,,135.0,68.0,0.0,25.0,0.0,228.0
2026-08-09 15:33:21,Osceola,OSC,,,,,17.0,18.0,1.0,13.0,1.0,50.0
2026-08-09 15:33:21,Palm Beach,PAL,,,,,137.0,132.0,0.0,14.0,0.0,283.0
2026-08-09 15:33:21,Pasco,PAS,,,,,27.0,63.0,3.0,4.0,0.0,97.0
2026-08-09 15:33:21,Pinellas,PIN,,,,,29.0,33.0,0.0,10.0,1.0,73.0
2026-08-09 15:33:21,Polk,POL,,,,,31.0,34.0,1.0,1.0,0.0,67.0
2026-08-09 15:33:21,Putnam,PUT,,,,,5.0,7.0,0.0,0.0,0.0,12.0
2026-08-09 15:33:21,Santa Rosa,SAN,,,,,0.0,17.0,0.0,0.0,0.0,17.0
2026-08-09 15:33:21,Sarasota,SAR,,,,,34.0,63.0,2.0,7.0,0.0,106.0
2026-08-09 15:33:21,Seminole,SEM,,,,,87.0,61.0,2.0,22.0,0.0,172.0
2026-08-09 15:33:21,St. Johns,STJ,,,,,113.0,134.0,1.0,22.0,0.0,270.0
2026-08-09 15:33:21,St. Lucie,STL,,,,,35.0,38.0,0.0,11.0,0.0,84.0
2026-08-09 15:33:21,Sumter,SUM,,,,,8.0,61.0,0.0,2.0,0.0,71.0
2026-08-09 15:33:21,Suwannee,SUW,,,,,0.0,11.0,0.0,0.0,0.0,11.0
2026-08-09 15:33:21,Taylor,TAY,,,,,3.0,1.0,0.0,0.0,0.0,4.0
2026-08-09 15:33:21,Union,UNI,,,,,1.0,12.0,0.0,0.0,0.0,13.0
2026-08-09 15:33:21,Volusia,VOL,,,,,45.0,74.0,3.0,14.0,2.0,138.0
2026-08-09 15:33:21,Wakulla,WAK,,,,,4.0,8.0,0.0,1.0,0.0,13.0
2026-08-09 15:33:21,Walton,WAL,,,,,6.0,73.0,0.0,3.0,0.0,82.0
2026-08-09 15:33:21,Washington,WAS,,,,,2.0,4.0,0.0,0.0,0.0,6.0
2026-08-09 16:32:22,Alachua,ALA,,,,,40.0,19.0,0.0,3.0,0.0,62.0
2026-08-09 16:32:22,Baker,BAK,,,,,0.0,16.0,0.0,0.0,0.0,16.0
2026-08-09 16:32:22,Bay,BAY,,,,,13.0,22.0,0.0,3.0,2.0,40.0
2026-08-09 16:32:22,Bradford,BRA,,,,,1.0,1.0,0.0,0.0,0.0,2.0
2026-08-09 16:32:22,Brevard,BRE,,,,,33.0,55.0,0.0,1.0,0.0,89.0
2026-08-09 16:32:22,Calhoun,CAL,,,,,0.0,2.0,0.0,0.0,0.0,2.0
2026-08-09 16:32:22,Charlotte,CHA,,,,,6.0,16.0,0.0,1.0,0.0,23.0
2026-08-09 16:32:22,Citrus,CIT,,,,,6.0,16.0,0.0,0.0,0.0,22.0
2026-08-09 16:32:22,Clay,CLA,,,,,19.0,41.0,1.0,0.0,0.0,61.0
2026-08-09 16:32:22,Collier,CLL,,,,,10.0,34.0,0.0,4.0,0.0,48.0
2026-08-09 16:32:22,Columbia,CLM,,,,,13.0,18.0,0.0,3.0,0.0,34.0
2026-08-09 16:32:22,DeSoto,DES,,,,,1.0,3.0,0.0,0.0,0.0,4.0
2026-08-09 16:32:22,Dixie,DIX,,,,,1.0,4.0,0.0,0.0,0.0,5.0
2026-08-09 16:32:22,Duval,DUV,,,,,149.0,98.0,0.0,11.0,0.0,258.0
2026-08-09 16:32:22,Escambia,ESC,,,,,25.0,48.0,0.0,12.0,0.0,85.0
2026-08-09 16:32:22,Flagler,FLA,,,,,24.0,37.0,0.0,0.0,0.0,61.0
2026-08-09 16:32:22,Franklin,FRA,,,,,0.0,4.0,0.0,1.0,0.0,5.0
2026-08-09 16:32:22,Gadsden,GAD,,,,,9.0,2.0,0.0,0.0,0.0,11.0
2026-08-09 16:32:22,Gilchrist,GIL,,,,,0.0,4.0,0.0,0.0,1.0,5.0
2026-08-09 16:32:22,Glades,GLA,,,,,1.0,9.0,0.0,2.0,0.0,12.0
2026-08-09 16:32:22,Gulf,GUL,,,,,0.0,2.0,0.0,0.0,0.0,2.0
2026-08-09 16:32:22,Hamilton,HAM,,,,,2.0,0.0,0.0,0.0,0.0,2.0
2026-08-09 16:32:22,Hardee,HAR,,,,,0.0,5.0,0.0,0.0,0.0,5.0
2026-08-09 16:32:22,Hendry,HEN,,,,,1.0,0.0,0.0,0.0,0.0,1.0
2026-08-09 16:32:22,Hernando,HER,,,,,12.0,32.0,0.0,3.0,0.0,47.0
2026-08-09 16:32:22,Highlands,HIG,,,,,1.0,0.0,0.0,0.0,0.0,1.0
2026-08-09 16:32:22,Hillsborough,HIL,,,,,75.0,71.0,3.0,20.0,1.0,170.0
2026-08-09 16:32:22,Holmes,HOL,,,,,0.0,7.0,0.0,0.0,0.0,7.0
2026-08-09 16:32:22,Indian River,IND,,,,,3.0,6.0,0.0,1.0,0.0,10.0
2026-08-09 16:32:22,Jackson,JAC,,,,,2.0,2.0,0.0,0.0,0.0,4.0
2026-08-09 16:32:22,Jefferson,JEF,,,,,0.0,1.0,0.0,1.0,0.0,2.0
2026-08-09 16:32:22,Lafayette,LAF,,,,,0.0,6.0,0.0,0.0,0.0,6.0
2026-08-09 16:32:22,Lake,LAK,,,,,94.0,64.0,3.0,9.0,1.0,171.0
2026-08-09 16:32:22,Lee,LEE,,,,,35.0,55.0,1.0,6.0,0.0,97.0
2026-08-09 16:32:22,Leon,LEO,,,,,56.0,30.0,1.0,7.0,0.0,94.0
2026-08-09 16:32:22,Levy,LEV,,,,,0.0,2.0,0.0,0.0,0.0,2.0
2026-08-09 16:32:22,Manatee,MAN,,,,,5.0,25.0,0.0,1.0,0.0,31.0
2026-08-09 16:32:22,Marion,MRN,,,,,18.0,36.0,0.0,4.0,0.0,58.0
2026-08-09 16:32:22,Martin,MRT,,,,,3.0,14.0,0.0,1.0,0.0,18.0
2026-08-09 16:32:22,Miami-Dade,DAD,,,,,99.0,66.0,0.0,31.0,0.0,196.0
2026-08-09 16:32:22,Monroe,MON,,,,,2.0,6.0,0.0,0.0,0.0,8.0
2026-08-09 16:32:22,Nassau,NAS,,,,,4.0,3.0,0.0,0.0,0.0,7.0
2026-08-09 16:32:22,Okaloosa,OKA,,,,,9.0,18.0,1.0,3.0,0.0,31.0
2026-08-09 16:32:22,Orange,ORA,,,,,116.0,48.0,1.0,18.0,0.0,183.0
2026-08-09 16:32:22,Osceola,OSC,,,,,18.0,19.0,0.0,7.0,0.0,44.0
2026-08-09 16:32:22,Palm Beach,PAL,,,,,115.0,120.0,1.0,10.0,1.0,247.0
2026-08-09 16:32:22,Pasco,PAS,,,,,30.0,35.0,1.0,4.0,0.0,70.0
2026-08-09 16:32:22,Pinellas,PIN,,,,,20.0,35.0,0.0,11.0,2.0,68.0
2026-08-09 16:32:22,Polk,POL,,,,,20.0,24.0,0.0,2.0,0.0,46.0
2026-08-09 16:32:22,Putnam,PUT,,,,,2.0,1.0,0.0,0.0,0.0,3.0
2026-08-09 16:32:22,Santa Rosa,SAN,,,,,1.0,10.0,0.0,0.0,0.0,11.0
2026-08-09 16:32:22,Sarasota,SAR,,,,,15.0,36.0,0.0,13.0,0.0,64.0
2026-08-09 16:32:22,Seminole,SEM,,,,,34.0,37.0,1.0,7.0,1.0,80.0
2026-08-09 16:32:22,St. Johns,STJ,,,,,42.0,106.0,1.0,18.0,0.0,167.0
2026-08-09 16:32:22,St. Lucie,STL,,,,,30.0,44.0,0.0,10.0,0.0,84.0
2026-08-09 16:32:22,Sumter,SUM,,,,,8.0,42.0,0.0,1.0,0.0,51.0
2026-08-09 16:32:22,Suwannee,SUW,,,,,4.0,3.0,0.0,0.0,0.0,7.0
2026-08-09 16:32:22,Taylor,TAY,,,,,0.0,2.0,0.0,1.0,0.0,3.0
2026-08-09 16:32:22,Union,UNI,,,,,0.0,4.0,0.0,0.0,0.0,4.0
2026-08-09 16:32:22,Volusia,VOL,,,,,43.0,59.0,1.0,15.0,0.0,118.0
2026-08-09 16:32:22,Wakulla,WAK,,,,,4.0,5.0,0.0,1.0,0.0,10.0
2026-08-09 16:32:22,Walton,WAL,,,,,6.0,61.0,0.0,3.0,0.0,70.0
2026-08-09 16:32:22,Washington,WAS,,,,,0.0,7.0,0.0,0.0,0.0,7.0
2026-08-09 17:32:11,Alachua,ALA,,,,,19.0,9.0,0.0,8.0,0.0,36.0
2026-08-09 17:32:11,Baker,BAK,,,,,1.0,7.0,0.0,0.0,0.0,8.0
2026-08-09 17:32:11,Bay,BAY,,,,,9.0,43.0,0.0,3.0,0.0,55.0
2026-08-09 17:32:11,Bradford,BRA,,,,,0.0,6.0,0.0,0.0,0.0,6.0
2026-08-09 17:32:11,Calhoun,CAL,,,,,0.0,3.0,0.0,0.0,0.0,3.0
2026-08-09 17:32:11,Charlotte,CHA,,,,,4.0,15.0,0.0,0.0,0.0,19.0
2026-08-09 17:32:11,Citrus,CIT,,,,,3.0,8.0,0.0,1.0,0.0,12.0
2026-08-09 17:32:11,Clay,CLA,,,,,18.0,45.0,1.0,5.0,1.0,70.0
2026-08-09 17:32:11,Collier,CLL,,,,,4.0,31.0,1.0,3.0,0.0,39.0
2026-08-09 17:32:11,Columbia,CLM,,,,,11.0,15.0,0.0,3.0,0.0,29.0
2026-08-09 17:32:11,Duval,DUV,,,,,99.0,47.0,0.0,10.0,1.0,157.0
2026-08-09 17:32:11,Escambia,ESC,,,,,11.0,27.0,2.0,1.0,0.0,41.0
2026-08-09 17:32:11,Flagler,FLA,,,,,8.0,24.0,0.0,6.0,0.0,38.0
2026-08-09 17:32:11,Franklin,FRA,,,,,1.0,0.0,0.0,0.0,0.0,1.0
2026-08-09 17:32:11,Gadsden,GAD,,,,,8.0,2.0,0.0,0.0,0.0,10.0
2026-08-09 17:32:11,Gilchrist,GIL,,,,,0.0,2.0,0.0,0.0,0.0,2.0
2026-08-09 17:32:11,Glades,GLA,,,,,0.0,2.0,0.0,0.0,0.0,2.0
2026-08-09 17:32:11,Hamilton,HAM,,,,,0.0,2.0,0.0,1.0,0.0,3.0
2026-08-09 17:32:11,Hernando,HER,,,,,12.0,12.0,0.0,0.0,0.0,24.0
2026-08-09 17:32:11,Hillsborough,HIL,,,,,41.0,52.0,0.0,11.0,0.0,104.0
2026-08-09 17:32:11,Jackson,JAC,,,,,4.0,4.0,0.0,1.0,0.0,9.0
2026-08-09 17:32:11,Jefferson,JEF,,,,,1.0,0.0,0.0,0.0,0.0,1.0
2026-08-09 17:32:11,Lake,LAK,,,,,14.0,3.0,1.0,11.0,0.0,29.0
2026-08-09 17:32:11,Lee,LEE,,,,,12.0,48.0,0.0,10.0,1.0,71.0
2026-08-09 17:32:11,Leon,LEO,,,,,62.0,30.0,1.0,8.0,0.0,101.0
2026-08-09 17:32:11,Levy,LEV,,,,,0.0,1.0,0.0,1.0,0.0,2.0
2026-08-09 17:32:11,Manatee,MAN,,,,,9.0,23.0,0.0,0.0,0.0,32.0
2026-08-09 17:32:11,Marion,MRN,,,,,11.0,26.0,0.0,2.0,1.0,40.0
2026-08-09 17:32:11,Martin,MRT,,,,,4.0,5.0,0.0,2.0,0.0,11.0
2026-08-09 17:32:11,Miami-Dade,DAD,,,,,1.0,0.0,0.0,0.0,0.0,1.0
2026-08-09 17:32:11,Monroe,MON,,,,,12.0,2.0,0.0,2.0,3.0,19.0
2026-08-09 17:32:11,Nassau,NAS,,,,,2.0,16.0,0.0,1.0,0.0,19.0
2026-08-09 17:32:11,Okaloosa,OKA,,,,,2.0,28.0,0.0,1.0,0.0,31.0
2026-08-09 17:32:11,Orange,ORA,,,,,153.0,39.0,1.0,33.0,1.0,227.0
2026-08-09 17:32:11,Osceola,OSC,,,,,19.0,22.0,0.0,2.0,0.0,43.0
2026-08-09 17:32:11,Palm Beach,PAL,,,,,104.0,73.0,0.0,12.0,1.0,190.0
2026-08-09 17:32:11,Pasco,PAS,,,,,19.0,37.0,0.0,8.0,0.0,64.0
2026-08-09 17:32:11,Pinellas,PIN,,,,,13.0,12.0,1.0,4.0,0.0,30.0
2026-08-09 17:32:11,Polk,POL,,,,,14.0,13.0,0.0,3.0,0.0,30.0
2026-08-09 17:32:11,Putnam,PUT,,,,,3.0,4.0,0.0,0.0,0.0,7.0
2026-08-09 17:32:11,Santa Rosa,SAN,,,,,0.0,23.0,0.0,2.0,0.0,25.0
2026-08-09 17:32:11,Seminole,SEM,,,,,32.0,25.0,1.0,11.0,1.0,70.0
2026-08-09 17:32:11,St. Johns,STJ,,,,,22.0,52.0,1.0,5.0,1.0,81.0
2026-08-09 17:32:11,St. Lucie,STL,,,,,26.0,29.0,1.0,9.0,1.0,66.0
2026-08-09 17:32:11,Sumter,SUM,,,,,6.0,22.0,0.0,0.0,0.0,28.0
2026-08-09 17:32:11,Suwannee,SUW,,,,,0.0,3.0,0.0,0.0,0.0,3.0
2026-08-09 17:32:11,Taylor,TAY,,,,,3.0,0.0,0.0,0.0,0.0,3.0
2026-08-09 17:32:11,Union,UNI,,,,,1.0,7.0,0.0,0.0,0.0,8.0
2026-08-09 17:32:11,Volusia,VOL,,,,,22.0,41.0,1.0,9.0,0.0,73.0
2026-08-09 17:32:11,Walton,WAL,,,,,1.0,34.0,2.0,0.0,0.0,37.0
2026-08-09 17:32:11,Washington,WAS,,,,,3.0,5.0,0.0,0.0,0.0,8.0
2026-08-09 18:31:06,Alachua,ALA,,,,,6.0,2.0,0.0,0.0,0.0,8.0
2026-08-09 18:31:06,Bay,BAY,,,,,2.0,13.0,1.0,0.0,0.0,16.0
2026-08-09 18:31:06,Calhoun,CAL,,,,,1.0,1.0,0.0,0.0,0.0,2.0
2026-08-09 18:31:06,Charlotte,CHA,,,,,1.0,5.0,0.0,0.0,1.0,7.0
2026-08-09 18:31:06,Citrus,CIT,,,,,0.0,2.0,0.0,0.0,0.0,2.0
2026-08-09 18:31:06,Clay,CLA,,,,,0.0,7.0,0.0,0.0,0.0,7.0
2026-08-09 18:31:06,Collier,CLL,,,,,1.0,10.0,0.0,0.0,0.0,11.0
2026-08-09 18:31:06,Columbia,CLM,,,,,3.0,2.0,0.0,1.0,0.0,6.0
2026-08-09 18:31:06,Duval,DUV,,,,,30.0,13.0,0.0,2.0,0.0,45.0
2026-08-09 18:31:06,Escambia,ESC,,,,,7.0,12.0,0.0,2.0,0.0,21.0
2026-08-09 18:31:06,Flagler,FLA,,,,,4.0,3.0,0.0,2.0,0.0,9.0
2026-08-09 18:31:06,Gadsden,GAD,,,,,13.0,4.0,0.0,0.0,0.0,17.0
2026-08-09 18:31:06,Hernando,HER,,,,,0.0,5.0,0.0,0.0,0.0,5.0
2026-08-09 18:31:06,Hillsborough,HIL,,,,,8.0,4.0,0.0,5.0,0.0,17.0
2026-08-09 18:31:06,Jackson,JAC,,,,,4.0,3.0,0.0,0.0,0.0,7.0
2026-08-09 18:31:06,Lake,LAK,,,,,146.0,339.0,3.0,30.0,0.0,518.0
2026-08-09 18:31:06,Lee,LEE,,,,,1.0,3.0,1.0,1.0,0.0,6.0
2026-08-09 18:31:06,Leon,LEO,,,,,33.0,6.0,1.0,3.0,1.0,44.0
2026-08-09 18:31:06,Manatee,MAN,,,,,2.0,8.0,0.0,0.0,0.0,10.0
2026-08-09 18:31:06,Marion,MRN,,,,,2.0,4.0,0.0,2.0,0.0,8.0
2026-08-09 18:31:06,Monroe,MON,,,,,1.0,6.0,0.0,1.0,0.0,8.0
2026-08-09 18:31:06,Nassau,NAS,,,,,1.0,1.0,0.0,0.0,0.0,2.0
2026-08-09 18:31:06,Okaloosa,OKA,,,,,6.0,14.0,0.0,3.0,0.0,23.0
2026-08-09 18:31:06,Orange,ORA,,,,,84.0,55.0,0.0,15.0,0.0,154.0
2026-08-09 18:31:06,Osceola,OSC,,,,,3.0,4.0,0.0,0.0,0.0,7.0
2026-08-09 18:31:06,Palm Beach,PAL,,,,,66.0,36.0,2.0,8.0,0.0,112.0
2026-08-09 18:31:06,Pasco,PAS,,,,,6.0,6.0,0.0,0.0,0.0,12.0
2026-08-09 18:31:06,Polk,POL,,,,,5.0,5.0,0.0,1.0,0.0,11.0
2026-08-09 18:31:06,Santa Rosa,SAN,,,,,1.0,4.0,0.0,0.0,0.0,5.0
2026-08-09 18:31:06,Seminole,SEM,,,,,12.0,8.0,0.0,2.0,0.0,22.0
2026-08-09 18:31:06,St. Johns,STJ,,,,,6.0,5.0,0.0,0.0,0.0,11.0
2026-08-09 18:31:06,St. Lucie,STL,,,,,11.0,7.0,0.0,5.0,0.0,23.0
2026-08-09 18:31:06,Sumter,SUM,,,,,0.0,8.0,0.0,1.0,0.0,9.0
2026-08-09 18:31:06,Union,UNI,,,,,2.0,0.0,0.0,0.0,0.0,2.0
2026-08-09 18:31:06,Volusia,VOL,,,,,3.0,4.0,0.0,4.0,0.0,11.0
2026-08-09 18:31:06,Walton,WAL,,,,,5.0,19.0,0.0,1.0,0.0,25.0
2026-08-09 18:31:06,Washington,WAS,,,,,0.0,2.0,0.0,0.0,0.0,2.0
2026-08-09 19:31:11,Bay,BAY,,,,,3.0,6.0,0.0,1.0,0.0,10.0
2026-08-09 19:31:11,Leon,LEO,,,,,62.0,44.0,2.0,10.0,1.0,119.0
2026-08-09 19:31:11,Okaloosa,OKA,,,,,1.0,5.0,0.0,-1.0,0.0,5.0
2026-08-09 19:31:11,Orange,ORA,,,,,28.0,6.0,1.0,4.0,1.0,40.0
2026-08-09 19:31:11,Palm Beach,PAL,,,,,58.0,31.0,0.0,7.0,0.0,96.0
2026-08-09 19:31:11,Walton,WAL,,,,,2.0,27.0,0.0,0.0,0.0,29.0
2026-08-09 19:31:11,Washington,WAS,,,,,0.0,2.0,0.0,0.0,0.0,2.0
2026-08-09 21:48:00,Orange,ORA,,,,,174.0,42.0,0.0,37.0,1.0,254.0
2026-08-09 21:48:00,Palm Beach,PAL,,,,,353.0,81.0,1.0,32.0,0.0,467.0
2026-08-09 21:48:00,Walton,WAL,,,,,2.0,21.0,0.0,0.0,0.0,23.0
2026-08-09 23:55:05,Walton,WAL,,,,,0.0,2.0,0.0,0.0,0.0,2.0
