Timestamp,Code,County,DEM,REP,NPA,OTHER,IND,Total,DEM %,REP %,NPA/Other %,Note
2026-08-06 08:16:10,ALA,Alachua,3498,1517,865,22,98,6000,0.6975074775672981,0.3024925224327019,0.16416666666666666,First entry / reopened
2026-08-06 08:16:10,BAK,Baker,86,300,25,0,2,413,0.2227979274611398,0.7772020725388601,0.06537530266343826,First entry / reopened
2026-08-06 08:16:10,BAY,Bay,1199,2268,487,13,53,4020,0.3458321315258148,0.6541678684741852,0.13756218905472636,First entry / reopened
2026-08-06 08:16:10,BRA,Bradford,97,145,11,0,1,254,0.4008264462809917,0.5991735537190083,0.047244094488188976,First entry / reopened
2026-08-06 08:16:10,BRE,Brevard,7989,8466,2976,57,365,19853,0.4855059252506837,0.5144940747493163,0.17115801138366998,First entry / reopened
2026-08-06 08:16:10,BRO,Broward,7220,2567,2056,21,145,12009,0.7377132931439665,0.2622867068560335,0.18502789574485803,First entry / reopened
2026-08-06 08:16:10,CAL,Calhoun,85,153,8,0,0,246,0.3571428571428571,0.6428571428571429,0.032520325203252036,First entry / reopened
2026-08-06 08:16:10,CHA,Charlotte,3973,5522,1814,44,272,11625,0.4184307530279094,0.5815692469720906,0.1832258064516129,First entry / reopened
2026-08-06 08:16:10,CIT,Citrus,2689,4677,1367,32,194,8959,0.365055661145805,0.634944338854195,0.1778100234401161,First entry / reopened
2026-08-06 08:16:10,CLA,Clay,1551,2518,556,14,62,4701,0.3811747358073236,0.6188252641926764,0.13443948096149755,First entry / reopened
2026-08-06 08:16:10,CLL,Collier,4499,9552,2166,29,259,16505,0.3201907337556046,0.6798092662443954,0.1486822175098455,First entry / reopened
2026-08-06 08:16:10,CLM,Columbia,492,755,141,6,14,1408,0.3945469125902165,0.6054530874097834,0.11434659090909091,First entry / reopened
2026-08-06 08:16:10,DES,DeSoto,169,216,0,0,0,385,0.4389610389610389,0.561038961038961,0.0,First entry / reopened
2026-08-06 08:16:10,DIX,Dixie,94,261,30,0,2,387,0.2647887323943662,0.7352112676056338,0.082687338501292,First entry / reopened
2026-08-06 08:16:10,DUV,Duval,5405,3567,1315,31,134,10452,0.6024297815425769,0.3975702184574231,0.1415996938384998,First entry / reopened
2026-08-06 08:16:10,ESC,Escambia,3295,3617,1103,20,149,8184,0.4767071759259259,0.5232928240740741,0.15542521994134897,First entry / reopened
2026-08-06 08:16:10,FLA,Flagler,2289,2251,816,15,87,5458,0.5041850220264317,0.4958149779735682,0.16819347746427263,First entry / reopened
2026-08-06 08:16:10,FRA,Franklin,107,139,37,3,13,299,0.4349593495934959,0.5650406504065041,0.17725752508361203,First entry / reopened
2026-08-06 08:16:10,GAD,Gadsden,746,160,33,1,1,941,0.8233995584988962,0.1766004415011037,0.03719447396386823,First entry / reopened
2026-08-06 08:16:10,GIL,Gilchrist,108,283,36,1,4,432,0.2762148337595907,0.7237851662404092,0.09490740740740741,First entry / reopened
2026-08-06 08:16:10,GLA,Glades,73,179,27,1,2,282,0.2896825396825397,0.7103174603174603,0.10638297872340426,First entry / reopened
2026-08-06 08:16:10,GUL,Gulf,83,184,6,1,4,278,0.3108614232209737,0.6891385767790262,0.039568345323741004,First entry / reopened
2026-08-06 08:16:10,HAM,Hamilton,103,158,5,0,1,267,0.3946360153256705,0.6053639846743295,0.02247191011235955,First entry / reopened
2026-08-06 08:16:10,HAR,Hardee,48,89,13,0,0,150,0.3503649635036496,0.6496350364963503,0.08666666666666667,First entry / reopened
2026-08-06 08:16:10,HEN,Hendry,166,194,31,1,5,397,0.4611111111111111,0.5388888888888889,0.09319899244332494,First entry / reopened
2026-08-06 08:16:10,HER,Hernando,3214,3450,1123,27,113,7927,0.4822929171668667,0.5177070828331333,0.15932887599344014,First entry / reopened
2026-08-06 08:16:10,HIG,Highlands,742,956,299,6,36,2039,0.4369846878680801,0.5630153121319199,0.1672388425698872,First entry / reopened
2026-08-06 08:16:10,HIL,Hillsborough,18666,15931,7097,138,714,42546,0.5395265485446715,0.4604734514553285,0.18683307478963945,First entry / reopened
2026-08-06 08:16:10,HOL,Holmes,65,138,9,0,0,212,0.3201970443349753,0.6798029556650246,0.04245283018867924,First entry / reopened
2026-08-06 08:16:10,IND,Indian River,2850,3546,1140,30,166,7732,0.4455909943714822,0.5544090056285178,0.1727884117951371,First entry / reopened
2026-08-06 08:16:10,JAC,Jackson,402,452,25,1,1,881,0.4707259953161593,0.5292740046838408,0.03064699205448354,First entry / reopened
2026-08-06 08:16:10,JEF,Jefferson,142,63,14,0,4,223,0.6926829268292682,0.3073170731707317,0.08071748878923767,First entry / reopened
2026-08-06 08:16:10,LAF,Lafayette,22,78,1,0,0,101,0.22,0.78,0.009900990099009901,First entry / reopened
2026-08-06 08:16:10,LAK,Lake,4583,4571,1791,18,174,11137,0.5006554511688879,0.499344548831112,0.17805513154350364,First entry / reopened
2026-08-06 08:16:10,LEE,Lee,13880,21364,7063,113,750,43170,0.3938258994438769,0.606174100556123,0.18359972202918692,First entry / reopened
2026-08-06 08:16:10,LEO,Leon,5616,2652,1211,27,116,9622,0.6792452830188679,0.320754716981132,0.140719185200582,First entry / reopened
2026-08-06 08:16:10,LEV,Levy,453,868,112,9,18,1460,0.3429220287660863,0.6570779712339136,0.09520547945205479,First entry / reopened
2026-08-06 08:16:10,LIB,Liberty,14,21,1,0,0,36,0.4,0.6,0.027777777777777776,First entry / reopened
2026-08-06 08:16:10,MAD,Madison,158,111,15,0,1,285,0.587360594795539,0.4126394052044609,0.056140350877192984,First entry / reopened
2026-08-06 08:16:10,MAN,Manatee,6811,7540,1066,5,125,15547,0.4746010730959515,0.5253989269040485,0.0769280246992989,First entry / reopened
2026-08-06 08:16:10,MRN,Marion,4793,4635,1399,31,216,11074,0.5083792957148918,0.4916207042851082,0.14863644572873397,First entry / reopened
2026-08-06 08:16:10,MRT,Martin,1914,2117,585,9,91,4716,0.4748201438848921,0.5251798561151079,0.14525021204410518,First entry / reopened
2026-08-06 08:16:10,DAD,Miami-Dade,30679,21377,13504,100,896,66556,0.5893460888274167,0.4106539111725834,0.21786165033956367,First entry / reopened
2026-08-06 08:16:10,MON,Monroe,1825,1729,533,12,65,4164,0.5135059088351154,0.4864940911648846,0.14649375600384246,First entry / reopened
2026-08-06 08:16:10,NAS,Nassau,982,1253,418,7,69,2729,0.4393736017897092,0.5606263982102908,0.1810186881641627,First entry / reopened
2026-08-06 08:16:10,OKA,Okaloosa,1007,1602,357,8,45,3019,0.3859716366423917,0.6140283633576082,0.13580655846306725,First entry / reopened
2026-08-06 08:16:10,OKE,Okeechobee,221,380,0,0,0,601,0.367720465890183,0.632279534109817,0.0,First entry / reopened
2026-08-06 08:16:10,ORA,Orange,12870,7681,4463,96,438,25548,0.6262468979611697,0.3737531020388302,0.19559260998904024,First entry / reopened
2026-08-06 08:16:10,OSC,Osceola,4190,2883,1784,48,130,9035,0.592393609500919,0.407606390499081,0.21715550636413947,First entry / reopened
2026-08-06 08:16:10,PAL,Palm Beach,27195,12809,6856,87,854,47801,0.6798070192980702,0.3201929807019298,0.16311374239032655,First entry / reopened
2026-08-06 08:16:10,PAS,Pasco,6498,5575,2415,44,267,14799,0.5382257930920236,0.4617742069079765,0.18420163524562472,First entry / reopened
2026-08-06 08:16:10,PIN,Pinellas,19523,19457,8578,204,841,48603,0.500846587993843,0.499153412006157,0.19799189350451618,First entry / reopened
2026-08-06 08:16:10,POL,Polk,8094,8085,2415,50,305,18949,0.5002781383274615,0.4997218616725384,0.14618185656235158,First entry / reopened
2026-08-06 08:16:10,PUT,Putnam,466,559,91,5,10,1131,0.4546341463414634,0.5453658536585366,0.09372236958443855,First entry / reopened
2026-08-06 08:16:10,SAN,Santa Rosa,696,1059,206,5,32,1998,0.3965811965811965,0.6034188034188034,0.12162162162162163,First entry / reopened
2026-08-06 08:16:10,SAR,Sarasota,13454,11409,4278,58,510,29709,0.5411253670112215,0.4588746329887785,0.1631155542091622,First entry / reopened
2026-08-06 08:16:10,SEM,Seminole,4167,3708,1545,30,180,9630,0.5291428571428571,0.4708571428571428,0.1822429906542056,First entry / reopened
2026-08-06 08:16:10,STJ,St. Johns,2407,1962,503,7,64,4943,0.5509269855802243,0.4490730144197757,0.11612381145053612,First entry / reopened
2026-08-06 08:16:10,STL,St. Lucie,4437,3617,1523,26,207,9810,0.5509063819220263,0.4490936180779736,0.17900101936799184,First entry / reopened
2026-08-06 08:16:10,SUM,Sumter,3664,4915,1276,20,145,10020,0.4270894043594824,0.5729105956405175,0.143812375249501,First entry / reopened
2026-08-06 08:16:10,SUW,Suwannee,203,416,21,1,4,645,0.3279483037156704,0.6720516962843296,0.040310077519379844,First entry / reopened
2026-08-06 08:16:10,TAY,Taylor,71,130,1,0,2,204,0.3532338308457711,0.6467661691542289,0.014705882352941176,First entry / reopened
2026-08-06 08:16:10,UNI,Union,25,42,2,2,1,72,0.373134328358209,0.6268656716417911,0.06944444444444445,First entry / reopened
2026-08-06 08:16:10,VOL,Volusia,9087,9974,4318,75,523,23977,0.4767325953517654,0.5232674046482346,0.2050298202444009,First entry / reopened
2026-08-06 08:16:10,WAK,Wakulla,187,281,47,0,10,525,0.3995726495726496,0.6004273504273504,0.10857142857142857,First entry / reopened
2026-08-06 08:16:10,WAL,Walton,425,927,112,6,25,1495,0.3143491124260355,0.6856508875739645,0.09565217391304348,First entry / reopened
2026-08-06 08:16:10,WAS,Washington,106,233,11,2,4,356,0.3126843657817109,0.6873156342182891,0.047752808988764044,First entry / reopened
2026-08-06 09:27:10,BAY,Bay,1226,2304,488,13,54,4085,0.3473087818696884,0.6526912181303116,0.13586291309669524,
2026-08-06 09:27:10,BRE,Brevard,8153,8563,3000,57,367,20140,0.4877363005503709,0.5122636994496291,0.17000993048659385,
2026-08-06 09:27:10,CHA,Charlotte,4096,5705,1880,44,278,12003,0.4179165391286603,0.5820834608713397,0.18345413646588352,
2026-08-06 09:27:10,CLL,Collier,4499,9585,2166,29,259,16538,0.3194404998579949,0.6805595001420051,0.14838553634054905,
2026-08-06 09:27:10,DES,DeSoto,170,216,0,0,0,386,0.4404145077720207,0.5595854922279793,0.0,
2026-08-06 09:27:10,DIX,Dixie,99,290,30,0,2,421,0.2544987146529563,0.7455012853470437,0.07600950118764846,
2026-08-06 09:27:10,ESC,Escambia,3386,3732,1127,22,151,8418,0.4756954200618151,0.5243045799381849,0.15443098123069612,
2026-08-06 09:27:10,GAD,Gadsden,750,160,33,1,1,945,0.8241758241758241,0.1758241758241758,0.037037037037037035,
2026-08-06 09:27:10,GUL,Gulf,87,204,6,1,4,302,0.2989690721649484,0.7010309278350515,0.03642384105960265,
2026-08-06 09:27:10,HER,Hernando,3214,3452,1125,27,113,7931,0.4821482148214821,0.5178517851785178,0.15950069348127602,
2026-08-06 09:27:10,HIL,Hillsborough,18669,15931,7097,138,714,42549,0.5395664739884393,0.4604335260115607,0.1868199017603234,
2026-08-06 09:27:10,LEE,Lee,13978,21593,7114,114,760,43559,0.392960557757724,0.607039442242276,0.18338345692049862,
2026-08-06 09:27:10,LEO,Leon,5618,2652,1211,27,116,9624,0.679322853688029,0.320677146311971,0.14068994181213632,
2026-08-06 09:27:10,MRN,Marion,4795,4639,1402,31,216,11083,0.5082679669281323,0.4917320330718677,0.14878642966705766,
2026-08-06 09:27:10,DAD,Miami-Dade,30681,21693,13504,100,896,66874,0.5858059342421812,0.4141940657578187,0.2168256721595837,
2026-08-06 09:27:10,MON,Monroe,1829,1730,533,12,65,4169,0.5139084012363023,0.4860915987636977,0.1463180618853442,
2026-08-06 09:27:10,OKA,Okaloosa,1013,1627,361,8,46,3055,0.3837121212121212,0.6162878787878788,0.13584288052373159,
2026-08-06 09:27:10,SAN,Santa Rosa,696,1060,206,5,32,1999,0.3963553530751708,0.6036446469248291,0.12156078039019509,
2026-08-06 09:27:10,SEM,Seminole,4177,3712,1546,30,180,9645,0.5294714158955508,0.4705285841044492,0.1820632452047693,
2026-08-06 09:27:10,SUM,Sumter,3664,4916,1276,20,145,10021,0.427039627039627,0.5729603729603729,0.1437980241492865,
2026-08-06 11:03:18,BRA,Bradford,101,157,13,0,1,272,0.3914728682170542,0.6085271317829457,0.051470588235294115,
2026-08-06 11:03:18,BRE,Brevard,8154,8563,3000,57,367,20141,0.4877669438296345,0.5122330561703655,0.17000148949903182,
2026-08-06 11:03:18,CHA,Charlotte,4098,5705,1880,44,278,12005,0.4180352953177598,0.5819647046822402,0.18342357351103708,
2026-08-06 11:03:18,CLA,Clay,1551,2518,557,14,62,4702,0.3811747358073236,0.6188252641926764,0.13462356444066353,
2026-08-06 11:03:18,CLL,Collier,4941,10500,2340,31,272,18084,0.3199922284826112,0.6800077715173888,0.14615129396151294,
2026-08-06 11:03:18,DUV,Duval,5408,3567,1315,31,134,10455,0.6025626740947075,0.3974373259052924,0.14155906264945003,
2026-08-06 11:03:18,ESC,Escambia,3596,4021,1178,23,157,8975,0.4721018773795457,0.5278981226204542,0.1513091922005571,
2026-08-06 11:03:18,FRA,Franklin,116,149,41,3,13,322,0.4377358490566038,0.5622641509433962,0.17701863354037267,
2026-08-06 11:03:18,GAD,Gadsden,751,160,33,1,1,946,0.8243688254665203,0.1756311745334797,0.03699788583509514,
2026-08-06 11:03:18,GIL,Gilchrist,124,299,38,1,4,466,0.293144208037825,0.706855791962175,0.09227467811158799,
2026-08-06 11:03:18,GUL,Gulf,88,204,6,1,4,303,0.3013698630136986,0.6986301369863014,0.036303630363036306,
2026-08-06 11:03:18,HAM,Hamilton,112,165,7,0,1,285,0.4043321299638989,0.5956678700361011,0.028070175438596492,
2026-08-06 11:03:18,HER,Hernando,3259,3478,1138,27,114,8016,0.4837464746919994,0.5162535253080006,0.1595558882235529,
2026-08-06 11:03:18,HIL,Hillsborough,19686,16632,7370,143,737,44568,0.5420452668098463,0.4579547331901536,0.1851103931071621,
2026-08-06 11:03:18,HOL,Holmes,67,153,9,0,0,229,0.3045454545454545,0.6954545454545454,0.039301310043668124,
2026-08-06 11:03:18,LAK,Lake,4608,4637,1798,18,176,11237,0.4984315846403461,0.5015684153596539,0.17727151374922132,
2026-08-06 11:03:18,LEE,Lee,14384,22317,7328,117,778,44924,0.3919239257785891,0.6080760742214109,0.18304247173003294,
2026-08-06 11:03:18,LEO,Leon,5623,2652,1211,27,116,9629,0.6795166163141994,0.3204833836858006,0.14061688648873197,
2026-08-06 11:03:18,MAD,Madison,158,115,15,0,1,289,0.5787545787545788,0.4212454212454212,0.05536332179930796,
2026-08-06 11:03:18,DAD,Miami-Dade,32394,22431,14031,101,929,69886,0.5908618331053351,0.4091381668946648,0.2155081132129468,
2026-08-06 11:03:18,MON,Monroe,1830,1733,533,12,65,4173,0.5136121246140892,0.4863878753859108,0.1461778097292116,
2026-08-06 11:03:18,ORA,Orange,12874,7682,4464,96,438,25554,0.626289161315431,0.373710838684569,0.19558581826719887,
2026-08-06 11:03:18,PAS,Pasco,6515,5582,2417,44,267,14825,0.5385632801521039,0.4614367198478962,0.1840134907251265,
2026-08-06 11:03:18,PUT,Putnam,471,563,92,5,10,1141,0.4555125725338491,0.5444874274661509,0.09377738825591586,
2026-08-06 11:03:18,SAN,Santa Rosa,708,1080,209,5,32,2034,0.3959731543624161,0.6040268456375839,0.12094395280235988,
2026-08-06 11:03:18,SAR,Sarasota,13631,11558,4301,59,516,30065,0.5411489142085831,0.4588510857914168,0.16218193913188092,
2026-08-06 11:03:18,SEM,Seminole,4179,3713,1546,30,180,9648,0.529523568170299,0.4704764318297009,0.18200663349917082,
2026-08-06 11:03:18,SUM,Sumter,3738,5074,1298,21,146,10277,0.4241942805265547,0.5758057194734453,0.14255132820862118,
2026-08-06 11:03:18,SUW,Suwannee,219,446,22,1,4,692,0.3293233082706767,0.6706766917293233,0.03901734104046243,
2026-08-06 11:03:18,VOL,Volusia,9193,10105,4351,75,527,24251,0.4763706083531972,0.5236293916468028,0.20423900045358953,
2026-08-06 11:37:52,BAY,Bay,1199,2268,487,13,53,4020,0.3458321315258148,0.6541678684741852,0.13756218905472636,
2026-08-06 11:37:52,BRA,Bradford,97,145,11,0,1,254,0.4008264462809917,0.5991735537190083,0.047244094488188976,
2026-08-06 11:37:52,BRE,Brevard,7988,8466,2976,57,365,19852,0.4854746566184514,0.5145253433815485,0.1711666330848277,
2026-08-06 11:37:52,CHA,Charlotte,3945,5504,1811,44,271,11575,0.4175044978304582,0.5824955021695417,0.1836717062634989,
2026-08-06 11:37:52,CLA,Clay,1551,2518,556,14,62,4701,0.3811747358073236,0.6188252641926764,0.13443948096149755,
2026-08-06 11:37:52,CLL,Collier,4499,9552,2166,29,259,16505,0.3201907337556046,0.6798092662443954,0.1486822175098455,
2026-08-06 11:37:52,DES,DeSoto,169,216,0,0,0,385,0.4389610389610389,0.561038961038961,0.0,
2026-08-06 11:37:52,DIX,Dixie,94,261,30,0,2,387,0.2647887323943662,0.7352112676056338,0.082687338501292,
2026-08-06 11:37:52,DUV,Duval,5405,3567,1313,31,134,10450,0.6024297815425769,0.3975702184574231,0.14143540669856458,
2026-08-06 11:37:52,ESC,Escambia,3295,3617,1103,20,149,8184,0.4767071759259259,0.5232928240740741,0.15542521994134897,
2026-08-06 11:37:52,FRA,Franklin,107,139,37,3,13,299,0.4349593495934959,0.5650406504065041,0.17725752508361203,
2026-08-06 11:37:52,GAD,Gadsden,746,160,33,1,1,941,0.8233995584988962,0.1766004415011037,0.03719447396386823,
2026-08-06 11:37:52,GIL,Gilchrist,108,283,36,1,4,432,0.2762148337595907,0.7237851662404092,0.09490740740740741,
2026-08-06 11:37:52,GUL,Gulf,83,184,6,1,4,278,0.3108614232209737,0.6891385767790262,0.039568345323741004,
2026-08-06 11:37:52,HAM,Hamilton,103,158,5,0,1,267,0.3946360153256705,0.6053639846743295,0.02247191011235955,
2026-08-06 11:37:52,HER,Hernando,3214,3450,1123,27,113,7927,0.4822929171668667,0.5177070828331333,0.15932887599344014,
2026-08-06 11:37:52,HIL,Hillsborough,18666,15931,7097,138,714,42546,0.5395265485446715,0.4604734514553285,0.18683307478963945,
2026-08-06 11:37:52,HOL,Holmes,65,138,9,0,0,212,0.3201970443349753,0.6798029556650246,0.04245283018867924,
2026-08-06 11:37:52,LAK,Lake,4583,4571,1791,18,174,11137,0.5006554511688879,0.499344548831112,0.17805513154350364,
2026-08-06 11:37:52,LEE,Lee,13880,21364,7063,113,750,43170,0.3938258994438769,0.606174100556123,0.18359972202918692,
2026-08-06 11:37:52,LEO,Leon,5616,2652,1211,27,116,9622,0.6792452830188679,0.320754716981132,0.140719185200582,
2026-08-06 11:37:52,MAD,Madison,158,111,15,0,1,285,0.587360594795539,0.4126394052044609,0.056140350877192984,
2026-08-06 11:37:52,MRN,Marion,4792,4635,1399,31,216,11073,0.5083271454333298,0.4916728545666702,0.1486498690508444,
2026-08-06 11:37:52,DAD,Miami-Dade,30679,21377,13504,100,896,66556,0.5893460888274167,0.4106539111725834,0.21786165033956367,
2026-08-06 11:37:52,MON,Monroe,1825,1729,533,12,65,4164,0.5135059088351154,0.4864940911648846,0.14649375600384246,
2026-08-06 11:37:52,OKA,Okaloosa,1007,1602,357,8,45,3019,0.3859716366423917,0.6140283633576082,0.13580655846306725,
2026-08-06 11:37:52,ORA,Orange,12870,7681,4463,96,438,25548,0.6262468979611697,0.3737531020388302,0.19559260998904024,
2026-08-06 11:37:52,PAS,Pasco,6498,5575,2415,44,267,14799,0.5382257930920236,0.4617742069079765,0.18420163524562472,
2026-08-06 11:37:52,PUT,Putnam,466,559,91,5,10,1131,0.4546341463414634,0.5453658536585366,0.09372236958443855,
2026-08-06 11:37:52,SAN,Santa Rosa,696,1059,206,5,32,1998,0.3965811965811965,0.6034188034188034,0.12162162162162163,
2026-08-06 11:37:52,SAR,Sarasota,13454,11409,4278,58,510,29709,0.5411253670112215,0.4588746329887785,0.1631155542091622,
2026-08-06 11:37:52,SEM,Seminole,4166,3707,1545,30,180,9628,0.5291502603835895,0.4708497396164105,0.18228084752804322,
2026-08-06 11:37:52,SUM,Sumter,3663,4915,1276,20,145,10019,0.4270226159944043,0.5729773840055957,0.14382672921449247,
2026-08-06 11:37:52,SUW,Suwannee,203,416,21,1,4,645,0.3279483037156704,0.6720516962843296,0.040310077519379844,
2026-08-06 11:37:52,VOL,Volusia,9087,9974,4318,75,523,23977,0.4767325953517654,0.5232674046482346,0.2050298202444009,
2026-08-06 12:20:32,ALA,Alachua,3781,1633,923,23,107,6467,0.6983745844107868,0.3016254155892131,0.1628266584196691,
2026-08-06 12:20:32,BAY,Bay,1226,2304,488,13,54,4085,0.3473087818696884,0.6526912181303116,0.13586291309669524,
2026-08-06 12:20:32,BRA,Bradford,101,157,13,0,1,272,0.3914728682170542,0.6085271317829457,0.051470588235294115,
2026-08-06 12:20:32,BRE,Brevard,8888,8982,3206,63,388,21527,0.4973698936765529,0.5026301063234471,0.16987968597575137,
2026-08-06 12:20:32,CAL,Calhoun,87,167,9,0,0,263,0.3425196850393701,0.65748031496063,0.034220532319391636,
2026-08-06 12:20:32,CHA,Charlotte,4099,5705,1880,44,278,12006,0.4180946552427581,0.581905344757242,0.18340829585207397,
2026-08-06 12:20:32,CIT,Citrus,2752,4759,1388,32,198,9129,0.3663959526028491,0.6336040473971508,0.1772373753970862,
2026-08-06 12:20:32,CLA,Clay,1653,2665,577,14,63,4972,0.3828161185734136,0.6171838814265864,0.13153660498793243,
2026-08-06 12:20:32,CLL,Collier,4949,10510,2340,31,272,18102,0.3201371369428811,0.6798628630571188,0.14600596619158104,
2026-08-06 12:20:32,DES,DeSoto,170,216,0,0,0,386,0.4404145077720207,0.5595854922279793,0.0,
2026-08-06 12:20:32,DIX,Dixie,99,290,30,0,2,421,0.2544987146529563,0.7455012853470437,0.07600950118764846,
2026-08-06 12:20:32,DUV,Duval,5409,3567,1315,31,134,10456,0.6026069518716578,0.3973930481283422,0.14154552410099464,
2026-08-06 12:20:32,ESC,Escambia,3698,4133,1197,24,160,9212,0.4722257693781126,0.5277742306218873,0.14991315675206252,
2026-08-06 12:20:32,FRA,Franklin,116,149,41,3,13,322,0.4377358490566038,0.5622641509433962,0.17701863354037267,
2026-08-06 12:20:32,GAD,Gadsden,753,160,33,1,1,948,0.8247535596933188,0.1752464403066812,0.03691983122362869,
2026-08-06 12:20:32,GIL,Gilchrist,124,299,38,1,4,466,0.293144208037825,0.706855791962175,0.09227467811158799,
2026-08-06 12:20:32,GUL,Gulf,88,204,6,1,4,303,0.3013698630136986,0.6986301369863014,0.036303630363036306,
2026-08-06 12:20:32,HAM,Hamilton,112,165,7,0,1,285,0.4043321299638989,0.5956678700361011,0.028070175438596492,
2026-08-06 12:20:32,HER,Hernando,3259,3478,1138,27,114,8016,0.4837464746919994,0.5162535253080006,0.1595558882235529,
2026-08-06 12:20:32,HIG,Highlands,779,956,315,6,41,2097,0.4489913544668588,0.5510086455331412,0.1726275631855031,
2026-08-06 12:20:32,HIL,Hillsborough,20947,17740,7769,151,781,47388,0.5414480316385349,0.4585519683614651,0.18361188486536675,
2026-08-06 12:20:32,HOL,Holmes,70,169,10,0,0,249,0.2928870292887029,0.7071129707112971,0.040160642570281124,
2026-08-06 12:20:32,IND,Indian River,2878,3598,1152,30,168,7826,0.4444101297096973,0.5555898702903026,0.1725019166879632,
2026-08-06 12:20:32,LAK,Lake,4609,4637,1798,18,176,11238,0.4984858317110102,0.5015141682889899,0.17725573945541911,
2026-08-06 12:20:32,LEE,Lee,14664,22774,7435,120,791,45784,0.3916875901490464,0.6083124098509536,0.18229075659619082,
2026-08-06 12:20:32,LEO,Leon,5882,2808,1272,28,118,10108,0.6768699654775604,0.3231300345224396,0.1402849228333993,
2026-08-06 12:20:32,MAD,Madison,160,115,15,0,1,291,0.5818181818181818,0.4181818181818181,0.054982817869415807,
2026-08-06 12:20:32,MAN,Manatee,6872,7624,1069,5,126,15696,0.4740618101545253,0.5259381898454746,0.0764525993883792,
2026-08-06 12:20:32,MRN,Marion,5026,4893,1444,31,221,11615,0.5067043048694425,0.4932956951305575,0.14601808006887645,
2026-08-06 12:20:32,MRT,Martin,1946,2148,596,9,92,4791,0.4753297508549096,0.5246702491450904,0.14548111041536213,
2026-08-06 12:20:32,DAD,Miami-Dade,32448,22465,14057,102,933,70005,0.5908983300857721,0.4091016699142279,0.21558460109992145,
2026-08-06 12:20:32,MON,Monroe,1837,1742,537,13,66,4195,0.513271863649064,0.486728136350936,0.1468414779499404,
2026-08-06 12:20:32,NAS,Nassau,998,1283,421,8,69,2779,0.4375274002630425,0.5624725997369575,0.17920115149334293,
2026-08-06 12:20:32,OKA,Okaloosa,1015,1635,363,8,46,3067,0.3830188679245283,0.6169811320754717,0.13596348223019236,
2026-08-06 12:20:32,ORA,Orange,12875,7682,4466,96,438,25557,0.6263073405652576,0.3736926594347424,0.1956411159369253,
2026-08-06 12:20:32,PAL,Palm Beach,27532,13013,6943,90,860,48438,0.6790479713898138,0.3209520286101862,0.16295057599405424,
2026-08-06 12:20:32,PAS,Pasco,6768,5957,2419,44,267,15455,0.5318664047151277,0.4681335952848723,0.1766418634746037,
2026-08-06 12:20:32,PIN,Pinellas,19696,21131,8579,204,841,50451,0.4824258456413647,0.5175741543586352,0.1907593506570732,
2026-08-06 12:20:32,PUT,Putnam,471,564,92,5,10,1142,0.4550724637681159,0.5449275362318841,0.09369527145359019,
2026-08-06 12:20:32,SAN,Santa Rosa,717,1092,209,5,32,2055,0.3963515754560531,0.603648424543947,0.11970802919708029,
2026-08-06 12:20:32,SAR,Sarasota,14055,12119,4430,59,534,31197,0.5369832658363262,0.4630167341636739,0.16100907138506906,
2026-08-06 12:20:32,SEM,Seminole,4197,3812,1546,30,180,9765,0.5240354601073792,0.4759645398926208,0.17982590885816693,
2026-08-06 12:20:32,STJ,St. Johns,2432,1998,510,7,64,5011,0.5489841986455982,0.4510158013544018,0.11594492117341848,
2026-08-06 12:20:32,SUM,Sumter,3789,5152,1312,22,147,10422,0.4237781008835701,0.57622189911643,0.14210324313951256,
2026-08-06 12:20:32,SUW,Suwannee,219,446,22,1,4,692,0.3293233082706767,0.6706766917293233,0.03901734104046243,
2026-08-06 12:20:32,UNI,Union,25,45,2,2,1,75,0.3571428571428571,0.6428571428571429,0.06666666666666667,
2026-08-06 12:20:32,VOL,Volusia,9822,10749,4582,81,556,25790,0.4774682805891789,0.5225317194108211,0.2023652578518806,
2026-08-06 12:20:32,WAK,Wakulla,202,300,53,0,10,565,0.4023904382470119,0.5976095617529881,0.11150442477876106,
2026-08-06 12:20:32,WAL,Walton,426,927,112,6,25,1496,0.3148558758314856,0.6851441241685144,0.09558823529411764,
2026-08-06 12:20:32,WAS,Washington,121,251,13,2,4,391,0.325268817204301,0.6747311827956989,0.04859335038363171,
2026-08-06 13:24:43,ALA,Alachua,3782,1633,923,23,107,6468,0.6984302862419206,0.3015697137580794,0.16280148423005567,
2026-08-06 13:24:43,BRE,Brevard,8888,9255,3206,63,388,21800,0.4898859064101857,0.5101140935898143,0.16775229357798166,
2026-08-06 13:24:43,CAL,Calhoun,87,169,9,0,0,265,0.33984375,0.66015625,0.033962264150943396,
2026-08-06 13:24:43,CHA,Charlotte,4098,5705,1880,44,278,12005,0.4180352953177598,0.5819647046822402,0.18342357351103708,
2026-08-06 13:24:43,CIT,Citrus,2791,4850,1406,33,200,9280,0.3652663263970684,0.6347336736029315,0.17661637931034482,
2026-08-06 13:24:43,DUV,Duval,5411,3570,1316,31,134,10462,0.6024941543257989,0.3975058456742011,0.1415599311795068,
2026-08-06 13:24:43,ESC,Escambia,3732,4192,1205,25,161,9315,0.4709742554265522,0.5290257445734478,0.14932903918411164,
2026-08-06 13:24:43,GAD,Gadsden,786,164,35,1,1,987,0.8273684210526315,0.1726315789473684,0.037487335359675786,
2026-08-06 13:24:43,HIG,Highlands,779,969,315,6,41,2110,0.4456521739130434,0.5543478260869565,0.17156398104265402,
2026-08-06 13:24:43,HIL,Hillsborough,20949,17746,7769,151,781,47396,0.5413877761984752,0.4586122238015247,0.18358089290235463,
2026-08-06 13:24:43,IND,Indian River,2928,3655,1162,30,168,7943,0.444782014279204,0.555217985720796,0.17121994208737254,
2026-08-06 13:24:43,LAK,Lake,4612,4638,1799,18,176,11243,0.4985945945945946,0.5014054054054055,0.17726585430934805,
2026-08-06 13:24:43,LEE,Lee,14788,22919,7472,120,794,46093,0.3921818230036863,0.6078181769963137,0.1819365196450654,
2026-08-06 13:24:43,LEO,Leon,5883,2810,1273,28,118,10112,0.6767514091797998,0.3232485908202002,0.14032832278481014,
2026-08-06 13:24:43,LIB,Liberty,15,21,1,0,0,37,0.4166666666666667,0.5833333333333334,0.02702702702702703,
2026-08-06 13:24:43,MAD,Madison,160,118,15,0,1,294,0.5755395683453237,0.4244604316546763,0.05442176870748299,
2026-08-06 13:24:43,MAN,Manatee,6905,7624,1069,5,126,15729,0.4752563837841558,0.5247436162158442,0.07629219912263971,
2026-08-06 13:24:43,MRN,Marion,5050,4900,1459,32,222,11663,0.507537688442211,0.4924623115577889,0.146874732058647,
2026-08-06 13:24:43,MRT,Martin,2007,2213,612,9,97,4938,0.4755924170616113,0.5244075829383886,0.14540299716484406,
2026-08-06 13:24:43,DAD,Miami-Dade,32485,22504,14073,103,936,70101,0.5907545145392715,0.4092454854607285,0.21557467083208515,
2026-08-06 13:24:43,MON,Monroe,1864,1765,545,13,67,4254,0.5136401212455222,0.4863598787544778,0.1469205453690644,
2026-08-06 13:24:43,NAS,Nassau,1033,1341,431,8,71,2884,0.4351305812973883,0.5648694187026116,0.1768377253814147,
2026-08-06 13:24:43,OKA,Okaloosa,1016,1635,363,8,46,3068,0.3832516031686156,0.6167483968313844,0.13591916558018252,
2026-08-06 13:24:43,ORA,Orange,12875,7683,4466,96,438,25558,0.6262768751824107,0.3737231248175892,0.19563346114719463,
2026-08-06 13:24:43,OSC,Osceola,4579,3156,1938,49,140,9862,0.5919844861021332,0.4080155138978668,0.21567633340093287,
2026-08-06 13:24:43,PAL,Palm Beach,28414,13634,7125,91,884,50148,0.6757515220700152,0.3242484779299848,0.1615218951902369,
2026-08-06 13:24:43,PAS,Pasco,6936,5957,2559,48,280,15780,0.537966338323121,0.4620336616768789,0.1829531051964512,
2026-08-06 13:24:43,PIN,Pinellas,21252,21133,9202,211,893,52691,0.5014037985136252,0.4985962014863749,0.19559317530508055,
2026-08-06 13:24:43,SAN,Santa Rosa,721,1097,210,5,32,2065,0.3965896589658966,0.6034103410341034,0.11961259079903147,
2026-08-06 13:24:43,SEM,Seminole,4279,3948,1547,30,180,9984,0.5201166889510149,0.4798833110489851,0.1759815705128205,
2026-08-06 13:24:43,STJ,St. Johns,2506,2080,525,8,66,5185,0.546445704317488,0.453554295682512,0.11552555448408872,
2026-08-06 13:24:43,SUM,Sumter,3860,5251,1332,23,150,10616,0.4236637032158928,0.5763362967841071,0.141767143933685,
2026-08-06 13:24:43,WAK,Wakulla,203,300,53,0,10,566,0.4035785288270377,0.5964214711729622,0.11130742049469965,
2026-08-06 17:20:05,ALA,Alachua,3783,1635,925,23,107,6473,0.6982281284606866,0.3017718715393134,0.1629847057006025,
2026-08-06 17:20:05,BAK,Baker,88,316,26,0,2,432,0.2178217821782178,0.7821782178217822,0.06481481481481481,
2026-08-06 17:20:05,BAY,Bay,1277,2425,506,13,56,4277,0.3449486763911399,0.6550513236088601,0.13444002805704933,
2026-08-06 17:20:05,BRE,Brevard,8896,9262,3208,63,388,21817,0.4899217975547967,0.5100782024452032,0.16771325113443644,
2026-08-06 17:20:05,CAL,Calhoun,87,172,9,0,0,268,0.3359073359073359,0.6640926640926641,0.033582089552238806,
2026-08-06 17:20:05,CHA,Charlotte,4117,5742,1882,44,282,12067,0.4175879906684248,0.5824120093315752,0.18297837076323858,
2026-08-06 17:20:05,CIT,Citrus,2849,4919,1412,33,203,9416,0.3667610710607621,0.6332389289392379,0.1750212404418012,
2026-08-06 17:20:05,CLM,Columbia,513,782,142,8,14,1459,0.3961389961389961,0.6038610038610038,0.11240575736806031,
2026-08-06 17:20:05,DIX,Dixie,102,317,30,0,4,453,0.2434367541766109,0.7565632458233891,0.07505518763796909,
2026-08-06 17:20:05,DUV,Duval,5916,3907,1358,32,141,11354,0.6022600020360379,0.3977399979639621,0.1348423463096706,
2026-08-06 17:20:05,ESC,Escambia,3733,4192,1205,25,161,9316,0.4710410094637224,0.5289589905362776,0.14931300987548304,
2026-08-06 17:20:05,FLA,Flagler,2469,2369,853,17,89,5797,0.510334849111203,0.489665150888797,0.16543039503191306,
2026-08-06 17:20:05,GAD,Gadsden,805,166,35,1,1,1008,0.8290422245108136,0.1709577754891864,0.03670634920634921,
2026-08-06 17:20:05,GIL,Gilchrist,125,302,38,1,4,470,0.2927400468384075,0.7072599531615925,0.09148936170212765,
2026-08-06 17:20:05,GLA,Glades,78,195,29,1,2,305,0.2857142857142857,0.7142857142857143,0.10491803278688525,
2026-08-06 17:20:05,HAM,Hamilton,114,167,8,0,1,290,0.4056939501779359,0.594306049822064,0.03103448275862069,
2026-08-06 17:20:05,HEN,Hendry,167,198,32,1,5,403,0.4575342465753425,0.5424657534246575,0.09429280397022333,
2026-08-06 17:20:05,HER,Hernando,3279,3486,1142,27,117,8051,0.48470066518847,0.5152993348115299,0.1597317103465408,
2026-08-06 17:20:05,HIG,Highlands,797,1056,322,6,43,2224,0.4301133297355639,0.5698866702644361,0.16681654676258992,
2026-08-06 17:20:05,HIL,Hillsborough,20980,17783,7783,151,784,47481,0.5412377782937338,0.4587622217062663,0.18361028621975106,
2026-08-06 17:20:05,HOL,Holmes,70,171,10,0,0,251,0.2904564315352697,0.7095435684647303,0.0398406374501992,
2026-08-06 17:20:05,IND,Indian River,3050,3812,1190,31,169,8252,0.4444768289128534,0.5555231710871466,0.16844401357246727,
2026-08-06 17:20:05,JAC,Jackson,411,474,25,1,1,912,0.4644067796610169,0.535593220338983,0.029605263157894735,
2026-08-06 17:20:05,JEF,Jefferson,160,72,15,0,4,251,0.6896551724137931,0.3103448275862069,0.07569721115537849,
2026-08-06 17:20:05,LAF,Lafayette,22,82,1,0,0,105,0.2115384615384615,0.7884615384615384,0.009523809523809525,
2026-08-06 17:20:05,LAK,Lake,4849,4908,1879,18,185,11839,0.4969765296710054,0.5030234703289945,0.17585944758847877,
2026-08-06 17:20:05,LEE,Lee,14861,22983,7488,120,794,46246,0.3926910474579854,0.6073089525420146,0.18168057777969987,
2026-08-06 17:20:05,LEO,Leon,5956,2820,1281,28,118,10203,0.678669097538742,0.3213309024612579,0.13986082524747623,
2026-08-06 17:20:05,LEV,Levy,469,923,118,11,20,1541,0.3369252873563218,0.6630747126436781,0.09669046073977937,
2026-08-06 17:20:05,LIB,Liberty,15,24,1,0,0,40,0.3846153846153846,0.6153846153846154,0.025,
2026-08-06 17:20:05,MAD,Madison,162,119,15,0,1,297,0.5765124555160143,0.4234875444839858,0.05387205387205387,
2026-08-06 17:20:05,MAN,Manatee,7107,7804,1090,5,128,16134,0.476627992757025,0.523372007242975,0.07580265278294285,
2026-08-06 17:20:05,MRN,Marion,5050,4901,1459,32,222,11664,0.507486684755301,0.492513315244699,0.14686213991769548,
2026-08-06 17:20:05,MRT,Martin,2158,2405,648,9,100,5320,0.4729344729344729,0.5270655270655271,0.14229323308270678,
2026-08-06 17:20:05,DAD,Miami-Dade,32486,22507,14076,103,936,70108,0.5907297292382667,0.4092702707617333,0.21559593769612598,
2026-08-06 17:20:05,MON,Monroe,1907,1811,553,13,67,4351,0.5129101667563206,0.4870898332436794,0.14548379682831533,
2026-08-06 17:20:05,OKA,Okaloosa,1098,1757,377,9,46,3287,0.3845884413309982,0.6154115586690018,0.13142683297839974,
2026-08-06 17:20:05,OKE,Okeechobee,227,404,0,0,0,631,0.3597464342313787,0.6402535657686212,0.0,
2026-08-06 17:20:05,ORA,Orange,14960,9111,5172,123,497,29863,0.6214947447135557,0.3785052552864442,0.19395238254696448,
2026-08-06 17:20:05,OSC,Osceola,4625,3158,1938,49,140,9910,0.5942438648336117,0.4057561351663883,0.2146316851664985,
2026-08-06 17:20:05,PAL,Palm Beach,29146,13974,7261,93,901,51375,0.6759276437847866,0.3240723562152133,0.16068126520681264,
2026-08-06 17:20:05,PAS,Pasco,6971,5982,2570,49,282,15854,0.5381764842121516,0.4618235157878483,0.1829822126908036,
2026-08-06 17:20:05,PIN,Pinellas,21267,21138,9206,211,893,52715,0.5015210470463389,0.4984789529536611,0.1955800056909798,
2026-08-06 17:20:05,POL,Polk,8294,8251,2467,54,309,19375,0.5012994862496223,0.4987005137503777,0.14606451612903226,
2026-08-06 17:20:05,PUT,Putnam,499,618,96,5,12,1230,0.4467323187108326,0.5532676812891674,0.091869918699187,
2026-08-06 17:20:05,SAN,Santa Rosa,740,1140,215,5,35,2135,0.3936170212765957,0.6063829787234043,0.11943793911007025,
2026-08-06 17:20:05,SAR,Sarasota,14072,12131,4433,59,534,31229,0.5370377437697974,0.4629622562302026,0.1609401517819975,
2026-08-06 17:20:05,SEM,Seminole,4489,4010,1655,31,193,10378,0.5281797858571596,0.4718202141428403,0.18105608016958952,
2026-08-06 17:20:05,STJ,St. Johns,2590,2165,535,8,66,5364,0.544689800210305,0.455310199789695,0.11353467561521252,
2026-08-06 17:20:05,STL,St. Lucie,4993,3989,1699,29,222,10932,0.5558895568915609,0.4441104431084391,0.1783754116355653,
2026-08-06 17:20:05,SUM,Sumter,3915,5343,1344,23,151,10776,0.4228775113415424,0.5771224886584575,0.1408685968819599,
2026-08-06 17:20:05,SUW,Suwannee,222,451,22,1,4,700,0.3298662704309064,0.6701337295690936,0.03857142857142857,
2026-08-06 17:20:05,TAY,Taylor,73,130,1,0,2,206,0.3596059113300492,0.6403940886699507,0.014563106796116505,
2026-08-06 17:20:05,UNI,Union,28,46,2,2,1,79,0.3783783783783784,0.6216216216216216,0.06329113924050633,
2026-08-06 17:20:05,VOL,Volusia,9821,10749,4582,81,556,25789,0.4774428779776373,0.5225571220223627,0.2023731048121292,
2026-08-06 17:20:05,WAK,Wakulla,208,308,55,0,11,582,0.4031007751937984,0.5968992248062015,0.1134020618556701,
2026-08-06 17:20:05,WAL,Walton,453,989,121,6,25,1594,0.3141470180305132,0.6858529819694869,0.09535759096612297,
2026-08-06 17:20:05,WAS,Washington,123,252,13,2,4,394,0.328,0.672,0.048223350253807105,
2026-08-06 18:51:34,BAY,Bay,1312,2495,520,13,56,4396,0.3446283162595219,0.655371683740478,0.1339854413102821,
2026-08-06 18:51:34,BRA,Bradford,144,443,15,0,1,603,0.2453151618398637,0.7546848381601363,0.026533996683250415,
2026-08-06 18:51:34,CAL,Calhoun,139,337,14,0,0,490,0.2920168067226891,0.707983193277311,0.02857142857142857,
2026-08-06 18:51:34,DUV,Duval,5916,3907,1366,32,142,11363,0.6022600020360379,0.3977399979639621,0.1355275895450145,
2026-08-06 18:51:34,GAD,Gadsden,806,166,35,1,1,1009,0.8292181069958847,0.1707818930041152,0.036669970267591674,
2026-08-06 18:51:34,HAR,Hardee,64,168,14,1,1,248,0.2758620689655172,0.7241379310344828,0.06451612903225806,
2026-08-06 18:51:34,HEN,Hendry,285,571,59,2,6,923,0.3329439252336448,0.6670560747663551,0.07258938244853738,
2026-08-06 18:51:34,HIG,Highlands,852,1284,333,7,44,2520,0.398876404494382,0.601123595505618,0.1523809523809524,
2026-08-06 18:51:34,HIL,Hillsborough,25155,23614,8531,180,854,58334,0.5157989706575898,0.4842010293424101,0.16396955463366134,
2026-08-06 18:51:34,JAC,Jackson,439,609,29,2,1,1080,0.4188931297709923,0.5811068702290076,0.02962962962962963,
2026-08-06 18:51:34,JEF,Jefferson,261,260,24,0,6,551,0.5009596928982726,0.4990403071017274,0.0544464609800363,
2026-08-06 18:51:34,LAK,Lake,4933,5000,1894,18,187,12032,0.4966274036041478,0.5033725963958522,0.17445146276595744,
2026-08-06 18:51:34,LEO,Leon,5964,2820,1282,28,118,10212,0.6789617486338798,0.3210382513661202,0.1398354876615746,
2026-08-06 18:51:34,LEV,Levy,487,1025,120,12,21,1665,0.3220899470899471,0.6779100529100529,0.0918918918918919,
2026-08-06 18:51:34,DAD,Miami-Dade,37207,26357,14839,115,994,79512,0.5853470517903215,0.4146529482096784,0.20057349833987323,
2026-08-06 18:51:34,MON,Monroe,2354,2460,686,20,80,5600,0.4889904445367677,0.5110095554632322,0.14035714285714285,
2026-08-06 18:51:34,NAS,Nassau,1183,1986,547,11,90,3817,0.3733038813505838,0.6266961186494162,0.16976683259104008,
2026-08-06 18:51:34,ORA,Orange,20511,13032,6157,149,578,40427,0.6114837671049101,0.3885162328950899,0.17028223711875726,
2026-08-06 18:51:34,PAL,Palm Beach,29355,14017,7276,93,901,51642,0.6768191459928065,0.3231808540071936,0.1601409705278649,
2026-08-06 18:51:34,POL,Polk,8368,8332,2496,55,313,19564,0.5010778443113773,0.4989221556886227,0.14639133101615212,
2026-08-06 18:51:34,PUT,Putnam,763,1530,134,7,13,2447,0.3327518534670737,0.6672481465329263,0.06293420514916225,
2026-08-06 18:51:34,SAN,Santa Rosa,1088,3158,331,9,49,4635,0.2562411681582666,0.7437588318417334,0.08392664509169363,
2026-08-06 18:51:34,SEM,Seminole,4532,4040,1672,32,196,10472,0.5286980867942137,0.4713019132057863,0.18143621084797557,
2026-08-06 20:52:49,LAK,Lake,4980,5162,1903,20,188,12253,0.4910274107671071,0.5089725892328929,0.17228433852933975,
2026-08-06 20:52:49,ORA,Orange,20528,13040,6159,149,578,40454,0.611534795042898,0.388465204957102,0.17021802541157857,
2026-08-06 20:52:49,POL,Polk,8464,8420,2521,55,315,19775,0.5013030087656953,0.4986969912343046,0.14619469026548673,
2026-08-06 23:49:13,PAL,Palm Beach,29360,14019,7276,93,901,51649,0.6768251919131377,0.3231748080868623,0.16011926658793008,
2026-08-07 06:07:14,FLA,Flagler,0,0,0,0,0,0,,,0.0,
2026-08-07 07:45:17,FLA,Flagler,2469,2369,853,17,89,5797,0.510334849111203,0.489665150888797,0.16543039503191306,
2026-08-07 07:45:17,LAK,Lake,4980,5163,1903,20,188,12254,0.4909790002957704,0.5090209997042295,0.17227027909254122,
2026-08-07 07:45:17,DAD,Miami-Dade,37254,26377,14848,115,995,79589,0.5854693467020792,0.4145306532979208,0.2005050949251781,
2026-08-07 07:45:17,TAY,Taylor,78,134,1,0,2,215,0.3679245283018867,0.6320754716981132,0.013953488372093023,
2026-08-07 09:03:06,BRE,Brevard,9095,9356,3234,63,390,22138,0.4929272126172023,0.5070727873827977,0.16654621013641702,
2026-08-07 09:03:06,CAL,Calhoun,139,336,14,0,0,489,0.2926315789473684,0.7073684210526315,0.028629856850715747,
2026-08-07 09:03:06,CHA,Charlotte,4359,6098,1973,47,294,12771,0.4168499569666252,0.5831500430333748,0.18119176258711142,
2026-08-07 09:03:06,CLL,Collier,4949,10511,2340,31,272,18103,0.3201164294954722,0.6798835705045279,0.14599790090040324,
2026-08-07 09:03:06,DUV,Duval,5919,3909,1366,32,143,11369,0.6022588522588522,0.3977411477411477,0.13554402322103967,
2026-08-07 09:03:06,ESC,Escambia,3741,4208,1210,25,161,9345,0.4706252358787269,0.5293747641212732,0.14938469769930443,
2026-08-07 09:03:06,GIL,Gilchrist,125,303,38,1,4,471,0.2920560747663551,0.7079439252336449,0.09129511677282377,
2026-08-07 09:03:06,HAR,Hardee,65,177,14,1,1,258,0.268595041322314,0.731404958677686,0.06201550387596899,
2026-08-07 09:03:06,HIG,Highlands,856,1305,334,7,44,2546,0.3961129106894956,0.6038870893105044,0.15121759622937941,
2026-08-07 09:03:06,HIL,Hillsborough,25155,23615,8532,179,854,58335,0.5157883945048185,0.4842116054951814,0.1639667438073198,
2026-08-07 09:03:06,JEF,Jefferson,262,267,24,0,6,559,0.4952741020793951,0.504725897920605,0.05366726296958855,
2026-08-07 09:03:06,LAK,Lake,4980,5163,1904,20,188,12255,0.4909790002957704,0.5090209997042295,0.1723378212974296,
2026-08-07 09:03:06,LEE,Lee,14885,23033,7498,120,795,46331,0.3925576243472757,0.6074423756527243,0.18158468412078307,
2026-08-07 09:03:06,LEO,Leon,5964,2820,1283,28,118,10213,0.6789617486338798,0.3210382513661202,0.13991971017330854,
2026-08-07 09:03:06,LEV,Levy,490,1036,120,12,21,1679,0.3211009174311927,0.6788990825688074,0.09112567004169149,
2026-08-07 09:03:06,MAD,Madison,164,120,15,0,1,300,0.5774647887323944,0.4225352112676056,0.05333333333333334,
2026-08-07 09:03:06,MAN,Manatee,7139,7870,1096,5,128,16238,0.4756479445665934,0.5243520554334066,0.07568666091883237,
2026-08-07 09:03:06,DAD,Miami-Dade,37372,26462,14870,115,995,79814,0.5854560265689132,0.4145439734310869,0.2002155010399178,
2026-08-07 09:03:06,MON,Monroe,2358,2468,688,20,81,5615,0.4886033982594281,0.5113966017405719,0.14051647373107748,
2026-08-07 09:03:06,ORA,Orange,20627,13075,6182,149,583,40616,0.6120408284374814,0.3879591715625185,0.17022848138664565,
2026-08-07 09:03:06,PAL,Palm Beach,29363,14019,7276,93,901,51652,0.6768475404545664,0.3231524595454336,0.1601099667002246,
2026-08-07 09:03:06,PAS,Pasco,6972,5983,2570,49,282,15856,0.5381705905055963,0.4618294094944037,0.18295913218970736,
2026-08-07 09:03:06,PUT,Putnam,766,1539,135,7,13,2460,0.3323210412147505,0.6676789587852494,0.06300813008130081,
2026-08-07 09:03:06,SEM,Seminole,4535,4044,1673,32,196,10480,0.5286163888565101,0.4713836111434899,0.18139312977099237,
2026-08-07 09:03:06,SUM,Sumter,3916,5345,1344,23,151,10779,0.4228485044811575,0.5771514955188425,0.1408293904814918,
2026-08-07 10:53:04,ALA,Alachua,3906,1718,939,25,107,6695,0.6945234708392604,0.3054765291607397,0.15997012696041824,
2026-08-07 10:53:04,BAY,Bay,1368,2599,536,15,57,4575,0.3448449710108394,0.6551550289891606,0.13289617486338798,
2026-08-07 10:53:04,BRA,Bradford,146,466,15,0,1,628,0.238562091503268,0.761437908496732,0.025477707006369428,
2026-08-07 10:53:04,BRE,Brevard,9097,9356,3234,63,390,22140,0.4929821709207175,0.5070178290792825,0.16653116531165313,
2026-08-07 10:53:04,CAL,Calhoun,139,344,15,0,0,498,0.2877846790890269,0.7122153209109731,0.030120481927710843,
2026-08-07 10:53:04,CHA,Charlotte,4424,6223,2009,48,300,13004,0.4155161078238001,0.5844838921761999,0.1812519224853891,
2026-08-07 10:53:04,CIT,Citrus,2893,5185,1429,33,206,9746,0.3581332012874474,0.6418667987125526,0.17114713728709213,
2026-08-07 10:53:04,CLL,Collier,5033,11108,2342,31,272,18786,0.3118146335419119,0.6881853664580881,0.14079633769828595,
2026-08-07 10:53:04,CLM,Columbia,548,838,150,8,15,1559,0.3953823953823954,0.6046176046176046,0.11096856959589481,
2026-08-07 10:53:04,DUV,Duval,6299,4300,1471,37,152,12259,0.5943013491838852,0.4056986508161147,0.13541071865568155,
2026-08-07 10:53:04,ESC,Escambia,3837,4316,1225,26,164,9568,0.4706243100699129,0.5293756899300871,0.14788879598662208,
2026-08-07 10:53:04,FRA,Franklin,119,149,41,3,13,325,0.4440298507462686,0.5559701492537313,0.1753846153846154,
2026-08-07 10:53:04,GAD,Gadsden,808,166,35,1,1,1011,0.8295687885010267,0.1704312114989733,0.036597428288822946,
2026-08-07 10:53:04,GIL,Gilchrist,129,320,38,1,4,492,0.2873051224944321,0.7126948775055679,0.08739837398373984,
2026-08-07 10:53:04,HAM,Hamilton,119,173,8,0,1,301,0.4075342465753425,0.5924657534246576,0.029900332225913623,
2026-08-07 10:53:04,HAR,Hardee,71,206,15,1,1,294,0.2563176895306859,0.7436823104693141,0.05782312925170068,
2026-08-07 10:53:04,HEN,Hendry,289,606,63,2,6,966,0.3229050279329609,0.6770949720670391,0.07349896480331262,
2026-08-07 10:53:04,HER,Hernando,3410,3619,1188,28,121,8366,0.4851330203442879,0.514866979655712,0.15981353095864212,
2026-08-07 10:53:04,HIG,Highlands,879,1390,340,7,44,2660,0.3873953283384751,0.6126046716615249,0.1469924812030075,
2026-08-07 10:53:04,HIL,Hillsborough,25324,23849,8565,183,854,58775,0.5149980680454721,0.4850019319545279,0.16336877924287538,
2026-08-07 10:53:04,JAC,Jackson,444,635,29,3,1,1112,0.4114921223354958,0.5885078776645042,0.029676258992805755,
2026-08-07 10:53:04,JEF,Jefferson,268,279,24,0,6,577,0.489945155393053,0.5100548446069469,0.05199306759098787,
2026-08-07 10:53:04,LAK,Lake,4981,5165,1904,20,188,12258,0.4909323871476443,0.5090676128523556,0.17229564366128242,
2026-08-07 10:53:04,LEE,Lee,15186,23594,7667,123,810,47380,0.3915936049510056,0.6084063950489943,0.18151118615449557,
2026-08-07 10:53:04,LEO,Leon,5965,2820,1283,28,118,10214,0.6789982925441093,0.3210017074558907,0.13990601135696104,
2026-08-07 10:53:04,LEV,Levy,492,1077,124,13,21,1727,0.3135755258126195,0.6864244741873805,0.09148812970469021,
2026-08-07 10:53:04,MAD,Madison,168,129,19,1,1,318,0.5656565656565656,0.4343434343434343,0.0660377358490566,
2026-08-07 10:53:04,MAN,Manatee,7303,8085,1113,6,130,16637,0.4745905900701845,0.5254094099298154,0.07507363106329266,
2026-08-07 10:53:04,DAD,Miami-Dade,39232,27662,15465,119,1019,83497,0.586480102849284,0.4135198971507161,0.1988454675018264,
2026-08-07 10:53:04,MON,Monroe,2389,2507,696,20,81,5693,0.4879493464052287,0.5120506535947712,0.13999648691375374,
2026-08-07 10:53:04,NAS,Nassau,1214,2163,568,11,95,4051,0.3594906721942552,0.6405093278057448,0.16637867193285608,
2026-08-07 10:53:04,OKA,Okaloosa,1116,1778,382,9,46,3331,0.3856254319281271,0.6143745680718729,0.1311918342839988,
2026-08-07 10:53:04,ORA,Orange,21180,13400,6288,152,596,41616,0.6124927703875073,0.3875072296124928,0.16906958861976162,
2026-08-07 10:53:04,OSC,Osceola,4719,3244,1956,50,142,10111,0.59261584829838,0.40738415170162,0.21244189496587876,
2026-08-07 10:53:04,PAS,Pasco,6973,5984,2570,49,282,15858,0.5381646986185074,0.4618353013814926,0.18293605751040484,
2026-08-07 10:53:04,PIN,Pinellas,21270,21142,9207,211,893,52723,0.5015090068848439,0.4984909931151561,0.19556929613261764,
2026-08-07 10:53:04,POL,Polk,8483,8452,2527,55,316,19833,0.5009152642456451,0.4990847357543549,0.1461201028588716,
2026-08-07 10:53:04,PUT,Putnam,789,1601,139,7,13,2549,0.3301255230125523,0.6698744769874477,0.062377402903099254,
2026-08-07 10:53:04,SAN,Santa Rosa,1120,3266,334,9,50,4779,0.2553579571363429,0.7446420428636571,0.08223477715003139,
2026-08-07 10:53:04,SAR,Sarasota,14210,12243,4450,59,538,31500,0.5371791479227309,0.4628208520772691,0.1602222222222222,
2026-08-07 10:53:04,SEM,Seminole,4537,4045,1673,32,196,10483,0.5286646469354462,0.4713353530645537,0.18134121911666506,
2026-08-07 10:53:04,STL,St. Lucie,5004,3994,1702,29,222,10951,0.5561235830184486,0.4438764169815514,0.1783398776367455,
2026-08-07 10:53:04,SUM,Sumter,3918,5347,1344,23,151,10783,0.422881813275769,0.577118186724231,0.1407771492163591,
2026-08-07 10:53:04,VOL,Volusia,9852,10796,4586,81,556,25871,0.4771406431615653,0.5228593568384348,0.20188628193730432,
2026-08-07 10:53:04,WAK,Wakulla,213,324,57,0,11,605,0.3966480446927374,0.6033519553072626,0.11239669421487604,
2026-08-07 10:53:04,WAS,Washington,124,256,13,2,4,399,0.3263157894736842,0.6736842105263158,0.047619047619047616,
2026-08-07 11:56:10,ALA,Alachua,4322,1899,1017,26,112,7376,0.6947436103520335,0.3052563896479666,0.15658893709327548,
2026-08-07 11:56:10,BAY,Bay,1368,2600,537,15,57,4577,0.344758064516129,0.655241935483871,0.13305658728424732,
2026-08-07 11:56:10,BRA,Bradford,153,487,15,0,1,656,0.2390625,0.7609375,0.024390243902439025,
2026-08-07 11:56:10,BRE,Brevard,9677,9843,3383,65,406,23374,0.4957479508196721,0.5042520491803278,0.16488405921108926,
2026-08-07 11:56:10,CAL,Calhoun,141,348,15,0,0,504,0.2883435582822086,0.7116564417177914,0.02976190476190476,
2026-08-07 11:56:10,CHA,Charlotte,4424,6224,2009,48,301,13006,0.4154770848985725,0.5845229151014275,0.18130093802860217,
2026-08-07 11:56:10,CIT,Citrus,2925,5361,1446,33,209,9974,0.3530050687907313,0.6469949312092687,0.16924002406256267,
2026-08-07 11:56:10,CLA,Clay,1653,2666,577,14,63,4973,0.3827274832137068,0.6172725167862931,0.13151015483611503,
2026-08-07 11:56:10,CLL,Collier,5214,11112,2444,32,287,19089,0.3193678794560823,0.6806321205439176,0.14474304573314475,
2026-08-07 11:56:10,DUV,Duval,6567,4568,1502,40,152,12829,0.589762011674899,0.410237988325101,0.13204458648374776,
2026-08-07 11:56:10,ESC,Escambia,3844,4328,1228,26,164,9590,0.470386686245717,0.5296133137542829,0.1478623566214807,
2026-08-07 11:56:10,FRA,Franklin,125,160,41,3,13,342,0.4385964912280701,0.5614035087719298,0.16666666666666666,
2026-08-07 11:56:10,GAD,Gadsden,809,167,35,1,1,1013,0.8288934426229508,0.1711065573770492,0.03652517275419546,
2026-08-07 11:56:10,GIL,Gilchrist,129,322,38,1,4,494,0.2860310421286031,0.7139689578713969,0.08704453441295547,
2026-08-07 11:56:10,HAR,Hardee,74,222,17,1,1,315,0.25,0.75,0.06031746031746032,
2026-08-07 11:56:10,HEN,Hendry,300,638,67,3,6,1014,0.3198294243070362,0.6801705756929638,0.07495069033530571,
2026-08-07 11:56:10,HER,Hernando,3492,3704,1212,28,126,8562,0.4852695942190105,0.5147304057809894,0.1595421630460173,
2026-08-07 11:56:10,HIG,Highlands,893,1465,346,7,45,2756,0.3787107718405428,0.6212892281594572,0.1444121915820029,
2026-08-07 11:56:10,HIL,Hillsborough,26024,24349,8716,189,861,60139,0.5166259702618466,0.4833740297381533,0.16239046209614394,
2026-08-07 11:56:10,HOL,Holmes,70,181,11,0,1,263,0.2788844621513944,0.7211155378486056,0.045627376425855515,
2026-08-07 11:56:10,IND,Indian River,3065,3829,1195,31,169,8289,0.4445894981143023,0.5554105018856977,0.16829533116178066,
2026-08-07 11:56:10,JAC,Jackson,446,664,30,3,1,1144,0.4018018018018018,0.5981981981981982,0.02972027972027972,
2026-08-07 11:56:10,JEF,Jefferson,270,283,24,0,6,583,0.488245931283906,0.5117540687160941,0.051457975986277875,
2026-08-07 11:56:10,LEE,Lee,15376,23885,7758,124,820,47963,0.3916354652199383,0.6083645347800617,0.18143152013010028,
2026-08-07 11:56:10,LEV,Levy,497,1095,124,13,21,1750,0.3121859296482412,0.6878140703517588,0.09028571428571429,
2026-08-07 11:56:10,LIB,Liberty,16,28,1,0,0,45,0.3636363636363636,0.6363636363636364,0.022222222222222223,
2026-08-07 11:56:10,MAN,Manatee,7417,8220,1121,6,131,16895,0.4743237193835135,0.5256762806164865,0.07445989937851435,
2026-08-07 11:56:10,MRN,Marion,5053,4902,1459,32,222,11668,0.5075841285786037,0.4924158714213962,0.14681179293794994,
2026-08-07 11:56:10,MRT,Martin,2199,2474,671,9,103,5456,0.4705756473357586,0.5294243526642414,0.1435117302052786,
2026-08-07 11:56:10,DAD,Miami-Dade,39452,27878,15513,119,1023,83985,0.5859497994950245,0.4140502005049755,0.1983092218848604,
2026-08-07 11:56:10,MON,Monroe,2413,2519,701,21,82,5736,0.4892538523925385,0.5107461476074615,0.1401673640167364,
2026-08-07 11:56:10,NAS,Nassau,1232,2262,578,11,96,4179,0.3526044647967945,0.6473955352032055,0.1639148121560182,
2026-08-07 11:56:10,ORA,Orange,21397,13570,6335,154,598,42054,0.611919810106672,0.388080189893328,0.16852142483473628,
2026-08-07 11:56:10,OSC,Osceola,4815,3322,1979,52,144,10312,0.591741428044734,0.408258571955266,0.21091931730023275,
2026-08-07 11:56:10,PAS,Pasco,6976,5987,2571,49,282,15865,0.5381470338656176,0.4618529661343825,0.18291837377875828,
2026-08-07 11:56:10,POL,Polk,8506,8463,2535,55,316,19875,0.5012670163238847,0.4987329836761153,0.1462138364779874,
2026-08-07 11:56:10,PUT,Putnam,803,1637,139,8,13,2600,0.3290983606557377,0.6709016393442623,0.06153846153846154,
2026-08-07 11:56:10,SAN,Santa Rosa,1128,3353,336,9,50,4876,0.2517295246596742,0.7482704753403259,0.0810090237899918,
2026-08-07 11:56:10,SAR,Sarasota,14211,12259,4451,59,538,31518,0.5368719304873442,0.4631280695126558,0.16016244685576497,
2026-08-07 11:56:10,SEM,Seminole,4537,4045,1674,32,196,10484,0.5286646469354462,0.4713353530645537,0.18141930560854636,
2026-08-07 11:56:10,STL,St. Lucie,5159,3994,1702,29,222,11106,0.5636403365016934,0.4363596634983065,0.17585089141004862,
2026-08-07 11:56:10,SUM,Sumter,3937,5367,1347,23,151,10825,0.4231513327601032,0.5768486672398968,0.1405080831408776,
2026-08-07 11:56:10,VOL,Volusia,10304,11190,4752,87,580,26913,0.4793895970968642,0.5206104029031358,0.20135250622375803,
2026-08-07 11:56:10,WAS,Washington,128,272,13,2,4,419,0.32,0.68,0.045346062052505964,
2026-08-07 12:56:15,ALA,Alachua,4393,1937,1022,28,113,7493,0.6939968404423381,0.3060031595576619,0.15521153076204458,
2026-08-07 12:56:15,BAY,Bay,1368,2604,537,15,57,4581,0.3444108761329305,0.6555891238670695,0.13294040602488538,
2026-08-07 12:56:15,BRA,Bradford,153,505,15,0,1,674,0.2325227963525835,0.7674772036474165,0.02373887240356083,
2026-08-07 12:56:15,BRE,Brevard,9678,9844,3383,65,406,23376,0.495748386435816,0.504251613564184,0.16486995208761124,
2026-08-07 12:56:15,CAL,Calhoun,142,358,15,0,0,515,0.284,0.716,0.02912621359223301,
2026-08-07 12:56:15,CIT,Citrus,3063,5701,1504,35,217,10520,0.3494979461433135,0.6505020538566865,0.16692015209125474,
2026-08-07 12:56:15,CLL,Collier,5216,11124,2445,32,287,19104,0.3192166462668299,0.6807833537331701,0.14468174204355108,
2026-08-07 12:56:15,DUV,Duval,6816,4809,1534,40,155,13354,0.5863225806451613,0.4136774193548387,0.12947431481204133,
2026-08-07 12:56:15,ESC,Escambia,3844,4331,1228,26,164,9593,0.4702140672782874,0.5297859327217126,0.14781611591785676,
2026-08-07 12:56:15,GAD,Gadsden,836,171,38,1,1,1047,0.8301886792452831,0.1698113207547169,0.038204393505253106,
2026-08-07 12:56:15,GUL,Gulf,104,225,6,1,4,340,0.3161094224924012,0.6838905775075987,0.03235294117647059,
2026-08-07 12:56:15,HAR,Hardee,76,239,17,1,1,334,0.2412698412698412,0.7587301587301587,0.05688622754491018,
2026-08-07 12:56:15,HEN,Hendry,309,661,67,4,7,1048,0.3185567010309278,0.6814432989690722,0.07442748091603053,
2026-08-07 12:56:15,HER,Hernando,3525,3747,1222,30,128,8652,0.4847359735973597,0.5152640264026402,0.15950069348127602,
2026-08-07 12:56:15,HIG,Highlands,906,1499,348,7,45,2805,0.3767151767151767,0.6232848232848233,0.14260249554367202,
2026-08-07 12:56:15,HIL,Hillsborough,26434,24760,8849,192,868,61103,0.516349572215494,0.483650427784506,0.16216879694941327,
2026-08-07 12:56:15,HOL,Holmes,70,182,11,0,1,264,0.2777777777777778,0.7222222222222222,0.045454545454545456,
2026-08-07 12:56:15,IND,Indian River,3101,3883,1201,31,171,8387,0.4440148911798396,0.5559851088201604,0.1672826994157625,
2026-08-07 12:56:15,JAC,Jackson,452,685,30,3,1,1171,0.3975373790677221,0.6024626209322779,0.029035012809564473,
2026-08-07 12:56:15,JEF,Jefferson,273,288,26,0,6,593,0.4866310160427807,0.5133689839572193,0.05396290050590219,
2026-08-07 12:56:15,LEE,Lee,15559,24161,7822,124,830,48496,0.3917170191339376,0.6082829808660625,0.18096337842296273,
2026-08-07 12:56:15,LEO,Leon,6040,2844,1295,28,118,10325,0.6798739306618641,0.320126069338136,0.13956416464891042,
2026-08-07 12:56:15,LEV,Levy,500,1111,125,13,21,1770,0.3103662321539416,0.6896337678460583,0.08983050847457627,
2026-08-07 12:56:15,MAD,Madison,169,129,19,1,1,319,0.5671140939597316,0.4328859060402684,0.06583072100313479,
2026-08-07 12:56:15,MAN,Manatee,7459,8324,1134,6,132,17055,0.4725970981435722,0.5274029018564278,0.07458223394898857,
2026-08-07 12:56:15,MRN,Marion,5362,5240,1517,34,232,12385,0.5057536313903037,0.4942463686096963,0.14396447315300767,
2026-08-07 12:56:15,MRT,Martin,2242,2544,690,9,103,5588,0.4684496447973255,0.5315503552026745,0.14352183249821046,
2026-08-07 12:56:15,DAD,Miami-Dade,39659,28055,15552,119,1031,84416,0.5856839058392651,0.4143160941607348,0.19785348749052312,
2026-08-07 12:56:15,MON,Monroe,2444,2534,705,21,82,5786,0.4909602249899558,0.5090397750100442,0.1396474248185275,
2026-08-07 12:56:15,NAS,Nassau,1338,2456,620,13,101,4528,0.3526620980495519,0.647337901950448,0.16210247349823323,
2026-08-07 12:56:15,OKA,Okaloosa,1117,1793,383,9,46,3348,0.3838487972508591,0.6161512027491409,0.13082437275985664,
2026-08-07 12:56:15,ORA,Orange,21764,13813,6433,157,604,42771,0.611743542176125,0.3882564578238749,0.16819807813705548,
2026-08-07 12:56:15,OSC,Osceola,5055,3490,2039,54,151,10789,0.5915740198946753,0.4084259801053247,0.2079896190564464,
2026-08-07 12:56:15,PAL,Palm Beach,29421,14044,7284,94,902,51745,0.6768894512826412,0.3231105487173588,0.16001546043095952,
2026-08-07 12:56:15,PAS,Pasco,7318,6343,2587,49,285,16582,0.5356855281458166,0.4643144718541834,0.1761548667229526,
2026-08-07 12:56:15,PIN,Pinellas,21281,21332,9207,211,893,52924,0.4994015910637598,0.5005984089362401,0.1948265437230746,
2026-08-07 12:56:15,PUT,Putnam,804,1677,139,8,13,2641,0.3240628778718258,0.6759371221281741,0.0605831124574025,
2026-08-07 12:56:15,SAN,Santa Rosa,1158,3496,344,9,51,5058,0.2488182208852599,0.75118177911474,0.07987346777382365,
2026-08-07 12:56:15,SAR,Sarasota,14460,12444,4505,59,546,32014,0.5374665477252453,0.4625334522747547,0.1596176672705691,
2026-08-07 12:56:15,SEM,Seminole,4538,4045,1674,32,196,10485,0.5287195619247349,0.471280438075265,0.18140200286123032,
2026-08-07 12:56:15,STJ,St. Johns,2717,2302,560,8,66,5653,0.5413428969914326,0.4586571030085674,0.11215283920042456,
2026-08-07 12:56:15,STL,St. Lucie,5167,4128,1752,30,229,11306,0.5558902635825713,0.4441097364174287,0.17787015743852821,
2026-08-07 12:56:15,SUM,Sumter,3949,5372,1347,23,151,10842,0.423666988520545,0.576333011479455,0.14028776978417265,
2026-08-07 12:56:15,SUW,Suwannee,243,486,25,1,4,759,0.3333333333333333,0.6666666666666666,0.039525691699604744,
2026-08-07 12:56:15,VOL,Volusia,10323,11219,4757,87,581,26967,0.4792034165815616,0.5207965834184384,0.20117180257351577,
2026-08-07 12:56:15,WAL,Walton,455,992,121,6,25,1599,0.3144436765722184,0.6855563234277816,0.09505941213258287,
2026-08-07 13:50:49,ALA,Alachua,4468,1968,1024,30,113,7603,0.6942200124300808,0.3057799875699192,0.15349204261475732,
2026-08-07 13:50:49,BRA,Bradford,155,520,15,0,1,691,0.2296296296296296,0.7703703703703704,0.023154848046309694,
2026-08-07 13:50:49,CAL,Calhoun,146,361,16,0,0,523,0.2879684418145957,0.7120315581854043,0.030592734225621414,
2026-08-07 13:50:49,CHA,Charlotte,4424,6225,2009,48,301,13007,0.4154380693022819,0.5845619306977181,0.18128699930806488,
2026-08-07 13:50:49,CIT,Citrus,3107,5878,1521,35,219,10760,0.3457985531441291,0.6542014468558709,0.1649628252788104,
2026-08-07 13:50:49,CLA,Clay,1721,2795,607,14,64,5201,0.3810894596988485,0.6189105403011514,0.1317054412612959,
2026-08-07 13:50:49,CLL,Collier,5219,11130,2446,32,287,19114,0.3192244173955593,0.6807755826044406,0.1446583655958983,
2026-08-07 13:50:49,DUV,Duval,7060,5074,1561,41,158,13894,0.5818361628481952,0.4181638371518048,0.12667338419461638,
2026-08-07 13:50:49,ESC,Escambia,3875,4377,1232,26,164,9674,0.469583131362094,0.5304168686379059,0.14699193715112674,
2026-08-07 13:50:49,FRA,Franklin,127,160,42,3,13,345,0.4425087108013937,0.5574912891986062,0.1681159420289855,
2026-08-07 13:50:49,GIL,Gilchrist,129,324,38,1,4,496,0.2847682119205298,0.7152317880794702,0.08669354838709678,
2026-08-07 13:50:49,GUL,Gulf,111,231,6,1,4,353,0.3245614035087719,0.6754385964912281,0.031161473087818695,
2026-08-07 13:50:49,HAR,Hardee,90,288,18,2,2,400,0.238095238095238,0.7619047619047619,0.055,
2026-08-07 13:50:49,HEN,Hendry,319,675,68,4,7,1073,0.3209255533199195,0.6790744466800804,0.07362534948741846,
2026-08-07 13:50:49,HER,Hernando,3607,3849,1248,31,129,8864,0.4837714592274678,0.5162285407725322,0.1588447653429603,
2026-08-07 13:50:49,HIG,Highlands,931,1592,363,7,46,2939,0.3690051525961157,0.6309948474038842,0.14154474310990134,
2026-08-07 13:50:49,HIL,Hillsborough,27379,25719,9102,197,893,63290,0.5156314738784888,0.4843685261215111,0.16103649865697583,
2026-08-07 13:50:49,IND,Indian River,3122,3923,1207,31,171,8454,0.4431511710432931,0.5568488289567068,0.16666666666666666,
2026-08-07 13:50:49,JAC,Jackson,467,721,30,3,1,1222,0.3930976430976431,0.6069023569023569,0.027823240589198037,
2026-08-07 13:50:49,JEF,Jefferson,279,293,26,0,6,604,0.4877622377622377,0.5122377622377622,0.052980132450331126,
2026-08-07 13:50:49,LAK,Lake,5067,5259,1926,21,188,12461,0.4907030796048809,0.5092969203951191,0.17133456383917825,
2026-08-07 13:50:49,LEE,Lee,15687,24375,7852,125,838,48877,0.3915680694922869,0.608431930507713,0.1803506761871637,
2026-08-07 13:50:49,LEO,Leon,6041,2844,1295,28,118,10326,0.6799099606077659,0.3200900393922341,0.13955064884756924,
2026-08-07 13:50:49,LEV,Levy,535,1201,134,14,23,1907,0.3081797235023041,0.6918202764976958,0.0896696381751442,
2026-08-07 13:50:49,MAN,Manatee,7584,8424,1152,6,134,17300,0.4737631184407796,0.5262368815592204,0.0746820809248555,
2026-08-07 13:50:49,MRN,Marion,5366,5248,1518,34,232,12398,0.5055586960618051,0.4944413039381948,0.14389417648007743,
2026-08-07 13:50:49,MRT,Martin,2279,2588,695,9,103,5674,0.46825559893158,0.53174440106842,0.1422277053225238,
2026-08-07 13:50:49,DAD,Miami-Dade,39877,28266,15595,119,1031,84888,0.5851958381638613,0.4148041618361387,0.1972599189520309,
2026-08-07 13:50:49,MON,Monroe,2519,2613,730,22,86,5970,0.4908417770849571,0.5091582229150429,0.1403685092127303,
2026-08-07 13:50:49,NAS,Nassau,1370,2562,628,13,102,4675,0.3484231943031536,0.6515768056968464,0.15893048128342246,
2026-08-07 13:50:49,OKA,Okaloosa,1117,1795,383,9,46,3350,0.3835851648351648,0.6164148351648352,0.13074626865671643,
2026-08-07 13:50:49,ORA,Orange,22522,14384,6743,162,617,44428,0.610253075380697,0.3897469246193031,0.16930764382821645,
2026-08-07 13:50:49,OSC,Osceola,5216,3619,2078,57,160,11130,0.5903791737408036,0.4096208262591964,0.20619946091644206,
2026-08-07 13:50:49,PAL,Palm Beach,29995,14388,7438,95,915,52831,0.6758218236712255,0.3241781763287745,0.15990611572750846,
2026-08-07 13:50:49,PAS,Pasco,7318,6343,2674,49,297,16681,0.5356855281458166,0.4643144718541834,0.1810443019003657,
2026-08-07 13:50:49,PIN,Pinellas,22747,22547,9358,215,908,55775,0.5022077979423323,0.4977922020576676,0.18791573285522187,
2026-08-07 13:50:49,POL,Polk,8589,8572,2562,56,320,20099,0.5004953091311695,0.4995046908688305,0.14617642668789493,
2026-08-07 13:50:49,PUT,Putnam,819,1701,140,8,14,2682,0.325,0.675,0.06040268456375839,
2026-08-07 13:50:49,SAN,Santa Rosa,1165,3550,349,9,52,5125,0.2470837751855779,0.7529162248144221,0.08,
2026-08-07 13:50:49,SAR,Sarasota,14788,12871,4592,59,561,32871,0.5346541812791497,0.4653458187208503,0.1585592163305041,
2026-08-07 13:50:49,STJ,St. Johns,2758,2335,566,9,66,5734,0.5415275868839584,0.4584724131160416,0.11178932682246251,
2026-08-07 13:50:49,SUM,Sumter,4035,5554,1384,23,155,11151,0.4207946605485452,0.5792053394514548,0.14007712312797058,
2026-08-07 13:50:49,SUW,Suwannee,245,486,25,1,4,761,0.33515731874145,0.66484268125855,0.03942181340341656,
2026-08-07 14:57:00,ALA,Alachua,4523,2004,1027,31,113,7698,0.6929676727439865,0.3070323272560135,0.15211743309950637,
2026-08-07 14:57:00,BAY,Bay,1368,2605,537,15,57,4582,0.3443241882708281,0.6556758117291719,0.13291139240506328,
2026-08-07 14:57:00,BRA,Bradford,156,531,15,0,1,703,0.2270742358078602,0.7729257641921398,0.02275960170697013,
2026-08-07 14:57:00,BRE,Brevard,9678,9846,3383,65,406,23378,0.4956976029502151,0.5043023970497849,0.16485584737787665,
2026-08-07 14:57:00,CAL,Calhoun,147,367,16,0,0,530,0.2859922178988326,0.7140077821011673,0.03018867924528302,
2026-08-07 14:57:00,CIT,Citrus,3125,6018,1531,36,220,10930,0.3417915345072733,0.6582084654927267,0.16349496797804208,
2026-08-07 14:57:00,CLA,Clay,1730,2823,610,14,64,5241,0.3799692510432682,0.6200307489567318,0.1312726578897157,
2026-08-07 14:57:00,DUV,Duval,7245,5244,1586,41,162,14278,0.580110497237569,0.4198895027624309,0.12529766073679788,
2026-08-07 14:57:00,ESC,Escambia,3954,4464,1250,27,165,9860,0.4697077690662865,0.5302922309337135,0.1462474645030426,
2026-08-07 14:57:00,GAD,Gadsden,842,171,38,1,1,1053,0.8311944718657454,0.1688055281342547,0.03798670465337132,
2026-08-07 14:57:00,HAM,Hamilton,119,176,8,0,1,304,0.4033898305084746,0.5966101694915255,0.029605263157894735,
2026-08-07 14:57:00,HAR,Hardee,91,293,18,2,2,406,0.2369791666666666,0.7630208333333334,0.054187192118226604,
2026-08-07 14:57:00,HEN,Hendry,321,689,69,4,7,1090,0.3178217821782178,0.6821782178217822,0.07339449541284404,
2026-08-07 14:57:00,HIG,Highlands,940,1625,367,7,46,2985,0.3664717348927875,0.6335282651072125,0.1407035175879397,
2026-08-07 14:57:00,HIL,Hillsborough,27965,26239,9221,201,908,64534,0.5159213342188769,0.4840786657811232,0.1600706604270617,
2026-08-07 14:57:00,IND,Indian River,3145,3950,1210,31,171,8507,0.4432699083861874,0.5567300916138126,0.16598095685905725,
2026-08-07 14:57:00,JAC,Jackson,471,737,30,3,1,1242,0.3899006622516556,0.6100993377483444,0.027375201288244767,
2026-08-07 14:57:00,JEF,Jefferson,284,298,29,0,6,617,0.4879725085910653,0.5120274914089347,0.05672609400324149,
2026-08-07 14:57:00,LAK,Lake,5200,5394,1965,22,188,12769,0.4908438738908816,0.5091561261091184,0.17033440363380062,
2026-08-07 14:57:00,LEE,Lee,15687,24375,7852,125,839,48878,0.3915680694922869,0.608431930507713,0.1803674454764925,
2026-08-07 14:57:00,LEV,Levy,535,1209,136,14,23,1917,0.3067660550458715,0.6932339449541285,0.09024517475221701,
2026-08-07 14:57:00,MAN,Manatee,7675,8517,1158,8,134,17492,0.4739995059288537,0.5260004940711462,0.07431968900068603,
2026-08-07 14:57:00,DAD,Miami-Dade,40107,28451,15641,119,1036,85354,0.5850083141281834,0.4149916858718165,0.1967804672305926,
2026-08-07 14:57:00,MON,Monroe,2536,2629,735,22,86,6008,0.4909970958373669,0.5090029041626332,0.14031291611185087,
2026-08-07 14:57:00,NAS,Nassau,1389,2628,637,13,104,4771,0.3457804331590739,0.6542195668409261,0.15803814713896458,
2026-08-07 14:57:00,ORA,Orange,23343,14781,6948,167,624,45863,0.6122914699401951,0.3877085300598048,0.1687416871988313,
2026-08-07 14:57:00,OSC,Osceola,5255,3660,2082,57,160,11214,0.5894559730790802,0.4105440269209198,0.20501159265204208,
2026-08-07 14:57:00,PAL,Palm Beach,30516,14650,7533,95,932,53726,0.6756409688703893,0.3243590311296108,0.15932695529166513,
2026-08-07 14:57:00,PAS,Pasco,7319,6363,2675,49,297,16703,0.5349364128051455,0.4650635871948546,0.18086571274621324,
2026-08-07 14:57:00,PIN,Pinellas,22751,22553,9759,222,934,56219,0.5021852375066219,0.4978147624933781,0.19415144346217472,
2026-08-07 14:57:00,POL,Polk,8673,8640,2587,56,325,20281,0.500953041067406,0.499046958932594,0.1463438686455303,
2026-08-07 14:57:00,PUT,Putnam,822,1719,142,8,14,2705,0.3234946871310508,0.6765053128689492,0.06062846580406654,
2026-08-07 14:57:00,SAN,Santa Rosa,1176,3619,351,9,52,5207,0.2452554744525547,0.7547445255474453,0.07912425580948723,
2026-08-07 14:57:00,SAR,Sarasota,15080,13210,4662,61,568,33581,0.5330505478967833,0.4669494521032167,0.15755933414728568,
2026-08-07 14:57:00,SEM,Seminole,4538,4094,1674,32,196,10534,0.5257182576459685,0.4742817423540315,0.1805581925194608,
2026-08-07 14:57:00,STJ,St. Johns,2794,2356,570,10,66,5796,0.5425242718446602,0.4574757281553398,0.11145617667356798,
2026-08-07 14:57:00,SUM,Sumter,4152,5751,1423,24,161,11511,0.4192668888215692,0.5807331111784307,0.13969246807401617,
2026-08-07 14:57:00,SUW,Suwannee,246,486,25,1,4,762,0.3360655737704918,0.6639344262295082,0.03937007874015748,
2026-08-07 14:57:00,TAY,Taylor,83,139,1,0,2,225,0.3738738738738739,0.6261261261261262,0.013333333333333334,
2026-08-07 14:57:00,UNI,Union,28,47,2,2,1,80,0.3733333333333333,0.6266666666666667,0.0625,
2026-08-07 14:57:00,WAL,Walton,474,1046,124,6,26,1676,0.3118421052631579,0.6881578947368421,0.09307875894988067,
2026-08-07 15:53:40,ALA,Alachua,4562,2034,1036,31,113,7776,0.6916312916919345,0.3083687083080655,0.15174897119341563,
2026-08-07 15:53:40,BAY,Bay,1422,2726,549,16,59,4772,0.3428158148505303,0.6571841851494696,0.13076278290025148,
2026-08-07 15:53:40,BRA,Bradford,157,541,15,0,1,714,0.2249283667621776,0.7750716332378224,0.022408963585434174,
2026-08-07 15:53:40,CAL,Calhoun,148,376,16,0,0,540,0.2824427480916031,0.7175572519083969,0.02962962962962963,
2026-08-07 15:53:40,CHA,Charlotte,4445,6255,2019,50,301,13070,0.4154205607476635,0.5845794392523365,0.18133129303749043,
2026-08-07 15:53:40,CIT,Citrus,3141,6084,1536,36,222,11019,0.3404878048780488,0.6595121951219513,0.162809692349578,
2026-08-07 15:53:40,CLL,Collier,5221,11130,2446,32,287,19116,0.3193076876032047,0.6806923123967953,0.14464323080142288,
2026-08-07 15:53:40,DUV,Duval,7407,5425,1615,44,165,14656,0.5772288029925187,0.4227711970074813,0.12445414847161572,
2026-08-07 15:53:40,FRA,Franklin,129,161,42,3,13,348,0.4448275862068965,0.5551724137931034,0.16666666666666666,
2026-08-07 15:53:40,GAD,Gadsden,848,171,38,1,1,1059,0.8321884200196271,0.1678115799803729,0.03777148253068933,
2026-08-07 15:53:40,GLA,Glades,82,197,29,1,3,312,0.2939068100358423,0.7060931899641577,0.10576923076923077,
2026-08-07 15:53:40,HAR,Hardee,94,304,18,2,2,420,0.236180904522613,0.7638190954773869,0.05238095238095238,
2026-08-07 15:53:40,HEN,Hendry,321,705,69,4,7,1106,0.3128654970760234,0.6871345029239766,0.07233273056057866,
2026-08-07 15:53:40,HIG,Highlands,946,1674,377,7,47,3051,0.3610687022900763,0.6389312977099236,0.141265158964274,
2026-08-07 15:53:40,HIL,Hillsborough,28114,26413,9259,202,912,64900,0.5155977772479688,0.4844022227520311,0.15983050847457628,
2026-08-07 15:53:40,IND,Indian River,3155,3983,1214,31,173,8556,0.4420005603810591,0.5579994396189408,0.16573165030388032,
2026-08-07 15:53:40,JAC,Jackson,471,754,30,3,1,1259,0.3844897959183673,0.6155102040816327,0.027005559968228753,
2026-08-07 15:53:40,JEF,Jefferson,289,303,29,0,6,627,0.4881756756756756,0.5118243243243243,0.05582137161084529,
2026-08-07 15:53:40,LAF,Lafayette,22,84,1,0,0,107,0.2075471698113207,0.7924528301886793,0.009345794392523364,
2026-08-07 15:53:40,LAK,Lake,5307,5558,2009,23,193,13090,0.4884491486424298,0.5115508513575702,0.16997708174178763,
2026-08-07 15:53:40,LEE,Lee,15687,24376,7852,125,839,48879,0.3915582956842972,0.6084417043157028,0.18036375539597782,
2026-08-07 15:53:40,LEV,Levy,535,1225,136,14,23,1933,0.3039772727272727,0.6960227272727273,0.08949818934299017,
2026-08-07 15:53:40,MAD,Madison,171,129,19,1,1,321,0.57,0.43,0.06542056074766354,
2026-08-07 15:53:40,MAN,Manatee,7682,8517,1164,8,135,17506,0.4742268041237113,0.5257731958762887,0.07466011653147492,
2026-08-07 15:53:40,MRN,Marion,5366,5249,1518,34,232,12399,0.5055110692416392,0.4944889307583608,0.14388257117509476,
2026-08-07 15:53:40,MRT,Martin,2279,2590,696,9,103,5677,0.4680632573423701,0.5319367426576299,0.1423286947331337,
2026-08-07 15:53:40,DAD,Miami-Dade,40152,28487,15646,119,1036,85440,0.5849735573070703,0.4150264426929296,0.19664091760299626,
2026-08-07 15:53:40,MON,Monroe,2545,2656,742,22,87,6052,0.4893289751970774,0.5106710248029225,0.1406146728354263,
2026-08-07 15:53:40,NAS,Nassau,1396,2682,643,13,105,4839,0.3423246689553703,0.6576753310446297,0.15726389749948336,
2026-08-07 15:53:40,OKA,Okaloosa,1151,1861,397,10,47,3466,0.3821381142098273,0.6178618857901726,0.1309867282169648,
2026-08-07 15:53:40,OKE,Okeechobee,227,405,0,0,0,632,0.3591772151898734,0.6408227848101266,0.0,
2026-08-07 15:53:40,ORA,Orange,23508,14869,6978,170,625,46150,0.6125543945592412,0.3874456054407588,0.1684290357529794,
2026-08-07 15:53:40,OSC,Osceola,5278,3681,2085,57,160,11261,0.5891282509208617,0.4108717490791383,0.2044223425983483,
2026-08-07 15:53:40,PAL,Palm Beach,30517,14650,7533,95,932,53727,0.6756481501981535,0.3243518498018465,0.15932398980028664,
2026-08-07 15:53:40,PAS,Pasco,7358,6391,2681,49,297,16776,0.5351661939050113,0.4648338060949887,0.18043633762517883,
2026-08-07 15:53:40,PIN,Pinellas,22766,22563,9765,222,934,56250,0.5022391846279424,0.4977608153720576,0.1941511111111111,
2026-08-07 15:53:40,POL,Polk,8762,8734,2603,57,328,20484,0.5008001828989483,0.4991998171010516,0.14586994727592267,
2026-08-07 15:53:40,PUT,Putnam,844,1751,144,8,14,2761,0.3252408477842003,0.6747591522157996,0.060123143788482436,
2026-08-07 15:53:40,SAN,Santa Rosa,1206,3724,356,9,53,5348,0.2446247464503042,0.7553752535496957,0.0781600598354525,
2026-08-07 15:53:40,SAR,Sarasota,15092,13213,4666,61,568,33600,0.5331920155449568,0.4668079844550433,0.1575892857142857,
2026-08-07 15:53:40,SEM,Seminole,4559,4235,1681,32,196,10703,0.5184216511257675,0.4815783488742324,0.17836120713818557,
2026-08-07 15:53:40,STL,St. Lucie,5229,4172,1764,30,231,11426,0.556217423678332,0.4437825763216679,0.1772273761596359,
2026-08-07 15:53:40,SUM,Sumter,4172,5785,1427,24,161,11569,0.4190017073415687,0.5809982926584313,0.13933788572910363,
2026-08-07 15:53:40,SUW,Suwannee,246,487,25,1,4,763,0.3356070941336971,0.6643929058663028,0.039318479685452164,
2026-08-07 15:53:40,WAL,Walton,474,1047,124,6,26,1677,0.3116370808678501,0.6883629191321499,0.09302325581395349,
2026-08-07 16:40:55,ALA,Alachua,4588,2061,1037,31,113,7830,0.690028575725673,0.3099714242743269,0.1508301404853129,
2026-08-07 16:40:55,BAK,Baker,112,361,26,2,2,503,0.2367864693446088,0.7632135306553911,0.05964214711729622,
2026-08-07 16:40:55,BAY,Bay,1422,2727,550,16,59,4774,0.3427331887201735,0.6572668112798264,0.13091746962714704,
2026-08-07 16:40:55,BRA,Bradford,161,546,15,0,1,723,0.2277227722772277,0.7722772277227723,0.022130013831258646,
2026-08-07 16:40:55,CAL,Calhoun,148,378,16,0,0,542,0.2813688212927757,0.7186311787072244,0.02952029520295203,
2026-08-07 16:40:55,CIT,Citrus,3172,6140,1543,36,224,11115,0.3406357388316151,0.6593642611683849,0.1622132253711201,
2026-08-07 16:40:55,CLL,Collier,5221,11130,2447,32,287,19117,0.3193076876032047,0.6806923123967953,0.14468797405450645,
2026-08-07 16:40:55,DIX,Dixie,106,344,37,0,4,491,0.2355555555555555,0.7644444444444445,0.0835030549898167,
2026-08-07 16:40:55,DUV,Duval,7689,5718,1629,46,168,15250,0.5735063772656075,0.4264936227343925,0.12085245901639344,
2026-08-07 16:40:55,FRA,Franklin,129,162,42,3,13,349,0.4432989690721649,0.5567010309278351,0.166189111747851,
2026-08-07 16:40:55,GLA,Glades,86,201,30,1,3,321,0.2996515679442508,0.7003484320557491,0.1059190031152648,
2026-08-07 16:40:55,HAR,Hardee,94,309,18,2,2,425,0.2332506203473945,0.7667493796526055,0.05176470588235294,
2026-08-07 16:40:55,HEN,Hendry,322,712,69,4,8,1115,0.3114119922630561,0.688588007736944,0.0726457399103139,
2026-08-07 16:40:55,HIG,Highlands,952,1699,381,7,47,3086,0.3591097698981516,0.6408902301018483,0.14095917044718081,
2026-08-07 16:40:55,HIL,Hillsborough,28196,26518,9280,203,915,65112,0.5153342837299412,0.4846657162700588,0.1596940656100258,
2026-08-07 16:40:55,IND,Indian River,3203,4035,1224,31,174,8667,0.4425255595468361,0.5574744404531639,0.1648782739125418,
2026-08-07 16:40:55,JAC,Jackson,473,765,30,3,1,1272,0.3820678513731825,0.6179321486268174,0.026729559748427674,
2026-08-07 16:40:55,JEF,Jefferson,297,312,30,0,6,645,0.4876847290640394,0.5123152709359606,0.05581395348837209,
2026-08-07 16:40:55,LAF,Lafayette,22,86,1,0,0,109,0.2037037037037037,0.7962962962962963,0.009174311926605505,
2026-08-07 16:40:55,LAK,Lake,5337,5562,2026,23,195,13143,0.4896779521056977,0.5103220478943022,0.17073727459484137,
2026-08-07 16:40:55,LEV,Levy,536,1226,137,14,23,1936,0.304199772985244,0.695800227014756,0.08987603305785125,
2026-08-07 16:40:55,MAN,Manatee,7683,8520,1165,8,135,17511,0.4741714497315312,0.5258285502684688,0.07469590543087203,
2026-08-07 16:40:55,MON,Monroe,2550,2667,746,22,89,6074,0.4887866589994249,0.511213341000575,0.14109318406322027,
2026-08-07 16:40:55,NAS,Nassau,1404,2712,648,13,106,4883,0.3411078717201166,0.6588921282798834,0.15707556829817734,
2026-08-07 16:40:55,OKA,Okaloosa,1160,1876,397,10,47,3490,0.3820816864295125,0.6179183135704874,0.13008595988538682,
2026-08-07 16:40:55,OKE,Okeechobee,241,420,0,0,0,661,0.3645990922844175,0.6354009077155824,0.0,
2026-08-07 16:40:55,ORA,Orange,23662,14963,7017,172,626,46440,0.6126084142394822,0.3873915857605178,0.16828165374677004,
2026-08-07 16:40:55,OSC,Osceola,5288,3702,2087,57,160,11294,0.5882091212458287,0.4117908787541713,0.20400212502213566,
2026-08-07 16:40:55,PAS,Pasco,7368,6400,2683,49,297,16797,0.5351539802440441,0.4648460197559558,0.18032982080133358,
2026-08-07 16:40:55,PIN,Pinellas,22766,22565,9766,222,934,56253,0.5022170258763319,0.4977829741236681,0.19415853376708797,
2026-08-07 16:40:55,POL,Polk,8889,8889,2626,58,335,20797,0.5,0.5,0.14516516805308458,
2026-08-07 16:40:55,PUT,Putnam,850,1760,146,8,14,2778,0.3256704980842911,0.6743295019157088,0.06047516198704104,
2026-08-07 16:40:55,SAN,Santa Rosa,1215,3762,358,9,53,5397,0.244122965641953,0.755877034358047,0.07782101167315175,
2026-08-07 16:40:55,SAR,Sarasota,15095,13215,4667,61,568,33606,0.5332038149063935,0.4667961850936065,0.15759090638576445,
2026-08-07 16:40:55,SEM,Seminole,4671,4237,1682,32,196,10818,0.5243601257296812,0.4756398742703188,0.17655758920317988,
2026-08-07 16:40:55,STL,St. Lucie,5261,4201,1776,30,233,11501,0.5560135277953921,0.4439864722046079,0.1772889313972698,
2026-08-07 16:40:55,SUM,Sumter,4178,5789,1427,24,161,11579,0.4191833049061904,0.5808166950938096,0.13921754901114086,
2026-08-07 16:40:55,SUW,Suwannee,248,493,25,1,4,771,0.3346828609986504,0.6653171390013495,0.038910505836575876,
2026-08-07 16:40:55,WAS,Washington,128,276,13,2,4,423,0.3168316831683168,0.6831683168316832,0.04491725768321513,
2026-08-07 17:38:43,ALA,Alachua,4618,2071,1042,31,114,7876,0.6903872028703842,0.3096127971296158,0.15071102082275267,
2026-08-07 17:38:43,BAK,Baker,112,361,27,2,3,505,0.2367864693446088,0.7632135306553911,0.06336633663366337,
2026-08-07 17:38:43,BRA,Bradford,162,552,15,0,1,730,0.226890756302521,0.773109243697479,0.021917808219178082,
2026-08-07 17:38:43,CAL,Calhoun,148,380,16,0,0,544,0.2803030303030303,0.7196969696969697,0.029411764705882353,
2026-08-07 17:38:43,CHA,Charlotte,4447,6256,2019,50,301,13073,0.4154909838363075,0.5845090161636924,0.18128968102195364,
2026-08-07 17:38:43,CIT,Citrus,3180,6181,1555,37,224,11177,0.3397072962290353,0.6602927037709646,0.16247651427037665,
2026-08-07 17:38:43,DIX,Dixie,106,345,37,0,4,492,0.2350332594235033,0.7649667405764967,0.08333333333333333,
2026-08-07 17:38:43,DUV,Duval,7926,5793,1702,48,175,15644,0.5777389022523508,0.4222610977476492,0.12305037074916901,
2026-08-07 17:38:43,HAR,Hardee,94,311,18,3,2,428,0.2320987654320987,0.7679012345679013,0.053738317757009345,
2026-08-07 17:38:43,HEN,Hendry,330,721,70,4,8,1133,0.3139866793529971,0.6860133206470028,0.07237422771403354,
2026-08-07 17:38:43,HIL,Hillsborough,28251,26610,9301,203,917,65282,0.5149559796576804,0.4850440203423197,0.1596305260255507,
2026-08-07 17:38:43,JAC,Jackson,476,777,30,3,1,1287,0.3798882681564245,0.6201117318435754,0.02641802641802642,
2026-08-07 17:38:43,JEF,Jefferson,314,317,32,0,6,669,0.4976228209191759,0.5023771790808241,0.05680119581464873,
2026-08-07 17:38:43,LEE,Lee,15694,24389,7854,125,839,48901,0.3915375595639049,0.6084624404360951,0.18032351076665099,
2026-08-07 17:38:43,LEO,Leon,6088,2860,1300,28,118,10394,0.6803755029056773,0.3196244970943228,0.13911872233981143,
2026-08-07 17:38:43,MAD,Madison,171,130,19,1,1,322,0.5681063122923588,0.4318936877076412,0.06521739130434782,
2026-08-07 17:38:43,MON,Monroe,2567,2697,752,22,89,6127,0.4876519756838905,0.5123480243161094,0.14085196670474948,
2026-08-07 17:38:43,NAS,Nassau,1412,2746,653,14,106,4931,0.3395863395863396,0.6604136604136605,0.15676333400932874,
2026-08-07 17:38:43,ORA,Orange,23814,15014,7058,172,629,46687,0.6133202843308952,0.3866797156691047,0.1683337974168398,
2026-08-07 17:38:43,OSC,Osceola,5307,3731,2091,57,160,11346,0.5871874308475327,0.4128125691524673,0.20341970738586285,
2026-08-07 17:38:43,POL,Polk,8940,8953,2637,58,335,20923,0.4996367294472699,0.5003632705527301,0.14481670888495912,
2026-08-07 17:38:43,PUT,Putnam,852,1768,147,8,14,2789,0.3251908396946565,0.6748091603053435,0.06059519541054141,
2026-08-07 17:38:43,SAN,Santa Rosa,1218,3803,359,9,54,5443,0.242581159131647,0.7574188408683529,0.07753077347051258,
2026-08-07 17:38:43,SAR,Sarasota,15097,13216,4667,61,568,33609,0.5332179564157807,0.4667820435842192,0.15757683953702878,
2026-08-07 17:38:43,SEM,Seminole,4740,4237,1744,35,200,10956,0.5280160409936504,0.4719839590063495,0.18063161737860534,
2026-08-07 17:38:43,STL,St. Lucie,5261,4201,1776,30,235,11503,0.5560135277953921,0.4439864722046079,0.17743197426758237,
2026-08-07 17:38:43,SUM,Sumter,4179,5790,1427,24,161,11581,0.4191995185073728,0.5808004814926272,0.1391935066056472,
2026-08-07 17:38:43,WAK,Wakulla,218,333,57,0,11,619,0.3956442831215971,0.604355716878403,0.1098546042003231,
2026-08-07 17:38:43,WAL,Walton,474,1055,124,6,26,1685,0.3100065402223675,0.6899934597776325,0.09258160237388724,
2026-08-07 18:35:14,ALA,Alachua,4632,2075,1043,31,114,7895,0.6906217384821828,0.3093782615178172,0.15047498416719443,
2026-08-07 18:35:14,BRA,Bradford,162,558,15,0,1,736,0.225,0.775,0.021739130434782608,
2026-08-07 18:35:14,CAL,Calhoun,150,383,16,0,0,549,0.2814258911819887,0.7185741088180112,0.029143897996357013,
2026-08-07 18:35:14,CIT,Citrus,3180,6192,1555,37,224,11188,0.3393085787451985,0.6606914212548015,0.1623167679656775,
2026-08-07 18:35:14,DUV,Duval,7969,5820,1707,48,175,15719,0.5779244325186743,0.4220755674813257,0.12278134741395763,
2026-08-07 18:35:14,HEN,Hendry,331,727,70,4,8,1140,0.3128544423440453,0.6871455576559546,0.07192982456140351,
2026-08-07 18:35:14,HIL,Hillsborough,28288,26647,9311,203,917,65366,0.5149358332574862,0.4850641667425139,0.159578374078267,
2026-08-07 18:35:14,JAC,Jackson,489,806,31,4,2,1332,0.3776061776061776,0.6223938223938223,0.027777777777777776,
2026-08-07 18:35:14,LAK,Lake,5625,6360,2083,24,205,14297,0.4693366708385482,0.5306633291614519,0.16171224732461356,
2026-08-07 18:35:14,LEO,Leon,6092,2861,1300,28,118,10399,0.680442309840277,0.319557690159723,0.13905183190691411,
2026-08-07 18:35:14,MON,Monroe,2571,2710,752,22,91,6146,0.4868396137095247,0.5131603862904753,0.14074194598112594,
2026-08-07 18:35:14,NAS,Nassau,1416,2755,657,14,106,4948,0.3394869335890674,0.6605130664109327,0.1570331447049313,
2026-08-07 18:35:14,ORA,Orange,23984,15084,7096,172,630,46966,0.6139039623221051,0.3860960376778949,0.16816420389217732,
2026-08-07 18:35:14,OSC,Osceola,5313,3737,2092,57,161,11360,0.5870718232044199,0.4129281767955801,0.20334507042253522,
2026-08-07 18:35:14,PAL,Palm Beach,30714,14690,7557,95,935,53991,0.676460223768831,0.3235397762311691,0.15904502602285567,
2026-08-07 18:35:14,PAS,Pasco,7369,6400,2683,49,297,16798,0.5351877405766577,0.4648122594233423,0.18031908560542922,
2026-08-07 18:35:14,POL,Polk,9106,9143,2676,58,339,21322,0.4989862458216889,0.5010137541783112,0.14412344057780696,
2026-08-07 18:35:14,SAN,Santa Rosa,1223,3815,360,9,54,5461,0.2427550615323541,0.7572449384676458,0.07745834096319355,
2026-08-07 18:35:14,SEM,Seminole,4742,4238,1744,35,200,10959,0.5280623608017817,0.4719376391982182,0.18058216990601333,
2026-08-07 19:33:37,ORA,Orange,24060,15103,7116,173,631,47083,0.6143553864617113,0.3856446135382887,0.16821358027313468,
2026-08-07 19:33:37,POL,Polk,9135,9167,2677,58,340,21377,0.4991257786034313,0.5008742213965687,0.14384618983019132,
2026-08-07 21:38:58,ORA,Orange,24396,15226,7189,173,634,47618,0.6157185402049367,0.3842814597950633,0.16791969423327313,
2026-08-08 07:28:59,MAD,Madison,171,133,19,1,1,325,0.5625,0.4375,0.06461538461538462,
2026-08-08 07:28:59,PAL,Palm Beach,30745,14722,7557,95,935,54054,0.6762047199067456,0.3237952800932544,0.15885965885965886,
2026-08-08 08:48:04,BAK,Baker,114,368,27,2,3,514,0.2365145228215767,0.7634854771784232,0.0622568093385214,
2026-08-08 08:48:04,BRE,Brevard,9826,10014,3403,67,408,23718,0.4952620967741935,0.5047379032258065,0.1635045113415971,
2026-08-08 08:48:04,CHA,Charlotte,4455,6291,2022,51,301,13120,0.414572864321608,0.585427135678392,0.1809451219512195,
2026-08-08 08:48:04,CLM,Columbia,555,854,150,8,17,1584,0.3938963804116394,0.6061036195883606,0.11047979797979798,
2026-08-08 08:48:04,DES,DeSoto,180,223,0,0,0,403,0.4466501240694789,0.5533498759305211,0.0,
2026-08-08 08:48:04,DIX,Dixie,108,351,38,0,4,501,0.2352941176470588,0.7647058823529411,0.08383233532934131,
2026-08-08 08:48:04,FRA,Franklin,129,167,43,3,13,355,0.4358108108108108,0.5641891891891891,0.16619718309859155,
2026-08-08 08:48:04,GLA,Glades,87,210,31,1,3,332,0.2929292929292929,0.7070707070707071,0.10542168674698796,
2026-08-08 08:48:04,GUL,Gulf,114,237,6,1,4,362,0.3247863247863248,0.6752136752136753,0.03038674033149171,
2026-08-08 08:48:04,HIG,Highlands,954,1706,381,7,47,3095,0.3586466165413534,0.6413533834586466,0.14054927302100162,
2026-08-08 08:48:04,HOL,Holmes,70,183,11,0,1,265,0.2766798418972332,0.7233201581027668,0.045283018867924525,
2026-08-08 08:48:04,IND,Indian River,3216,4096,1225,32,174,8743,0.4398249452954048,0.5601750547045952,0.163673796179801,
2026-08-08 08:48:04,JEF,Jefferson,317,317,32,0,6,672,0.5,0.5,0.05654761904761905,
2026-08-08 08:48:04,LEO,Leon,6109,2869,1303,28,118,10427,0.6804410781911339,0.3195589218088661,0.13896614558358109,
2026-08-08 08:48:04,LEV,Levy,536,1229,137,14,23,1939,0.3036827195467422,0.6963172804532578,0.08973697782362042,
2026-08-08 08:48:04,LIB,Liberty,18,35,2,0,0,55,0.3396226415094339,0.660377358490566,0.03636363636363636,
2026-08-08 08:48:04,MAD,Madison,176,142,19,1,1,339,0.5534591194968553,0.4465408805031446,0.061946902654867256,
2026-08-08 08:48:04,MAN,Manatee,7699,8566,1165,8,135,17573,0.473347679065478,0.526652320934522,0.0744323678370227,
2026-08-08 08:48:04,MRT,Martin,2291,2624,701,9,104,5729,0.4661241098677517,0.5338758901322482,0.14208413335660675,
2026-08-08 08:48:04,DAD,Miami-Dade,40240,28561,15652,119,1036,85608,0.5848752198369209,0.415124780163079,0.19632510980282217,
2026-08-08 08:48:04,MON,Monroe,2571,2713,752,22,91,6149,0.4865632096896291,0.5134367903103709,0.14067328020816394,
2026-08-08 08:48:04,OKE,Okeechobee,243,428,0,0,0,671,0.3621460506706408,0.6378539493293591,0.0,
2026-08-08 08:48:04,OSC,Osceola,5314,3737,2092,57,161,11361,0.5871174455861231,0.4128825544138769,0.2033271719038817,
2026-08-08 08:48:04,PAL,Palm Beach,30870,14871,7581,97,936,54355,0.6748868629894406,0.3251131370105594,0.1584766810780977,
2026-08-08 08:48:04,PIN,Pinellas,22793,22615,9780,222,934,56344,0.5019600070472163,0.4980399929527836,0.19409342609683375,
2026-08-08 08:48:04,PUT,Putnam,855,1778,147,8,14,2802,0.3247246486897076,0.6752753513102925,0.0603140613847252,
2026-08-08 08:48:04,SAR,Sarasota,15119,13258,4674,61,568,33680,0.5327906403072911,0.4672093596927089,0.1574524940617577,
2026-08-08 08:48:04,SUM,Sumter,4179,5793,1427,24,161,11584,0.4190734055354994,0.5809265944645006,0.13915745856353592,
2026-08-08 08:48:04,SUW,Suwannee,251,499,26,1,4,781,0.3346666666666666,0.6653333333333333,0.03969270166453265,
2026-08-08 08:48:04,TAY,Taylor,87,149,1,0,2,239,0.3686440677966102,0.6313559322033898,0.012552301255230125,
2026-08-08 08:48:04,VOL,Volusia,10382,11338,4769,89,587,27165,0.4779926335174954,0.5220073664825046,0.2004417448923247,
2026-08-08 08:48:04,WAK,Wakulla,220,343,57,0,11,631,0.3907637655417407,0.6092362344582594,0.10776545166402536,
2026-08-08 09:45:46,ALA,Alachua,4672,2096,1049,31,114,7962,0.6903073286052009,0.309692671394799,0.14996232102486812,
2026-08-08 09:45:46,BAK,Baker,117,413,29,3,3,565,0.220754716981132,0.779245283018868,0.061946902654867256,
2026-08-08 09:45:46,BRA,Bradford,162,560,15,0,1,738,0.224376731301939,0.775623268698061,0.02168021680216802,
2026-08-08 09:45:46,BRE,Brevard,10032,10441,3452,67,414,24406,0.4900112343086015,0.5099887656913984,0.16114889781201344,
2026-08-08 09:45:46,CAL,Calhoun,150,385,16,0,0,551,0.2803738317757009,0.719626168224299,0.029038112522686024,
2026-08-08 09:45:46,CHA,Charlotte,4488,6394,2029,53,301,13265,0.4124241867303804,0.5875758132696196,0.17964568413117227,
2026-08-08 09:45:46,CLM,Columbia,580,920,151,8,17,1676,0.3866666666666666,0.6133333333333333,0.10501193317422435,
2026-08-08 09:45:46,DES,DeSoto,185,232,0,0,0,417,0.4436450839328537,0.5563549160671463,0.0,
2026-08-08 09:45:46,DIX,Dixie,108,380,39,0,5,532,0.221311475409836,0.7786885245901639,0.08270676691729323,
2026-08-08 09:45:46,ESC,Escambia,4001,4546,1261,27,165,10000,0.4681174681174681,0.5318825318825319,0.1453,
2026-08-08 09:45:46,FRA,Franklin,133,177,43,3,13,369,0.4290322580645161,0.5709677419354838,0.15989159891598917,
2026-08-08 09:45:46,GAD,Gadsden,893,178,40,1,1,1113,0.8338001867413632,0.1661998132586367,0.03773584905660377,
2026-08-08 09:45:46,GIL,Gilchrist,137,347,38,1,4,527,0.2830578512396694,0.7169421487603306,0.08159392789373814,
2026-08-08 09:45:46,GLA,Glades,89,216,31,1,3,340,0.2918032786885245,0.7081967213114754,0.10294117647058823,
2026-08-08 09:45:46,GUL,Gulf,117,259,6,1,4,387,0.3111702127659574,0.6888297872340425,0.028423772609819122,
2026-08-08 09:45:46,HAM,Hamilton,120,179,8,0,2,309,0.4013377926421405,0.5986622073578596,0.032362459546925564,
2026-08-08 09:45:46,HAR,Hardee,96,320,18,3,2,439,0.2307692307692307,0.7692307692307693,0.05239179954441914,
2026-08-08 09:45:46,HEN,Hendry,333,736,70,4,8,1151,0.3115060804490178,0.6884939195509823,0.07124239791485665,
2026-08-08 09:45:46,HER,Hernando,3634,3953,1255,31,129,9002,0.4789771978384078,0.5210228021615922,0.15718729171295268,
2026-08-08 09:45:46,HIG,Highlands,955,1739,382,7,47,3130,0.3544914625092799,0.6455085374907201,0.13929712460063898,
2026-08-08 09:45:46,HOL,Holmes,73,194,11,0,1,279,0.2734082397003745,0.7265917602996255,0.043010752688172046,
2026-08-08 09:45:46,IND,Indian River,3243,4185,1232,32,174,8866,0.4365912762520194,0.5634087237479806,0.1621926460636138,
2026-08-08 09:45:46,JAC,Jackson,489,815,31,4,2,1341,0.375,0.625,0.027591349739000747,
2026-08-08 09:45:46,JEF,Jefferson,318,320,32,0,6,676,0.4984326018808777,0.5015673981191222,0.05621301775147929,
2026-08-08 09:45:46,LAF,Lafayette,25,94,1,0,0,120,0.2100840336134453,0.7899159663865546,0.008333333333333333,
2026-08-08 09:45:46,LEO,Leon,6138,2880,1306,28,119,10471,0.6806387225548902,0.3193612774451098,0.1387642059020151,
2026-08-08 09:45:46,LEV,Levy,536,1240,137,14,23,1950,0.3018018018018018,0.6981981981981982,0.08923076923076922,
2026-08-08 09:45:46,LIB,Liberty,21,43,2,0,0,66,0.328125,0.671875,0.030303030303030304,
2026-08-08 09:45:46,MAD,Madison,179,150,19,2,1,351,0.5440729483282675,0.4559270516717325,0.06267806267806268,
2026-08-08 09:45:46,MAN,Manatee,7709,8599,1165,9,135,17617,0.4727127790041697,0.5272872209958303,0.07430322983481864,
2026-08-08 09:45:46,MRT,Martin,2303,2681,702,9,104,5799,0.4620786516853932,0.5379213483146067,0.14054147266770134,
2026-08-08 09:45:46,DAD,Miami-Dade,40358,28702,15673,120,1038,85891,0.5843903851723139,0.415609614827686,0.19595766727596606,
2026-08-08 09:45:46,MON,Monroe,2578,2724,755,22,92,6171,0.4862316107129385,0.5137683892870615,0.1408199643493761,
2026-08-08 09:45:46,NAS,Nassau,1423,2787,663,15,106,4994,0.3380047505938242,0.6619952494061758,0.15698838606327592,
2026-08-08 09:45:46,OKE,Okeechobee,245,443,0,0,0,688,0.3561046511627907,0.6438953488372093,0.0,
2026-08-08 09:45:46,ORA,Orange,24496,15287,7211,173,635,47802,0.6157403916245633,0.3842596083754367,0.1677544872599473,
2026-08-08 09:45:46,OSC,Osceola,5334,3764,2098,57,161,11414,0.5862826994943944,0.4137173005056056,0.20290870860346943,
2026-08-08 09:45:46,PAL,Palm Beach,31021,15056,7594,97,938,54706,0.6732426156216768,0.3267573843783232,0.1577340693890981,
2026-08-08 09:45:46,PIN,Pinellas,22827,22667,9788,222,935,56439,0.5017584736448762,0.4982415263551237,0.1939261857935116,
2026-08-08 09:45:46,POL,Polk,9182,9264,2682,58,341,21527,0.497777295890708,0.502222704109292,0.14312259023551818,
2026-08-08 09:45:46,PUT,Putnam,863,1804,148,8,14,2837,0.3235845519310086,0.6764154480689913,0.05992245329573493,
2026-08-08 09:45:46,SAN,Santa Rosa,1224,3831,363,9,54,5481,0.2421364985163204,0.7578635014836795,0.07772304324028462,
2026-08-08 09:45:46,SAR,Sarasota,15179,13380,4688,63,568,33878,0.5314962008473686,0.4685037991526314,0.15700454572288802,
2026-08-08 09:45:46,STJ,St. Johns,2850,2533,590,11,66,6050,0.5294445476500093,0.4705554523499907,0.11024793388429752,
2026-08-08 09:45:46,SUW,Suwannee,267,557,26,1,4,855,0.3240291262135922,0.6759708737864077,0.03625730994152047,
2026-08-08 09:45:46,TAY,Taylor,92,159,1,0,2,254,0.3665338645418327,0.6334661354581673,0.011811023622047244,
2026-08-08 09:45:46,VOL,Volusia,10463,11529,4791,90,594,27467,0.4757639141506002,0.5242360858493997,0.1993301052171697,
2026-08-08 09:45:46,WAK,Wakulla,231,363,58,0,11,663,0.3888888888888889,0.6111111111111112,0.10407239819004525,
2026-08-08 09:45:46,WAL,Walton,474,1085,124,6,26,1715,0.3040410519563823,0.6959589480436177,0.09096209912536443,
2026-08-08 09:45:46,WAS,Washington,133,294,15,2,4,448,0.3114754098360656,0.6885245901639344,0.046875,
2026-08-08 10:31:58,ALA,Alachua,4727,2142,1052,31,114,8066,0.6881642160430922,0.3118357839569078,0.1484006942722539,
2026-08-08 10:31:58,BAK,Baker,119,459,29,3,4,614,0.2058823529411764,0.7941176470588235,0.05863192182410423,
2026-08-08 10:31:58,BRA,Bradford,164,571,15,0,1,751,0.2231292517006802,0.7768707482993197,0.02130492676431425,
2026-08-08 10:31:58,BRE,Brevard,10149,10729,3483,68,419,24848,0.4861097806303285,0.5138902193696714,0.15977141017385704,
2026-08-08 10:31:58,CAL,Calhoun,151,385,16,0,0,552,0.2817164179104477,0.7182835820895522,0.028985507246376812,
2026-08-08 10:31:58,CHA,Charlotte,4590,6614,2067,55,309,13635,0.4096751160299893,0.5903248839700107,0.1782911624495783,
2026-08-08 10:31:58,CIT,Citrus,3199,6312,1562,37,226,11336,0.3363473872358322,0.6636526127641678,0.16099153140437544,
2026-08-08 10:31:58,CLA,Clay,1782,3027,623,14,65,5511,0.3705552089831566,0.6294447910168434,0.12738160043549265,
2026-08-08 10:31:58,CLL,Collier,5253,11372,2465,32,288,19410,0.31596992481203,0.6840300751879699,0.14348274085522927,
2026-08-08 10:31:58,CLM,Columbia,600,959,155,8,17,1739,0.3848620910840282,0.6151379089159718,0.10350776308223117,
2026-08-08 10:31:58,DES,DeSoto,186,253,0,0,0,439,0.4236902050113895,0.5763097949886105,0.0,
2026-08-08 10:31:58,DIX,Dixie,108,408,39,0,5,560,0.2093023255813953,0.7906976744186046,0.07857142857142857,
2026-08-08 10:31:58,DUV,Duval,8139,6020,1733,52,178,16122,0.5748287308425736,0.4251712691574263,0.1217590869619154,
2026-08-08 10:31:58,ESC,Escambia,4037,4656,1272,28,165,10158,0.4643966409754975,0.5356033590245025,0.14422130340618233,
2026-08-08 10:31:58,FLA,Flagler,2502,2468,861,19,90,5940,0.503420523138833,0.496579476861167,0.1632996632996633,
2026-08-08 10:31:58,FRA,Franklin,142,184,45,3,13,387,0.4355828220858895,0.5644171779141104,0.15762273901808785,
2026-08-08 10:31:58,GAD,Gadsden,909,185,41,1,1,1137,0.8308957952468007,0.1691042047531992,0.03781882145998241,
2026-08-08 10:31:58,GIL,Gilchrist,140,371,38,2,6,557,0.273972602739726,0.726027397260274,0.08258527827648116,
2026-08-08 10:31:58,GLA,Glades,90,226,32,1,3,352,0.2848101265822785,0.7151898734177216,0.10227272727272728,
2026-08-08 10:31:58,GUL,Gulf,122,279,6,1,4,412,0.3042394014962593,0.6957605985037406,0.02669902912621359,
2026-08-08 10:31:58,HAR,Hardee,97,328,18,3,2,448,0.228235294117647,0.7717647058823529,0.05133928571428571,
2026-08-08 10:31:58,HEN,Hendry,334,743,70,4,8,1159,0.3101207056638811,0.6898792943361188,0.07075064710957722,
2026-08-08 10:31:58,HER,Hernando,3662,4076,1263,31,130,9162,0.4732489015249418,0.5267510984750582,0.1554245797860729,
2026-08-08 10:31:58,HIG,Highlands,968,1767,384,8,47,3174,0.3539305301645338,0.6460694698354662,0.13831127914303717,
2026-08-08 10:31:58,HIL,Hillsborough,28699,26940,9414,204,923,66180,0.5158072574992362,0.4841927425007638,0.1592777274100937,
2026-08-08 10:31:58,HOL,Holmes,74,206,12,0,1,293,0.2642857142857143,0.7357142857142858,0.04436860068259386,
2026-08-08 10:31:58,IND,Indian River,3326,4362,1251,32,179,9150,0.4326222684703434,0.5673777315296566,0.15978142076502733,
2026-08-08 10:31:58,JAC,Jackson,491,821,31,4,2,1349,0.3742378048780488,0.6257621951219512,0.02742772424017791,
2026-08-08 10:31:58,JEF,Jefferson,318,325,32,0,6,681,0.494556765163297,0.505443234836703,0.055800293685756244,
2026-08-08 10:31:58,LAF,Lafayette,28,100,1,0,0,129,0.21875,0.78125,0.007751937984496124,
2026-08-08 10:31:58,LEE,Lee,15793,24763,7888,127,842,49413,0.3894121708255252,0.6105878291744748,0.17924432841559915,
2026-08-08 10:31:58,LEO,Leon,6268,2951,1326,30,119,10694,0.6799002060961059,0.3200997939038941,0.13792780998690854,
2026-08-08 10:31:58,LEV,Levy,538,1247,138,14,23,1960,0.3014005602240896,0.6985994397759103,0.08928571428571429,
2026-08-08 10:31:58,LIB,Liberty,23,65,2,0,0,90,0.2613636363636363,0.7386363636363636,0.022222222222222223,
2026-08-08 10:31:58,MAD,Madison,188,166,20,2,1,377,0.5310734463276836,0.4689265536723164,0.0610079575596817,
2026-08-08 10:31:58,MAN,Manatee,7714,8605,1165,9,135,17628,0.472700533120902,0.527299466879098,0.07425686407987293,
2026-08-08 10:31:58,MRN,Marion,5431,5441,1533,34,235,12674,0.4995401030169242,0.5004598969830758,0.14218084267003314,
2026-08-08 10:31:58,MRT,Martin,2321,2741,706,9,105,5882,0.4585144211774002,0.5414855788225997,0.1394083645018701,
2026-08-08 10:31:58,DAD,Miami-Dade,40502,28856,15702,120,1042,86222,0.5839557080653998,0.4160442919346002,0.19558813295910557,
2026-08-08 10:31:58,MON,Monroe,2588,2734,759,22,93,6196,0.4862833521232619,0.5137166478767381,0.14105874757908327,
2026-08-08 10:31:58,NAS,Nassau,1433,2830,667,15,106,5051,0.33614825240441,0.66385174759559,0.15600871114630765,
2026-08-08 10:31:58,OKE,Okeechobee,247,465,0,0,0,712,0.3469101123595505,0.6530898876404494,0.0,
2026-08-08 10:31:58,ORA,Orange,24631,15369,7235,174,636,48045,0.615775,0.384225,0.16744718493079405,
2026-08-08 10:31:58,OSC,Osceola,5352,3808,2101,57,161,11479,0.5842794759825327,0.4157205240174672,0.20202108197578186,
2026-08-08 10:31:58,PAL,Palm Beach,31261,15308,7620,97,939,55225,0.6712834718374885,0.3287165281625115,0.15674060660932548,
2026-08-08 10:31:58,PAS,Pasco,7453,6588,2701,50,298,17090,0.5308026493839471,0.469197350616053,0.1784084259801053,
2026-08-08 10:31:58,PIN,Pinellas,22862,22788,9805,223,935,56613,0.5008105147864184,0.4991894852135816,0.1936481020260364,
2026-08-08 10:31:58,POL,Polk,9236,9402,2691,59,341,21729,0.4955467324820259,0.504453267517974,0.1422522895669382,
2026-08-08 10:31:58,PUT,Putnam,875,1823,149,8,14,2869,0.3243143068939955,0.6756856931060045,0.059602649006622516,
2026-08-08 10:31:58,SAN,Santa Rosa,1235,3882,365,9,54,5545,0.2413523548954465,0.7586476451045534,0.07718665464382327,
2026-08-08 10:31:58,SAR,Sarasota,15240,13536,4703,63,569,34111,0.5296080066722268,0.4703919933277731,0.15640116091583361,
2026-08-08 10:31:58,SEM,Seminole,4873,4361,1754,36,201,11225,0.5277236300628113,0.4722763699371886,0.17737193763919823,
2026-08-08 10:31:58,STJ,St. Johns,2914,2697,604,12,66,6293,0.5193370165745856,0.4806629834254143,0.10837438423645321,
2026-08-08 10:31:58,STL,St. Lucie,5357,4379,1794,31,236,11797,0.5502259654889071,0.4497740345110928,0.1747054335848097,
2026-08-08 10:31:58,SUM,Sumter,4216,6079,1438,24,163,11920,0.4095191840699368,0.5904808159300632,0.1363255033557047,
2026-08-08 10:31:58,SUW,Suwannee,276,602,26,1,4,909,0.3143507972665148,0.6856492027334852,0.034103410341034104,
2026-08-08 10:31:58,TAY,Taylor,92,165,1,0,2,260,0.357976653696498,0.642023346303502,0.011538461538461539,
2026-08-08 10:31:58,UNI,Union,35,91,4,2,2,134,0.2777777777777778,0.7222222222222222,0.05970149253731343,
2026-08-08 10:31:58,VOL,Volusia,10556,11706,4822,91,597,27772,0.4741712334920492,0.5258287665079507,0.19840126746363243,
2026-08-08 10:31:58,WAK,Wakulla,240,391,59,0,11,701,0.3803486529318542,0.6196513470681458,0.09985734664764621,
2026-08-08 10:31:58,WAL,Walton,478,1151,126,6,26,1787,0.2934315531000613,0.7065684468999386,0.08841634023503078,
2026-08-08 10:31:58,WAS,Washington,133,306,15,2,4,460,0.3029612756264236,0.6970387243735763,0.04565217391304348,
2026-08-08 11:29:12,ALA,Alachua,4781,2174,1062,31,114,8162,0.6874191229331417,0.3125808770668584,0.14788042146532712,
2026-08-08 11:29:12,BAK,Baker,120,483,30,3,4,640,0.1990049751243781,0.8009950248756219,0.0578125,
2026-08-08 11:29:12,BAY,Bay,1447,2854,559,16,61,4937,0.3364333875842827,0.6635666124157172,0.12882317196678145,
2026-08-08 11:29:12,BRA,Bradford,164,577,15,0,1,757,0.2213225371120108,0.7786774628879892,0.021136063408190225,
2026-08-08 11:29:12,BRE,Brevard,10711,11242,3627,71,436,26087,0.4879059809593222,0.5120940190406779,0.15846973588377353,
2026-08-08 11:29:12,CAL,Calhoun,151,390,16,0,0,557,0.2791127541589648,0.7208872458410351,0.02872531418312388,
2026-08-08 11:29:12,CHA,Charlotte,4723,6850,2105,55,314,14047,0.4081050721506956,0.5918949278493044,0.17612301559051755,
2026-08-08 11:29:12,CIT,Citrus,3220,6425,1572,37,227,11481,0.3338517366511145,0.6661482633488854,0.1599163835902796,
2026-08-08 11:29:12,CLA,Clay,1821,3219,641,15,66,5762,0.3613095238095238,0.6386904761904761,0.12530371398819853,
2026-08-08 11:29:12,CLL,Collier,5302,11623,2476,33,289,19723,0.3132644017725258,0.6867355982274741,0.14186482786594332,
2026-08-08 11:29:12,CLM,Columbia,620,1006,156,8,17,1807,0.3813038130381304,0.6186961869618696,0.10016602102933038,
2026-08-08 11:29:12,DES,DeSoto,191,264,0,0,0,455,0.4197802197802198,0.5802197802197803,0.0,
2026-08-08 11:29:12,DIX,Dixie,113,440,44,0,5,602,0.2043399638336347,0.7956600361663653,0.08139534883720931,
2026-08-08 11:29:12,DUV,Duval,8365,6351,1770,55,186,16727,0.5684289209024191,0.4315710790975808,0.12022478627368924,
2026-08-08 11:29:12,ESC,Escambia,4103,4835,1290,29,166,10423,0.4590512418885656,0.5409487581114343,0.14247337618727812,
2026-08-08 11:29:12,FLA,Flagler,2548,2564,868,20,90,6090,0.4984350547730829,0.5015649452269171,0.1605911330049261,
2026-08-08 11:29:12,FRA,Franklin,147,201,45,3,13,409,0.4224137931034483,0.5775862068965517,0.1491442542787286,
2026-08-08 11:29:12,GAD,Gadsden,924,195,42,1,1,1163,0.8257372654155496,0.1742627345844504,0.037833190025795355,
2026-08-08 11:29:12,GIL,Gilchrist,148,394,40,2,6,590,0.2730627306273063,0.7269372693726938,0.08135593220338982,
2026-08-08 11:29:12,GLA,Glades,91,234,33,1,3,362,0.28,0.72,0.10220994475138122,
2026-08-08 11:29:12,GUL,Gulf,131,317,6,1,4,459,0.2924107142857143,0.7075892857142857,0.023965141612200435,
2026-08-08 11:29:12,HAR,Hardee,98,343,18,3,2,464,0.2222222222222222,0.7777777777777778,0.04956896551724138,
2026-08-08 11:29:12,HEN,Hendry,337,751,70,4,8,1170,0.3097426470588235,0.6902573529411765,0.07008547008547009,
2026-08-08 11:29:12,HER,Hernando,3689,4173,1266,32,131,9291,0.4692190282370898,0.5307809717629102,0.15380475729200302,
2026-08-08 11:29:12,HIG,Highlands,979,1805,388,8,47,3227,0.3516522988505747,0.6483477011494253,0.1372792066935234,
2026-08-08 11:29:12,HIL,Hillsborough,29784,27850,9678,207,942,68461,0.5167782905923587,0.4832217094076413,0.15814843487533048,
2026-08-08 11:29:12,HOL,Holmes,78,228,12,0,1,319,0.2549019607843137,0.7450980392156863,0.04075235109717868,
2026-08-08 11:29:12,IND,Indian River,3420,4542,1275,33,184,9454,0.4295403165033911,0.5704596834966089,0.15781679712291094,
2026-08-08 11:29:12,JAC,Jackson,495,837,32,4,2,1370,0.3716216216216216,0.6283783783783784,0.027737226277372264,
2026-08-08 11:29:12,JEF,Jefferson,321,329,32,0,6,688,0.4938461538461538,0.5061538461538462,0.055232558139534885,
2026-08-08 11:29:12,LAF,Lafayette,29,111,2,0,0,142,0.2071428571428571,0.7928571428571428,0.014084507042253521,
2026-08-08 11:29:12,LEE,Lee,15881,25145,7923,128,843,49920,0.3870959879101058,0.6129040120898942,0.1781650641025641,
2026-08-08 11:29:12,LEO,Leon,6387,3031,1353,33,121,10925,0.6781694627309407,0.3218305372690592,0.13794050343249428,
2026-08-08 11:29:12,LEV,Levy,538,1257,138,14,23,1970,0.2997214484679665,0.7002785515320334,0.08883248730964467,
2026-08-08 11:29:12,LIB,Liberty,25,75,2,0,0,102,0.25,0.75,0.0196078431372549,
2026-08-08 11:29:12,MAD,Madison,192,181,23,2,1,399,0.514745308310992,0.485254691689008,0.06516290726817042,
2026-08-08 11:29:12,MAN,Manatee,7826,9042,1174,9,138,18189,0.4639554185439886,0.5360445814560114,0.07262631260652043,
2026-08-08 11:29:12,MRN,Marion,5486,5618,1542,34,235,12915,0.4940561959654179,0.5059438040345822,0.14022454510259388,
2026-08-08 11:29:12,MRT,Martin,2336,2803,712,10,106,5967,0.4545631445806577,0.5454368554193423,0.138763197586727,
2026-08-08 11:29:12,DAD,Miami-Dade,40684,29032,15733,120,1042,86611,0.5835676171897413,0.4164323828102587,0.1950676011130226,
2026-08-08 11:29:12,MON,Monroe,2598,2742,761,22,96,6219,0.4865168539325842,0.5134831460674157,0.14134105161601543,
2026-08-08 11:29:12,NAS,Nassau,1450,2869,672,18,108,5117,0.3357258624681639,0.6642741375318361,0.15595075239398085,
2026-08-08 11:29:12,OKA,Okaloosa,1177,2013,402,10,47,3649,0.3689655172413793,0.6310344827586207,0.12578788709235406,
2026-08-08 11:29:12,OKE,Okeechobee,249,476,0,0,0,725,0.3434482758620689,0.6565517241379311,0.0,
2026-08-08 11:29:12,ORA,Orange,24787,15463,7266,178,637,48331,0.6158260869565217,0.3841739130434782,0.16720117522914899,
2026-08-08 11:29:12,OSC,Osceola,5386,3858,2106,57,162,11569,0.5826482042405885,0.4173517957594115,0.2009681044169764,
2026-08-08 11:29:12,PAL,Palm Beach,31501,15559,7655,100,942,55757,0.6693795155121122,0.3306204844878878,0.15598041501515506,
2026-08-08 11:29:12,PAS,Pasco,7543,6898,2727,50,304,17522,0.522332248459248,0.477667751540752,0.17583609177034584,
2026-08-08 11:29:12,PIN,Pinellas,23141,22937,9871,226,944,57119,0.5022136377446937,0.4977863622553062,0.19329820199933473,
2026-08-08 11:29:12,POL,Polk,9283,9497,2699,59,342,21880,0.4943024494142705,0.5056975505857295,0.1416819012797075,
2026-08-08 11:29:12,PUT,Putnam,883,1836,150,8,14,2891,0.3247517469657962,0.6752482530342038,0.059494984434451746,
2026-08-08 11:29:12,SAN,Santa Rosa,1238,3916,366,9,54,5583,0.2402017850213426,0.7597982149786574,0.07684040838259,
2026-08-08 11:29:12,SAR,Sarasota,15299,13689,4717,63,574,34342,0.5277701117703878,0.4722298882296122,0.155902393570555,
2026-08-08 11:29:12,SEM,Seminole,4972,4478,1773,38,202,11463,0.5261375661375661,0.4738624338624339,0.1756084794556399,
2026-08-08 11:29:12,STJ,St. Johns,2976,2923,616,12,67,6594,0.504492286828276,0.495507713171724,0.105398847437064,
2026-08-08 11:29:12,STL,St. Lucie,5445,4487,1813,31,237,12013,0.5482279500604108,0.4517720499395892,0.17322900191459253,
2026-08-08 11:29:12,SUM,Sumter,4245,6353,1447,26,164,12235,0.4005472730703906,0.5994527269296094,0.13379648549243972,
2026-08-08 11:29:12,SUW,Suwannee,280,637,27,1,4,949,0.3053435114503817,0.6946564885496184,0.03371970495258166,
2026-08-08 11:29:12,TAY,Taylor,92,178,3,0,2,275,0.3407407407407407,0.6592592592592592,0.01818181818181818,
2026-08-08 11:29:12,UNI,Union,35,102,4,2,2,145,0.2554744525547445,0.7445255474452555,0.05517241379310345,
2026-08-08 11:29:12,VOL,Volusia,11053,12307,4972,92,614,29038,0.4731592465753425,0.5268407534246575,0.1955368827054205,
2026-08-08 11:29:12,WAK,Wakulla,247,412,59,0,11,729,0.3748103186646433,0.6251896813353566,0.09602194787379972,
2026-08-08 11:29:12,WAL,Walton,487,1217,128,6,26,1864,0.2857981220657277,0.7142018779342723,0.08583690987124463,
2026-08-08 11:29:12,WAS,Washington,134,323,15,2,4,478,0.2932166301969365,0.7067833698030634,0.043933054393305436,
2026-08-08 12:33:09,ALA,Alachua,4864,2215,1069,31,114,8293,0.6871026981212036,0.3128973018787964,0.1463885204389244,
2026-08-08 12:33:09,BAK,Baker,127,520,31,3,5,686,0.19629057187017,0.80370942812983,0.056851311953352766,
2026-08-08 12:33:09,BAY,Bay,1497,3117,572,16,63,5265,0.32444733420026,0.6755526657997399,0.12364672364672365,
2026-08-08 12:33:09,BRA,Bradford,172,589,17,0,1,779,0.2260183968462549,0.7739816031537451,0.023106546854942234,
2026-08-08 12:33:09,BRE,Brevard,10870,11915,3678,74,441,26978,0.4770682466535001,0.5229317533464999,0.1554229372080955,
2026-08-08 12:33:09,CAL,Calhoun,156,398,16,0,0,570,0.2815884476534296,0.7184115523465704,0.028070175438596492,
2026-08-08 12:33:09,CHA,Charlotte,4797,7035,2124,56,317,14329,0.4054259634888438,0.5945740365111561,0.17426198618186894,
2026-08-08 12:33:09,CIT,Citrus,3297,6651,1614,38,232,11832,0.3314234016887816,0.6685765983112183,0.1592292089249493,
2026-08-08 12:33:09,CLA,Clay,1855,3418,652,16,67,6008,0.3517921486819647,0.6482078513180353,0.12233688415446071,
2026-08-08 12:33:09,CLL,Collier,5347,11916,2494,35,291,20083,0.3097375890633146,0.6902624109366854,0.14041726833640392,
2026-08-08 12:33:09,CLM,Columbia,642,1075,162,8,17,1904,0.3739079790331974,0.6260920209668026,0.09821428571428571,
2026-08-08 12:33:09,DES,DeSoto,201,288,0,0,0,489,0.4110429447852761,0.588957055214724,0.0,
2026-08-08 12:33:09,DIX,Dixie,118,494,46,0,5,663,0.1928104575163398,0.8071895424836601,0.07692307692307693,
2026-08-08 12:33:09,DUV,Duval,8921,6715,1806,55,188,17685,0.5705423381939115,0.4294576618060885,0.11586089906700593,
2026-08-08 12:33:09,ESC,Escambia,4251,5130,1324,31,174,10910,0.4531499840102334,0.5468500159897666,0.14014665444546287,
2026-08-08 12:33:09,FLA,Flagler,2596,2689,878,21,90,6274,0.49120151371807,0.50879848628193,0.15763468281797896,
2026-08-08 12:33:09,FRA,Franklin,155,210,48,3,13,429,0.4246575342465753,0.5753424657534246,0.14918414918414918,
2026-08-08 12:33:09,GAD,Gadsden,952,201,42,2,1,1198,0.8256721595836947,0.1743278404163052,0.037562604340567615,
2026-08-08 12:33:09,GIL,Gilchrist,150,417,40,2,6,615,0.2645502645502645,0.7354497354497355,0.07804878048780488,
2026-08-08 12:33:09,GLA,Glades,92,236,34,1,3,366,0.2804878048780488,0.7195121951219512,0.10382513661202186,
2026-08-08 12:33:09,GUL,Gulf,135,353,8,1,4,501,0.2766393442622951,0.7233606557377049,0.02594810379241517,
2026-08-08 12:33:09,HAM,Hamilton,129,224,10,1,2,366,0.3654390934844193,0.6345609065155807,0.03551912568306011,
2026-08-08 12:33:09,HAR,Hardee,101,350,18,3,2,474,0.2239467849223946,0.7760532150776053,0.04852320675105485,
2026-08-08 12:33:09,HEN,Hendry,337,757,72,4,8,1178,0.3080438756855576,0.6919561243144424,0.07130730050933787,
2026-08-08 12:33:09,HER,Hernando,3725,4297,1275,34,131,9462,0.4643480428820743,0.5356519571179257,0.1521876981610653,
2026-08-08 12:33:09,HIG,Highlands,989,1842,393,8,47,3279,0.3493465206640763,0.6506534793359237,0.13662702043305885,
2026-08-08 12:33:09,HIL,Hillsborough,29982,28058,9722,208,947,68917,0.5165747760165403,0.4834252239834596,0.1578275316685288,
2026-08-08 12:33:09,HOL,Holmes,82,256,12,0,1,351,0.2426035502958579,0.757396449704142,0.037037037037037035,
2026-08-08 12:33:09,IND,Indian River,3452,4683,1279,33,184,9631,0.424339274738783,0.5756607252612169,0.15533174125220642,
2026-08-08 12:33:09,JAC,Jackson,500,855,33,4,2,1394,0.3690036900369003,0.6309963099630996,0.027977044476327116,
2026-08-08 12:33:09,JEF,Jefferson,329,333,33,0,6,701,0.4969788519637462,0.5030211480362538,0.05563480741797432,
2026-08-08 12:33:09,LAF,Lafayette,31,117,2,0,0,150,0.2094594594594594,0.7905405405405406,0.013333333333333334,
2026-08-08 12:33:09,LEE,Lee,15984,25588,7953,130,848,50503,0.3844895602809583,0.6155104397190416,0.1768409797437776,
2026-08-08 12:33:09,LEO,Leon,6578,3117,1376,33,129,11233,0.6784940691077875,0.3215059308922124,0.1369180094364818,
2026-08-08 12:33:09,LEV,Levy,540,1274,138,14,23,1989,0.2976846747519294,0.7023153252480706,0.08798391151332328,
2026-08-08 12:33:09,LIB,Liberty,26,90,3,0,0,119,0.2241379310344827,0.7758620689655172,0.025210084033613446,
2026-08-08 12:33:09,MAD,Madison,197,199,23,2,2,423,0.4974747474747474,0.5025252525252525,0.06382978723404255,
2026-08-08 12:33:09,MAN,Manatee,7896,9272,1177,9,138,18492,0.4599254426840634,0.5400745573159367,0.07159852909366213,
2026-08-08 12:33:09,MRN,Marion,5551,5832,1554,35,236,13208,0.4876570324167618,0.5123429675832382,0.13817383403997577,
2026-08-08 12:33:09,MRT,Martin,2406,2948,729,11,111,6205,0.4493836384011954,0.5506163615988047,0.1371474617244158,
2026-08-08 12:33:09,DAD,Miami-Dade,40961,29324,15791,120,1045,87241,0.5827843778900192,0.4172156221099808,0.1943581572884309,
2026-08-08 12:33:09,MON,Monroe,2614,2760,766,22,96,6258,0.4864160774097506,0.5135839225902493,0.141259188239054,
2026-08-08 12:33:09,NAS,Nassau,1462,2929,690,19,110,5210,0.3329537690731041,0.667046230926896,0.15719769673704415,
2026-08-08 12:33:09,OKA,Okaloosa,1220,2310,415,11,48,4004,0.3456090651558073,0.6543909348441926,0.11838161838161838,
2026-08-08 12:33:09,OKE,Okeechobee,255,495,0,0,0,750,0.34,0.66,0.0,
2026-08-08 12:33:09,ORA,Orange,24998,15550,7327,181,642,48698,0.616503896616356,0.3834961033836441,0.167358002382028,
2026-08-08 12:33:09,OSC,Osceola,5437,3921,2114,57,162,11691,0.5810002137208805,0.4189997862791195,0.19955521341202634,
2026-08-08 12:33:09,PAL,Palm Beach,31785,15906,7692,100,947,56430,0.6664779518148078,0.3335220481851921,0.15486443381180223,
2026-08-08 12:33:09,PAS,Pasco,7917,7387,2768,51,309,18432,0.5173157344485102,0.4826842655514898,0.1697048611111111,
2026-08-08 12:33:09,PIN,Pinellas,23219,24168,9914,226,946,58473,0.4899867052145103,0.5100132947854897,0.18959177740153574,
2026-08-08 12:33:09,POL,Polk,9538,9789,2766,60,349,22502,0.4935064935064935,0.5064935064935064,0.14109856901608747,
2026-08-08 12:33:09,PUT,Putnam,886,1863,150,8,14,2921,0.3222990178246635,0.6777009821753365,0.05888394385484423,
2026-08-08 12:33:09,SAN,Santa Rosa,1256,3972,368,9,55,5660,0.2402448355011476,0.7597551644988524,0.07632508833922262,
2026-08-08 12:33:09,SAR,Sarasota,15371,13912,4746,65,577,34671,0.5249120650206605,0.4750879349793395,0.1554036514666436,
2026-08-08 12:33:09,SEM,Seminole,5107,4639,1795,38,207,11786,0.5240098501949517,0.4759901498050482,0.1730867130493806,
2026-08-08 12:33:09,STJ,St. Johns,3065,3194,640,12,67,6978,0.489694839431219,0.510305160568781,0.10303811980510175,
2026-08-08 12:33:09,STL,St. Lucie,5665,4731,1861,34,241,12532,0.544921123509042,0.4550788764909581,0.17044366421959783,
2026-08-08 12:33:09,SUM,Sumter,4292,6655,1459,26,165,12597,0.3920708870010048,0.6079291129989952,0.13098356751607526,
2026-08-08 12:33:09,SUW,Suwannee,291,716,31,2,6,1046,0.2889771598808341,0.7110228401191658,0.0372848948374761,
2026-08-08 12:33:09,TAY,Taylor,96,186,3,0,2,287,0.3404255319148936,0.6595744680851063,0.017421602787456445,
2026-08-08 12:33:09,UNI,Union,40,121,4,2,2,169,0.2484472049689441,0.7515527950310559,0.047337278106508875,
2026-08-08 12:33:09,VOL,Volusia,11294,12702,5038,93,617,29744,0.4706617769628271,0.5293382230371728,0.19324905863367403,
2026-08-08 12:33:09,WAK,Wakulla,261,450,62,0,11,784,0.3670886075949367,0.6329113924050633,0.09311224489795919,
2026-08-08 12:33:09,WAL,Walton,489,1362,129,6,26,2012,0.2641815235008103,0.7358184764991896,0.08001988071570576,
2026-08-08 12:33:09,WAS,Washington,138,352,15,2,4,511,0.2816326530612245,0.7183673469387755,0.0410958904109589,
2026-08-08 13:30:11,ALA,Alachua,4927,2250,1084,31,114,8406,0.6864985369931726,0.3135014630068273,0.1462050916012372,
2026-08-08 13:30:11,BAK,Baker,129,533,32,3,6,703,0.1948640483383685,0.8051359516616314,0.05832147937411095,
2026-08-08 13:30:11,BAY,Bay,1525,3295,582,16,64,5482,0.3163900414937759,0.6836099585062241,0.12075884713608172,
2026-08-08 13:30:11,BRA,Bradford,172,590,17,0,1,780,0.2257217847769028,0.7742782152230971,0.023076923076923078,
2026-08-08 13:30:11,BRE,Brevard,10962,12151,3703,74,443,27333,0.4742785445420326,0.5257214554579673,0.15439212673325284,
2026-08-08 13:30:11,CAL,Calhoun,158,411,17,0,0,586,0.2776801405975395,0.7223198594024605,0.02901023890784983,
2026-08-08 13:30:11,CHA,Charlotte,4818,7143,2137,56,318,14472,0.4028091296714322,0.5971908703285679,0.17350746268656717,
2026-08-08 13:30:11,CIT,Citrus,3394,6853,1641,40,233,12161,0.3312188933346345,0.6687811066653655,0.15738837266672148,
2026-08-08 13:30:11,CLA,Clay,1942,3619,667,17,69,6314,0.349217766588743,0.650782233411257,0.11925878999049731,
2026-08-08 13:30:11,CLL,Collier,5383,12158,2501,36,291,20369,0.3068810216065218,0.6931189783934781,0.13883843094899112,
2026-08-08 13:30:11,CLM,Columbia,656,1147,165,8,17,1993,0.3638380476982806,0.6361619523017193,0.09533366783743101,
2026-08-08 13:30:11,DES,DeSoto,201,303,0,0,0,504,0.3988095238095238,0.6011904761904762,0.0,
2026-08-08 13:30:11,DIX,Dixie,119,520,48,0,5,692,0.1862284820031298,0.8137715179968701,0.07658959537572255,
2026-08-08 13:30:11,DUV,Duval,9358,6884,1906,56,206,18410,0.5761605713582071,0.4238394286417928,0.11776208582292233,
2026-08-08 13:30:11,ESC,Escambia,4322,5349,1348,31,174,11224,0.4469031123978906,0.5530968876021094,0.13836421952957947,
2026-08-08 13:30:11,FLA,Flagler,2629,2784,881,21,90,6405,0.4856826159246259,0.5143173840753741,0.15487900078064012,
2026-08-08 13:30:11,FRA,Franklin,156,216,49,3,14,438,0.4193548387096774,0.5806451612903226,0.1506849315068493,
2026-08-08 13:30:11,GAD,Gadsden,977,203,42,2,1,1225,0.8279661016949152,0.1720338983050847,0.036734693877551024,
2026-08-08 13:30:11,GIL,Gilchrist,150,426,43,2,6,627,0.2604166666666667,0.7395833333333334,0.08133971291866028,
2026-08-08 13:30:11,GLA,Glades,94,250,34,1,3,382,0.2732558139534883,0.7267441860465116,0.09947643979057591,
2026-08-08 13:30:11,GUL,Gulf,136,391,8,1,4,540,0.2580645161290322,0.7419354838709677,0.024074074074074074,
2026-08-08 13:30:11,HAM,Hamilton,130,240,10,1,2,383,0.3513513513513513,0.6486486486486487,0.033942558746736295,
2026-08-08 13:30:11,HAR,Hardee,104,351,18,3,2,478,0.2285714285714285,0.7714285714285715,0.04811715481171548,
2026-08-08 13:30:11,HEN,Hendry,339,758,73,4,8,1182,0.309024612579763,0.690975387420237,0.07191201353637902,
2026-08-08 13:30:11,HER,Hernando,3747,4414,1280,34,131,9606,0.4591349099375076,0.5408650900624924,0.1504268165729752,
2026-08-08 13:30:11,HIG,Highlands,996,1881,393,8,47,3325,0.3461939520333681,0.6538060479666319,0.13473684210526315,
2026-08-08 13:30:11,HIL,Hillsborough,30167,28286,9746,208,949,69356,0.5160898499649291,0.4839101500350709,0.15720341426841225,
2026-08-08 13:30:11,HOL,Holmes,83,275,14,0,1,373,0.2318435754189944,0.7681564245810056,0.040214477211796246,
2026-08-08 13:30:11,IND,Indian River,3491,4778,1284,33,185,9771,0.4221792236062401,0.5778207763937598,0.1537201924060997,
2026-08-08 13:30:11,JAC,Jackson,502,877,34,4,2,1419,0.3640319071791153,0.6359680928208847,0.028188865398167725,
2026-08-08 13:30:11,JEF,Jefferson,329,341,33,0,6,709,0.491044776119403,0.508955223880597,0.05500705218617771,
2026-08-08 13:30:11,LAF,Lafayette,31,129,2,0,0,162,0.19375,0.80625,0.012345679012345678,
2026-08-08 13:30:11,LEE,Lee,16067,25922,7985,130,850,50954,0.3826478363380885,0.6173521636619115,0.17594300741845587,
2026-08-08 13:30:11,LEO,Leon,6728,3188,1400,34,132,11482,0.6784993949173054,0.3215006050826946,0.13638738895662778,
2026-08-08 13:30:11,LEV,Levy,543,1285,138,14,23,2003,0.2970459518599562,0.7029540481400438,0.08736894658012981,
2026-08-08 13:30:11,LIB,Liberty,29,102,5,0,0,136,0.2213740458015267,0.7786259541984732,0.03676470588235294,
2026-08-08 13:30:11,MAD,Madison,206,204,23,2,2,437,0.5024390243902439,0.4975609756097561,0.06178489702517163,
2026-08-08 13:30:11,MAN,Manatee,7935,9391,1182,10,138,18656,0.4579822232482973,0.5420177767517026,0.07129073756432247,
2026-08-08 13:30:11,MRN,Marion,5598,5999,1561,35,239,13432,0.4827110459601621,0.5172889540398379,0.13661405598570578,
2026-08-08 13:30:11,MRT,Martin,2425,3019,735,12,111,6302,0.4454445260837619,0.554555473916238,0.13614725483973342,
2026-08-08 13:30:11,DAD,Miami-Dade,41185,29581,15839,122,1047,87774,0.5819885255631235,0.4180114744368765,0.1937703648005104,
2026-08-08 13:30:11,MON,Monroe,2624,2772,769,22,98,6285,0.486286137879911,0.513713862120089,0.14144789180588704,
2026-08-08 13:30:11,NAS,Nassau,1467,2976,695,19,110,5267,0.3301823092505064,0.6698176907494936,0.15644579456996394,
2026-08-08 13:30:11,OKA,Okaloosa,1240,2476,420,11,48,4195,0.333692142088267,0.6663078579117331,0.11418355184743742,
2026-08-08 13:30:11,OKE,Okeechobee,256,510,0,0,0,766,0.3342036553524804,0.6657963446475196,0.0,
2026-08-08 13:30:11,ORA,Orange,25341,15747,7427,183,651,49349,0.6167494158878505,0.3832505841121495,0.167399542037326,
2026-08-08 13:30:11,OSC,Osceola,5480,3968,2126,57,162,11793,0.5800169348010161,0.4199830651989839,0.19884677350970914,
2026-08-08 13:30:11,PAL,Palm Beach,31990,16186,7718,102,951,56947,0.6640235802059117,0.3359764197940883,0.15402040493792474,
2026-08-08 13:30:11,PAS,Pasco,7982,7571,2845,53,315,18766,0.51321288497396,0.48678711502604,0.17121389747415539,
2026-08-08 13:30:11,PIN,Pinellas,24504,24329,10417,237,993,60480,0.5017918211045809,0.4982081788954191,0.1925760582010582,
2026-08-08 13:30:11,POL,Polk,9750,10108,2823,62,355,23098,0.4909860006042905,0.5090139993957096,0.14027188501168933,
2026-08-08 13:30:11,PUT,Putnam,890,1885,150,8,14,2947,0.3207207207207207,0.6792792792792792,0.05836443841194435,
2026-08-08 13:30:11,SAN,Santa Rosa,1300,4052,374,9,55,5790,0.2428998505231689,0.7571001494768311,0.07564766839378238,
2026-08-08 13:30:11,SAR,Sarasota,15429,14082,4775,66,581,34933,0.5228219985768019,0.4771780014231981,0.15521140468897604,
2026-08-08 13:30:11,SEM,Seminole,5175,4728,1805,38,208,11954,0.5225689185095426,0.4774310814904574,0.17157436841224694,
2026-08-08 13:30:11,STJ,St. Johns,3133,3403,652,12,69,7269,0.4793451652386781,0.5206548347613219,0.1008391800797909,
2026-08-08 13:30:11,STL,St. Lucie,5745,4876,1873,34,242,12770,0.5409095188776951,0.4590904811223049,0.1682850430696946,
2026-08-08 13:30:11,SUM,Sumter,4347,6865,1462,26,165,12865,0.3877095968605066,0.6122904031394935,0.12848814613291878,
2026-08-08 13:30:11,SUW,Suwannee,296,747,31,3,6,1083,0.2837967401725791,0.716203259827421,0.03693444136657433,
2026-08-08 13:30:11,TAY,Taylor,99,198,3,0,2,302,0.3333333333333333,0.6666666666666666,0.016556291390728478,
2026-08-08 13:30:11,UNI,Union,42,135,4,2,2,185,0.2372881355932203,0.7627118644067796,0.043243243243243246,
2026-08-08 13:30:11,VOL,Volusia,11373,12926,5070,93,620,30082,0.4680439524260257,0.5319560475739742,0.19224120736653147,
2026-08-08 13:30:11,WAK,Wakulla,270,472,64,1,12,819,0.3638814016172507,0.6361185983827493,0.09401709401709402,
2026-08-08 13:30:11,WAL,Walton,500,1469,134,6,26,2135,0.2539360081259522,0.7460639918740477,0.07775175644028103,
2026-08-08 13:30:11,WAS,Washington,138,376,15,2,4,535,0.2684824902723735,0.7315175097276264,0.03925233644859813,
2026-08-08 14:36:58,ALA,Alachua,4981,2279,1089,31,114,8494,0.6860881542699725,0.3139118457300275,0.14527902048504826,
2026-08-08 14:36:58,BAK,Baker,131,551,33,3,6,724,0.1920821114369501,0.8079178885630498,0.058011049723756904,
2026-08-08 14:36:58,BAY,Bay,1543,3442,585,16,64,5650,0.3095285857572718,0.6904714142427282,0.11769911504424779,
2026-08-08 14:36:58,BRA,Bradford,173,591,17,0,1,782,0.2264397905759162,0.7735602094240838,0.023017902813299233,
2026-08-08 14:36:58,BRE,Brevard,11110,12559,3748,77,448,27942,0.4693903417972876,0.5306096582027124,0.15292391382148737,
2026-08-08 14:36:58,CAL,Calhoun,159,421,18,0,0,598,0.2741379310344827,0.7258620689655172,0.030100334448160536,
2026-08-08 14:36:58,CHA,Charlotte,4832,7225,2140,57,318,14572,0.40076304221614,0.59923695778386,0.17259127093055174,
2026-08-08 14:36:58,CIT,Citrus,3411,6932,1648,41,233,12265,0.3297882625930581,0.6702117374069418,0.15670607419486343,
2026-08-08 14:36:58,CLA,Clay,1966,3725,673,17,72,6453,0.3454577402916886,0.6545422597083114,0.11808461180846118,
2026-08-08 14:36:58,CLL,Collier,5418,12343,2512,36,291,20600,0.3050503913067958,0.6949496086932042,0.13781553398058252,
2026-08-08 14:36:58,CLM,Columbia,696,1210,166,8,17,2097,0.3651626442812172,0.6348373557187827,0.0910824988078207,
2026-08-08 14:36:58,DES,DeSoto,202,308,0,0,0,510,0.396078431372549,0.6039215686274509,0.0,
2026-08-08 14:36:58,DIX,Dixie,125,542,51,0,6,724,0.1874062968515742,0.8125937031484258,0.0787292817679558,
2026-08-08 14:36:58,DUV,Duval,9472,6988,1926,57,206,18649,0.5754556500607534,0.4245443499392466,0.11737894793286503,
2026-08-08 14:36:58,ESC,Escambia,4372,5489,1360,31,174,11426,0.4433627421154041,0.5566372578845958,0.13696831787152108,
2026-08-08 14:36:58,FLA,Flagler,2796,2980,919,22,91,6808,0.4840720221606648,0.5159279778393352,0.15158636897767333,
2026-08-08 14:36:58,FRA,Franklin,158,218,50,3,14,443,0.4202127659574468,0.5797872340425532,0.15124153498871332,
2026-08-08 14:36:58,GAD,Gadsden,996,211,43,2,2,1254,0.8251864125932062,0.1748135874067937,0.037480063795853266,
2026-08-08 14:36:58,GIL,Gilchrist,154,436,45,2,6,643,0.2610169491525423,0.7389830508474576,0.08242612752721618,
2026-08-08 14:36:58,GLA,Glades,94,255,35,1,3,388,0.2693409742120344,0.7306590257879656,0.10051546391752578,
2026-08-08 14:36:58,GUL,Gulf,136,414,10,1,4,565,0.2472727272727272,0.7527272727272727,0.02654867256637168,
2026-08-08 14:36:58,HAM,Hamilton,133,249,11,1,2,396,0.3481675392670157,0.6518324607329843,0.03535353535353535,
2026-08-08 14:36:58,HAR,Hardee,104,356,18,3,2,483,0.2260869565217391,0.7739130434782608,0.047619047619047616,
2026-08-08 14:36:58,HEN,Hendry,342,765,74,4,8,1193,0.3089430894308943,0.6910569105691057,0.07208717518860017,
2026-08-08 14:36:58,HER,Hernando,3768,4526,1290,34,132,9750,0.4543043163732819,0.5456956836267182,0.14933333333333335,
2026-08-08 14:36:58,HIG,Highlands,1038,1962,407,10,49,3466,0.346,0.654,0.13444893248701673,
2026-08-08 14:36:58,HIL,Hillsborough,30295,28462,9785,208,950,69700,0.5155981414980343,0.4844018585019657,0.15700143472022957,
2026-08-08 14:36:58,HOL,Holmes,85,290,14,0,1,390,0.2266666666666666,0.7733333333333333,0.038461538461538464,
2026-08-08 14:36:58,IND,Indian River,3506,4849,1285,34,185,9859,0.4196289646918013,0.5803710353081987,0.1525509686580789,
2026-08-08 14:36:58,JAC,Jackson,507,885,34,4,2,1432,0.3642241379310345,0.6357758620689655,0.027932960893854747,
2026-08-08 14:36:58,JEF,Jefferson,332,342,33,0,8,715,0.4925816023738872,0.5074183976261127,0.057342657342657345,
2026-08-08 14:36:58,LAF,Lafayette,32,132,2,0,0,166,0.1951219512195122,0.8048780487804879,0.012048192771084338,
2026-08-08 14:36:58,LEE,Lee,16137,26195,8002,132,851,51317,0.3812009827081168,0.6187990172918832,0.17508817740709706,
2026-08-08 14:36:58,LEO,Leon,7353,3507,1503,39,146,12548,0.6770718232044199,0.3229281767955801,0.13452343002868983,
2026-08-08 14:36:58,LEV,Levy,544,1295,138,14,23,2014,0.2958129418162044,0.7041870581837956,0.08689175769612711,
2026-08-08 14:36:58,LIB,Liberty,33,106,5,0,0,144,0.237410071942446,0.762589928057554,0.034722222222222224,
2026-08-08 14:36:58,MAD,Madison,208,214,24,3,2,451,0.4928909952606635,0.5071090047393365,0.06430155210643015,
2026-08-08 14:36:58,MAN,Manatee,7974,9580,1187,10,138,18889,0.4542554403554745,0.5457445596445255,0.0706760548467362,
2026-08-08 14:36:58,MRN,Marion,5637,6134,1566,36,239,13612,0.4788887944949452,0.5211112055050547,0.13524831031442844,
2026-08-08 14:36:58,MRT,Martin,2491,3166,756,12,115,6540,0.4403394025101644,0.5596605974898357,0.13501529051987768,
2026-08-08 14:36:58,DAD,Miami-Dade,41427,29776,15894,123,1048,88268,0.5818153729477691,0.418184627052231,0.19333167172701318,
2026-08-08 14:36:58,MON,Monroe,2639,2802,771,22,99,6333,0.4850211358206212,0.5149788641793788,0.14084951839570503,
2026-08-08 14:36:58,NAS,Nassau,1476,3010,698,19,110,5313,0.3290236290682122,0.6709763709317877,0.15565593826463392,
2026-08-08 14:36:58,OKA,Okaloosa,1270,2604,422,13,49,4358,0.3278265358802271,0.6721734641197729,0.11106011932078935,
2026-08-08 14:36:58,OKE,Okeechobee,257,518,0,0,0,775,0.3316129032258064,0.6683870967741935,0.0,
2026-08-08 14:36:58,ORA,Orange,25904,16082,7609,189,663,50447,0.6169675606154432,0.3830324393845568,0.16772057803239043,
2026-08-08 14:36:58,OSC,Osceola,5520,4002,2131,58,163,11874,0.5797101449275363,0.4202898550724637,0.19807983830217282,
2026-08-08 14:36:58,PAL,Palm Beach,32198,16441,7741,102,954,57436,0.661979070293386,0.338020929706614,0.15316178006824988,
2026-08-08 14:36:58,PAS,Pasco,8050,7754,2854,53,316,19027,0.5093647177929638,0.4906352822070361,0.16939086561202502,
2026-08-08 14:36:58,PIN,Pinellas,24619,24488,10457,238,998,60800,0.5013338220620278,0.4986661779379722,0.1923190789473684,
2026-08-08 14:36:58,POL,Polk,9822,10216,2827,62,357,23284,0.490168679508933,0.5098313204910669,0.13940903624806733,
2026-08-08 14:36:58,PUT,Putnam,890,1897,150,8,14,2959,0.3193397918909221,0.6806602081090779,0.05812774586008787,
2026-08-08 14:36:58,SAN,Santa Rosa,1313,4105,375,10,55,5858,0.2423403469915097,0.7576596530084903,0.07511095937179925,
2026-08-08 14:36:58,SAR,Sarasota,15499,14259,4787,66,584,35195,0.5208347335170375,0.4791652664829625,0.15448217076289245,
2026-08-08 14:36:58,SEM,Seminole,5304,4867,1817,39,211,12238,0.5214826467407334,0.4785173532592665,0.16890014708285667,
2026-08-08 14:36:58,STJ,St. Johns,3186,3588,667,12,71,7524,0.4703277236492471,0.5296722763507529,0.09968102073365231,
2026-08-08 14:36:58,STL,St. Lucie,5801,5006,1883,34,244,12968,0.5367817155547331,0.4632182844452669,0.16664096236890807,
2026-08-08 14:36:58,SUM,Sumter,4470,7272,1500,27,169,13438,0.3806847215125191,0.6193152784874808,0.12620925732995983,
2026-08-08 14:36:58,SUW,Suwannee,303,772,32,3,7,1117,0.281860465116279,0.718139534883721,0.03760071620411817,
2026-08-08 14:36:58,TAY,Taylor,101,206,3,0,2,312,0.3289902280130293,0.6710097719869706,0.016025641025641024,
2026-08-08 14:36:58,UNI,Union,42,142,4,2,2,192,0.2282608695652173,0.7717391304347826,0.041666666666666664,
2026-08-08 14:36:58,VOL,Volusia,11446,13119,5095,94,625,30379,0.4659474862609403,0.5340525137390596,0.19138220481253498,
2026-08-08 14:36:58,WAK,Wakulla,276,497,65,1,13,852,0.3570504527813712,0.6429495472186287,0.09272300469483569,
2026-08-08 14:36:58,WAL,Walton,503,1571,135,6,26,2241,0.242526518804243,0.757473481195757,0.07452030343596609,
2026-08-08 14:36:58,WAS,Washington,140,390,17,2,4,553,0.2641509433962264,0.7358490566037735,0.04159132007233273,
2026-08-08 15:29:54,ALA,Alachua,5038,2303,1091,32,114,8578,0.6862825228170549,0.3137174771829451,0.14420610865003497,
2026-08-08 15:29:54,BAK,Baker,131,573,33,3,6,746,0.1860795454545454,0.8139204545454546,0.05630026809651475,
2026-08-08 15:29:54,BAY,Bay,1566,3544,588,16,65,5779,0.3064579256360078,0.6935420743639922,0.11576397300571033,
2026-08-08 15:29:54,BRE,Brevard,11215,12774,3761,78,451,28279,0.467505940222602,0.5324940597773979,0.15170267689805156,
2026-08-08 15:29:54,CAL,Calhoun,160,423,18,0,0,601,0.274442538593482,0.725557461406518,0.029950083194675542,
2026-08-08 15:29:54,CHA,Charlotte,4843,7269,2140,57,319,14628,0.3998513870541612,0.6001486129458389,0.17199890620727373,
2026-08-08 15:29:54,CIT,Citrus,3426,6994,1654,41,234,12349,0.3287907869481766,0.6712092130518235,0.1562069803222933,
2026-08-08 15:29:54,CLA,Clay,1981,3788,678,17,72,6536,0.343387068816086,0.6566129311839141,0.1173500611995104,
2026-08-08 15:29:54,CLL,Collier,5441,12491,2519,37,291,20779,0.3034240463975016,0.6965759536024984,0.1370133307666394,
2026-08-08 15:29:54,CLM,Columbia,703,1237,167,8,17,2132,0.3623711340206185,0.6376288659793814,0.0900562851782364,
2026-08-08 15:29:54,DES,DeSoto,206,310,0,0,0,516,0.3992248062015504,0.6007751937984496,0.0,
2026-08-08 15:29:54,DIX,Dixie,125,555,51,0,6,737,0.1838235294117647,0.8161764705882353,0.0773405698778833,
2026-08-08 15:29:54,DUV,Duval,9564,7059,1934,57,207,18821,0.5753474102147627,0.4246525897852373,0.11678444290951596,
2026-08-08 15:29:54,ESC,Escambia,4426,5570,1370,31,177,11574,0.4427771108443377,0.5572228891556623,0.1363400725764645,
2026-08-08 15:29:54,FLA,Flagler,2907,3103,938,22,95,7065,0.4836938435940099,0.51630615640599,0.14932767162066526,
2026-08-08 15:29:54,FRA,Franklin,159,219,51,3,14,446,0.4206349206349206,0.5793650793650794,0.15246636771300448,
2026-08-08 15:29:54,GAD,Gadsden,1014,216,45,2,2,1279,0.824390243902439,0.1756097560975609,0.03831118060985145,
2026-08-08 15:29:54,GIL,Gilchrist,154,447,45,2,6,654,0.2562396006655574,0.7437603993344426,0.08103975535168195,
2026-08-08 15:29:54,GLA,Glades,95,257,35,1,3,391,0.2698863636363636,0.7301136363636364,0.09974424552429667,
2026-08-08 15:29:54,GUL,Gulf,139,432,10,1,4,586,0.2434325744308231,0.7565674255691769,0.025597269624573378,
2026-08-08 15:29:54,HAM,Hamilton,134,256,11,1,2,404,0.3435897435897436,0.6564102564102564,0.034653465346534656,
2026-08-08 15:29:54,HAR,Hardee,106,363,19,3,2,493,0.2260127931769723,0.7739872068230277,0.0486815415821501,
2026-08-08 15:29:54,HEN,Hendry,342,770,74,4,8,1198,0.3075539568345323,0.6924460431654677,0.07178631051752922,
2026-08-08 15:29:54,HER,Hernando,3789,4574,1297,34,134,9828,0.4530670811909602,0.5469329188090398,0.14906389906389905,
2026-08-08 15:29:54,HIG,Highlands,1040,1990,408,11,49,3498,0.3432343234323432,0.6567656765676567,0.13379073756432247,
2026-08-08 15:29:54,HIL,Hillsborough,30430,28604,9824,208,952,70018,0.5154656638547278,0.4845343361452722,0.15687394669942015,
2026-08-08 15:29:54,HOL,Holmes,85,300,14,0,1,400,0.2207792207792207,0.7792207792207793,0.0375,
2026-08-08 15:29:54,IND,Indian River,3524,4908,1289,34,185,9940,0.417931688804554,0.5820683111954459,0.1517102615694165,
2026-08-08 15:29:54,JAC,Jackson,507,899,34,4,2,1446,0.3605974395448079,0.6394025604551921,0.027662517289073305,
2026-08-08 15:29:54,JEF,Jefferson,351,356,34,0,8,749,0.4964639321074964,0.5035360678925035,0.056074766355140186,
2026-08-08 15:29:54,LAF,Lafayette,32,138,2,0,0,172,0.188235294117647,0.8117647058823529,0.011627906976744186,
2026-08-08 15:29:54,LEO,Leon,7550,3602,1536,39,151,12878,0.6770086083213773,0.3229913916786227,0.13402702282963194,
2026-08-08 15:29:54,LEV,Levy,544,1309,138,14,23,2028,0.2935779816513761,0.7064220183486238,0.08629191321499013,
2026-08-08 15:29:54,LIB,Liberty,36,134,6,0,0,176,0.2117647058823529,0.788235294117647,0.03409090909090909,
2026-08-08 15:29:54,MAD,Madison,208,216,25,3,2,454,0.490566037735849,0.5094339622641509,0.06607929515418502,
2026-08-08 15:29:54,MAN,Manatee,8010,9730,1190,10,139,19079,0.45152198421646,0.54847801578354,0.07018187536034383,
2026-08-08 15:29:54,MRN,Marion,5686,6240,1571,36,240,13773,0.4767734361898373,0.5232265638101626,0.13410295505699557,
2026-08-08 15:29:54,MRT,Martin,2535,3253,764,12,117,6681,0.4379751209398756,0.5620248790601244,0.1336626253554857,
2026-08-08 15:29:54,DAD,Miami-Dade,41633,30006,15942,123,1050,88754,0.5811499322994458,0.4188500677005541,0.19283637920544427,
2026-08-08 15:29:54,MON,Monroe,2700,2863,790,24,100,6477,0.4853496314937983,0.5146503685062017,0.14111471360197622,
2026-08-08 15:29:54,NAS,Nassau,1482,3041,702,19,112,5356,0.3276586336502321,0.6723413663497678,0.15552651232262882,
2026-08-08 15:29:54,OKA,Okaloosa,1295,2693,430,13,50,4481,0.3247241725175526,0.6752758274824473,0.11002008480249945,
2026-08-08 15:29:54,OKE,Okeechobee,261,525,0,0,0,786,0.3320610687022901,0.6679389312977099,0.0,
2026-08-08 15:29:54,ORA,Orange,26380,16322,7741,195,669,51307,0.6177696595007259,0.382230340499274,0.16771590621162805,
2026-08-08 15:29:54,OSC,Osceola,5547,4036,2136,59,163,11941,0.5788375247834707,0.4211624752165293,0.19747089858470815,
2026-08-08 15:29:54,PAL,Palm Beach,32371,16693,7768,102,959,57893,0.6597709114625795,0.3402290885374205,0.15250548425543675,
2026-08-08 15:29:54,PAS,Pasco,8133,7892,2873,56,318,19272,0.5075195007800312,0.4924804992199688,0.16848277293482772,
2026-08-08 15:29:54,PIN,Pinellas,24659,24583,10480,238,1000,60960,0.5007716989561756,0.4992283010438244,0.1922244094488189,
2026-08-08 15:29:54,POL,Polk,9873,10274,2834,63,358,23402,0.4900481461259741,0.5099518538740259,0.13909067601059738,
2026-08-08 15:29:54,PUT,Putnam,890,1904,150,8,14,2966,0.3185397279885469,0.6814602720114531,0.05799055967633176,
2026-08-08 15:29:54,SAN,Santa Rosa,1324,4161,380,10,55,5930,0.2413855970829535,0.7586144029170465,0.07504215851602024,
2026-08-08 15:29:54,SAR,Sarasota,15545,14383,4796,66,588,35378,0.5194132584870356,0.4805867415129644,0.15405053988354345,
2026-08-08 15:29:54,SEM,Seminole,5381,4950,1832,39,213,12415,0.5208595489304036,0.4791404510695963,0.16786145791381393,
2026-08-08 15:29:54,STJ,St. Johns,3214,3701,673,13,71,7672,0.4647866955892986,0.5352133044107014,0.09867049009384776,
2026-08-08 15:29:54,STL,St. Lucie,5872,5076,1894,34,244,13120,0.536353671903544,0.4636463280964559,0.1655487804878049,
2026-08-08 15:29:54,SUM,Sumter,4552,7551,1531,28,171,13833,0.3761050979096091,0.6238949020903908,0.1250632545362539,
2026-08-08 15:29:54,SUW,Suwannee,311,792,32,3,7,1145,0.2819582955575702,0.7180417044424298,0.03668122270742358,
2026-08-08 15:29:54,TAY,Taylor,101,213,3,0,3,320,0.321656050955414,0.678343949044586,0.01875,
2026-08-08 15:29:54,UNI,Union,44,158,6,2,2,212,0.2178217821782178,0.7821782178217822,0.04716981132075472,
2026-08-08 15:29:54,VOL,Volusia,11521,13273,5113,96,626,30629,0.4646688715011696,0.5353311284988304,0.19050572986385453,
2026-08-08 15:29:54,WAK,Wakulla,283,512,65,1,13,874,0.3559748427672956,0.6440251572327044,0.09038901601830664,
2026-08-08 15:29:54,WAL,Walton,513,1640,138,7,26,2324,0.2382721783557826,0.7617278216442174,0.07358003442340792,
2026-08-08 15:29:54,WAS,Washington,141,401,20,2,4,568,0.2601476014760147,0.7398523985239852,0.045774647887323945,
2026-08-08 16:30:06,ALA,Alachua,5079,2328,1099,32,114,8652,0.6857027136492507,0.3142972863507492,0.14389736477115117,
2026-08-08 16:30:06,BAK,Baker,135,583,34,3,6,761,0.1880222841225626,0.8119777158774373,0.056504599211563734,
2026-08-08 16:30:06,BAY,Bay,1584,3647,594,16,66,5907,0.3028101701395527,0.6971898298604473,0.11444049432876248,
2026-08-08 16:30:06,BRA,Bradford,173,593,17,0,1,784,0.2258485639686684,0.7741514360313316,0.02295918367346939,
2026-08-08 16:30:06,BRE,Brevard,11260,12940,3768,79,454,28501,0.4652892561983471,0.5347107438016528,0.1509069857197993,
2026-08-08 16:30:06,CAL,Calhoun,160,432,18,0,0,610,0.2702702702702703,0.7297297297297297,0.029508196721311476,
2026-08-08 16:30:06,CHA,Charlotte,4850,7311,2147,57,320,14685,0.3988158868514102,0.6011841131485898,0.17187606401089547,
2026-08-08 16:30:06,CIT,Citrus,3432,7049,1660,41,234,12416,0.3274496708329358,0.6725503291670643,0.155847293814433,
2026-08-08 16:30:06,CLA,Clay,1993,3868,681,17,73,6632,0.3400443610305408,0.6599556389694592,0.11625452352231605,
2026-08-08 16:30:06,CLL,Collier,5471,12608,2530,37,291,20937,0.3026162951490679,0.697383704850932,0.13650475235229498,
2026-08-08 16:30:06,CLM,Columbia,709,1266,171,8,17,2171,0.3589873417721519,0.6410126582278481,0.09028097650852142,
2026-08-08 16:30:06,DES,DeSoto,209,315,0,0,0,524,0.3988549618320611,0.601145038167939,0.0,
2026-08-08 16:30:06,DIX,Dixie,128,563,51,2,6,750,0.1852387843704775,0.8147612156295224,0.07866666666666666,
2026-08-08 16:30:06,DUV,Duval,9701,7178,1949,59,207,19094,0.5747378399194265,0.4252621600805735,0.1160050277574107,
2026-08-08 16:30:06,ESC,Escambia,4562,5794,1381,32,179,11948,0.440517574353032,0.5594824256469679,0.13324405758285907,
2026-08-08 16:30:06,FLA,Flagler,2944,3160,956,22,96,7178,0.4823066841415465,0.5176933158584535,0.14962385065477848,
2026-08-08 16:30:06,FRA,Franklin,160,225,51,3,14,453,0.4155844155844156,0.5844155844155844,0.15011037527593818,
2026-08-08 16:30:06,GAD,Gadsden,1024,218,45,2,2,1291,0.8244766505636071,0.1755233494363929,0.037955073586367155,
2026-08-08 16:30:06,GIL,Gilchrist,154,453,47,2,6,662,0.2537067545304777,0.7462932454695222,0.08308157099697885,
2026-08-08 16:30:06,GLA,Glades,100,273,36,1,5,415,0.2680965147453083,0.7319034852546917,0.10120481927710843,
2026-08-08 16:30:06,GUL,Gulf,141,443,11,1,4,600,0.2414383561643835,0.7585616438356164,0.02666666666666667,
2026-08-08 16:30:06,HAM,Hamilton,138,266,12,1,2,419,0.3415841584158416,0.6584158415841584,0.03579952267303103,
2026-08-08 16:30:06,HAR,Hardee,106,365,19,3,2,495,0.2250530785562632,0.7749469214437368,0.048484848484848485,
2026-08-08 16:30:06,HEN,Hendry,345,773,74,4,8,1204,0.3085867620751342,0.6914132379248659,0.07142857142857142,
2026-08-08 16:30:06,HER,Hernando,3804,4631,1311,36,135,9917,0.4509780675755779,0.5490219324244221,0.14944035494605223,
2026-08-08 16:30:06,HIG,Highlands,1047,2017,408,11,50,3533,0.341710182767624,0.658289817232376,0.13274837248797056,
2026-08-08 16:30:06,HIL,Hillsborough,30536,28730,9844,208,954,70272,0.5152363918604259,0.4847636081395741,0.15661999089253187,
2026-08-08 16:30:06,HOL,Holmes,85,314,14,0,1,414,0.213032581453634,0.7869674185463659,0.036231884057971016,
2026-08-08 16:30:06,IND,Indian River,3528,4930,1290,34,185,9967,0.4171198864979901,0.58288011350201,0.1513996187418481,
2026-08-08 16:30:06,JAC,Jackson,509,900,34,4,3,1450,0.36124911284599,0.63875088715401,0.028275862068965516,
2026-08-08 16:30:06,JEF,Jefferson,354,358,35,0,8,755,0.497191011235955,0.5028089887640449,0.05695364238410596,
2026-08-08 16:30:06,LAF,Lafayette,32,139,2,0,0,173,0.1871345029239766,0.8128654970760234,0.011560693641618497,
2026-08-08 16:30:06,LEO,Leon,7619,3639,1545,39,152,12994,0.6767631906200036,0.3232368093799964,0.13360012313375405,
2026-08-08 16:30:06,LEV,Levy,544,1319,138,14,23,2038,0.2920021470746108,0.7079978529253892,0.0858684985279686,
2026-08-08 16:30:06,LIB,Liberty,36,139,6,0,0,181,0.2057142857142857,0.7942857142857143,0.03314917127071823,
2026-08-08 16:30:06,MAN,Manatee,8042,9828,1191,10,139,19210,0.4500279798545047,0.5499720201454953,0.06975533576262363,
2026-08-08 16:30:06,MRN,Marion,5699,6302,1572,36,240,13849,0.4748770935755353,0.5251229064244646,0.13343923749007147,
2026-08-08 16:30:06,MRT,Martin,2550,3293,767,12,118,6740,0.4364196474413828,0.5635803525586172,0.1330860534124629,
2026-08-08 16:30:06,DAD,Miami-Dade,41719,30104,15954,123,1053,88953,0.5808584993664982,0.4191415006335018,0.1925736062864659,
2026-08-08 16:30:06,MON,Monroe,2712,2896,794,24,100,6526,0.4835948644793152,0.5164051355206848,0.14066809684339565,
2026-08-08 16:30:06,NAS,Nassau,1527,3095,715,19,113,5469,0.3303764604067503,0.6696235395932497,0.15487292009508136,
2026-08-08 16:30:06,OKA,Okaloosa,1313,2783,434,14,50,4594,0.320556640625,0.679443359375,0.10840226382237701,
2026-08-08 16:30:06,OKE,Okeechobee,261,541,0,0,0,802,0.3254364089775561,0.6745635910224439,0.0,
2026-08-08 16:30:06,ORA,Orange,26534,16423,7783,196,671,51607,0.6176874548967572,0.3823125451032427,0.16761292072780826,
2026-08-08 16:30:06,OSC,Osceola,5570,4061,2139,59,163,11992,0.5783407745820787,0.4216592254179213,0.1968812541694463,
2026-08-08 16:30:06,PAL,Palm Beach,32505,16842,7785,102,962,58196,0.6587026566964557,0.3412973433035443,0.15205512406350952,
2026-08-08 16:30:06,PAS,Pasco,8187,7973,2880,56,320,19416,0.5066212871287129,0.4933787128712871,0.1676967449526164,
2026-08-08 16:30:06,PIN,Pinellas,24694,24645,10499,239,1000,61077,0.5004965645837978,0.4995034354162022,0.19218363704831606,
2026-08-08 16:30:06,POL,Polk,9896,10329,2842,63,358,23488,0.4892954264524103,0.5107045735475896,0.13892200272479563,
2026-08-08 16:30:06,PUT,Putnam,893,1912,151,8,14,2978,0.3183600713012477,0.6816399286987522,0.05809267965077233,
2026-08-08 16:30:06,SAN,Santa Rosa,1332,4195,381,10,55,5973,0.2409987334901393,0.7590012665098607,0.07466934538757743,
2026-08-08 16:30:06,SAR,Sarasota,15583,14471,4811,68,591,35524,0.5185000332734412,0.4814999667265588,0.15398040761175544,
2026-08-08 16:30:06,SEM,Seminole,5477,5173,1852,39,217,12758,0.5142723004694836,0.4857276995305164,0.1652296598212886,
2026-08-08 16:30:06,STJ,St. Johns,3237,3791,682,14,71,7795,0.4605862265224815,0.5394137734775185,0.09839640795381654,
2026-08-08 16:30:06,STL,St. Lucie,5903,5145,1902,35,244,13229,0.5343048515568428,0.4656951484431571,0.1648650691662257,
2026-08-08 16:30:06,SUM,Sumter,4571,7620,1532,30,171,13924,0.374948732671643,0.625051267328357,0.12446136167767882,
2026-08-08 16:30:06,SUW,Suwannee,315,814,32,3,7,1171,0.279007971656333,0.7209920283436669,0.035866780529461996,
2026-08-08 16:30:06,TAY,Taylor,106,217,3,0,3,329,0.3281733746130031,0.6718266253869969,0.0182370820668693,
2026-08-08 16:30:06,UNI,Union,44,160,6,2,2,214,0.2156862745098039,0.7843137254901961,0.04672897196261682,
2026-08-08 16:30:06,VOL,Volusia,11576,13364,5126,97,627,30790,0.4641539695268645,0.5358460304731355,0.18999675219227022,
2026-08-08 16:30:06,WAK,Wakulla,286,522,67,1,13,889,0.3539603960396039,0.6460396039603961,0.09111361079865017,
2026-08-08 16:30:06,WAL,Walton,534,1747,146,7,27,2461,0.2341078474353354,0.7658921525646646,0.07314099959366112,
2026-08-08 16:30:06,WAS,Washington,143,410,20,2,4,579,0.2585895117540687,0.7414104882459313,0.044905008635578586,
2026-08-08 17:30:02,ALA,Alachua,5106,2343,1100,32,115,8696,0.6854611357229158,0.3145388642770841,0.1433992640294388,
2026-08-08 17:30:02,BAK,Baker,143,589,35,3,6,776,0.1953551912568306,0.8046448087431693,0.05670103092783505,
2026-08-08 17:30:02,BAY,Bay,1615,3727,597,16,66,6021,0.3023212280044927,0.6976787719955073,0.11277196478990201,
2026-08-08 17:30:02,BRA,Bradford,174,593,17,0,1,785,0.226857887874837,0.7731421121251629,0.022929936305732482,
2026-08-08 17:30:02,CAL,Calhoun,160,433,19,0,0,612,0.2698145025295109,0.730185497470489,0.03104575163398693,
2026-08-08 17:30:02,CHA,Charlotte,4852,7332,2148,57,320,14709,0.3982271831910702,0.6017728168089297,0.17166360731524916,
2026-08-08 17:30:02,CIT,Citrus,3435,7071,1663,41,234,12444,0.326956025128498,0.673043974871502,0.1557377049180328,
2026-08-08 17:30:02,CLA,Clay,2011,3918,682,17,73,6701,0.3391803002192612,0.6608196997807387,0.11520668556931801,
2026-08-08 17:30:02,CLL,Collier,5482,12687,2539,38,291,21037,0.3017227145137321,0.6982772854862678,0.13633122593525693,
2026-08-08 17:30:02,CLM,Columbia,715,1288,173,8,17,2201,0.3569645531702446,0.6430354468297553,0.08995910949568378,
2026-08-08 17:30:02,DES,DeSoto,209,317,0,0,0,526,0.3973384030418251,0.6026615969581749,0.0,
2026-08-08 17:30:02,DIX,Dixie,130,585,52,2,7,776,0.1818181818181818,0.8181818181818182,0.07860824742268041,
2026-08-08 17:30:02,DUV,Duval,9774,7235,1964,60,207,19240,0.5746369569051678,0.4253630430948321,0.11595634095634096,
2026-08-08 17:30:02,ESC,Escambia,4601,5893,1388,33,180,12095,0.438441013912712,0.5615589860872879,0.13236874741628774,
2026-08-08 17:30:02,FLA,Flagler,2954,3181,959,22,98,7214,0.4814995925020375,0.5185004074979626,0.14957028001108955,
2026-08-08 17:30:02,GAD,Gadsden,1034,222,45,2,2,1305,0.8232484076433121,0.1767515923566879,0.037547892720306515,
2026-08-08 17:30:02,GIL,Gilchrist,154,461,48,2,6,671,0.2504065040650406,0.7495934959349594,0.08345752608047691,
2026-08-08 17:30:02,GLA,Glades,100,275,36,1,5,417,0.2666666666666666,0.7333333333333333,0.10071942446043165,
2026-08-08 17:30:02,GUL,Gulf,141,448,11,1,4,605,0.2393887945670628,0.7606112054329371,0.026446280991735537,
2026-08-08 17:30:02,HAM,Hamilton,141,266,12,1,2,422,0.3464373464373464,0.6535626535626535,0.035545023696682464,
2026-08-08 17:30:02,HAR,Hardee,106,367,19,3,2,497,0.2241014799154334,0.7758985200845666,0.0482897384305835,
2026-08-08 17:30:02,HEN,Hendry,346,773,75,5,8,1207,0.3092046470062556,0.6907953529937444,0.07290803645401822,
2026-08-08 17:30:02,HER,Hernando,3817,4663,1316,37,135,9968,0.4501179245283019,0.5498820754716981,0.1492776886035313,
2026-08-08 17:30:02,HIL,Hillsborough,30613,28826,9862,208,954,70463,0.5150322179040697,0.4849677820959303,0.1564509033109575,
2026-08-08 17:30:02,HOL,Holmes,85,317,15,1,1,419,0.2114427860696517,0.7885572139303483,0.0405727923627685,
2026-08-08 17:30:02,JAC,Jackson,513,906,34,4,3,1460,0.361522198731501,0.638477801268499,0.028082191780821917,
2026-08-08 17:30:02,LEO,Leon,7682,3664,1556,39,153,13094,0.677066807685528,0.322933192314472,0.13349625782801283,
2026-08-08 17:30:02,LEV,Levy,544,1321,138,14,23,2040,0.2916890080428954,0.7083109919571046,0.0857843137254902,
2026-08-08 17:30:02,MAN,Manatee,8054,9886,1191,10,139,19280,0.4489409141583054,0.5510590858416945,0.06950207468879668,
2026-08-08 17:30:02,MRN,Marion,5716,6337,1573,36,240,13902,0.4742387787272878,0.5257612212727122,0.13300244569126746,
2026-08-08 17:30:02,MRT,Martin,2551,3316,768,12,118,6765,0.4348048406340549,0.5651951593659451,0.13274205469327421,
2026-08-08 17:30:02,MON,Monroe,2721,2909,795,24,100,6549,0.483303730017762,0.516696269982238,0.1403267674454115,
2026-08-08 17:30:02,NAS,Nassau,1573,3174,726,19,115,5607,0.3313671792711186,0.6686328207288814,0.1533797039415017,
2026-08-08 17:30:02,OKA,Okaloosa,1320,2840,434,14,50,4658,0.3173076923076923,0.6826923076923077,0.10691283812795191,
2026-08-08 17:30:02,OKE,Okeechobee,261,545,0,0,0,806,0.3238213399503722,0.6761786600496278,0.0,
2026-08-08 17:30:02,ORA,Orange,26642,16500,7805,197,672,51816,0.617542070372259,0.3824579296277409,0.16740003087849312,
2026-08-08 17:30:02,OSC,Osceola,5585,4075,2141,59,163,12023,0.5781573498964804,0.4218426501035197,0.196539965066955,
2026-08-08 17:30:02,PAL,Palm Beach,33313,17376,7938,102,983,59712,0.6572037325652509,0.3427962674347491,0.1511086548767417,
2026-08-08 17:30:02,PAS,Pasco,8199,8027,2882,57,321,19486,0.5053001355848638,0.4946998644151362,0.16729959971261418,
2026-08-08 17:30:02,PIN,Pinellas,24702,24675,10502,239,1000,61118,0.5002734066468194,0.4997265933531806,0.19210379920808926,
2026-08-08 17:30:02,POL,Polk,9911,10372,2849,63,359,23554,0.4886358033821427,0.5113641966178574,0.13887237836460897,
2026-08-08 17:30:02,PUT,Putnam,896,1921,151,8,14,2990,0.3180688675896344,0.6819311324103656,0.05785953177257525,
2026-08-08 17:30:02,SAN,Santa Rosa,1337,4222,381,10,56,6006,0.2405108832523835,0.7594891167476164,0.07442557442557443,
2026-08-08 17:30:02,SAR,Sarasota,15584,14471,4813,68,591,35527,0.5185160539011812,0.4814839460988188,0.15402370028429083,
2026-08-08 17:30:02,SEM,Seminole,5736,5283,1928,40,225,13212,0.5205554043016608,0.4794445956983392,0.16598546775658493,
2026-08-08 17:30:02,STJ,St. Johns,3256,3861,698,15,71,7901,0.4574961360123648,0.5425038639876353,0.09922794582964181,
2026-08-08 17:30:02,STL,St. Lucie,5930,5179,1905,36,245,13295,0.5338014222702313,0.4661985777297686,0.1644227153065062,
2026-08-08 17:30:02,SUM,Sumter,4589,7678,1534,30,172,14003,0.3740930952963234,0.6259069047036765,0.12397343426408627,
2026-08-08 17:30:02,SUW,Suwannee,316,823,32,3,7,1181,0.2774363476733977,0.7225636523266022,0.03556308213378493,
2026-08-08 17:30:02,TAY,Taylor,106,221,3,0,3,333,0.3241590214067278,0.6758409785932722,0.018018018018018018,
2026-08-08 17:30:02,UNI,Union,45,162,6,2,2,217,0.217391304347826,0.782608695652174,0.04608294930875576,
2026-08-08 17:30:02,VOL,Volusia,11600,13434,5135,97,628,30894,0.4633698170488136,0.5366301829511864,0.18968084417686282,
2026-08-08 17:30:02,WAL,Walton,538,1768,147,7,27,2487,0.233304423243712,0.766695576756288,0.072778447929232,
2026-08-08 17:30:02,WAS,Washington,144,414,20,2,4,584,0.2580645161290322,0.7419354838709677,0.04452054794520548,
2026-08-08 18:28:49,ALA,Alachua,5120,2353,1100,32,115,8720,0.6851331459922387,0.3148668540077612,0.14300458715596331,
2026-08-08 18:28:49,BAY,Bay,1627,3767,597,16,66,6073,0.3016314423433444,0.6983685576566555,0.11180635600197596,
2026-08-08 18:28:49,BRA,Bradford,177,595,17,0,1,790,0.2292746113989637,0.7707253886010362,0.02278481012658228,
2026-08-08 18:28:49,CAL,Calhoun,160,436,19,0,0,615,0.2684563758389262,0.7315436241610739,0.030894308943089432,
2026-08-08 18:28:49,CHA,Charlotte,4858,7338,2149,57,320,14722,0.3983273204329288,0.6016726795670712,0.17157994837657928,
2026-08-08 18:28:49,CIT,Citrus,3438,7079,1663,41,235,12456,0.3268993058857088,0.6731006941142912,0.1556679511881824,
2026-08-08 18:28:49,CLA,Clay,2017,3924,682,17,73,6713,0.3395051338158559,0.6604948661841441,0.11500074482347683,
2026-08-08 18:28:49,CLL,Collier,5485,12698,2539,38,291,21051,0.301655392399494,0.698344607600506,0.13624055864329485,
2026-08-08 18:28:49,CLM,Columbia,717,1295,174,8,17,2211,0.3563618290258449,0.6436381709741551,0.09000452284034374,
2026-08-08 18:28:49,DIX,Dixie,132,595,52,2,7,788,0.1815680880330124,0.8184319119669876,0.07741116751269035,
2026-08-08 18:28:49,DUV,Duval,9800,7257,1968,60,207,19292,0.5745441754118543,0.4254558245881456,0.1158511300020734,
2026-08-08 18:28:49,ESC,Escambia,4623,5910,1392,33,180,12138,0.4389062945029906,0.5610937054970094,0.13222936233316857,
2026-08-08 18:28:49,FLA,Flagler,2955,3191,960,22,98,7226,0.4808005206638464,0.5191994793361536,0.1494602823138666,
2026-08-08 18:28:49,GAD,Gadsden,1052,222,45,2,2,1323,0.82574568288854,0.1742543171114599,0.037037037037037035,
2026-08-08 18:28:49,GIL,Gilchrist,155,462,48,2,6,673,0.2512155591572123,0.7487844408427877,0.08320950965824665,
2026-08-08 18:28:49,HAM,Hamilton,141,266,13,1,2,423,0.3464373464373464,0.6535626535626535,0.037825059101654845,
2026-08-08 18:28:49,HEN,Hendry,346,774,75,5,8,1208,0.3089285714285714,0.6910714285714286,0.0728476821192053,
2026-08-08 18:28:49,HER,Hernando,3820,4669,1316,37,135,9977,0.4499941100247379,0.5500058899752621,0.14914302896662324,
2026-08-08 18:28:49,HIL,Hillsborough,30641,28854,9867,208,954,70524,0.5150180687452727,0.4849819312547272,0.15638647836197606,
2026-08-08 18:28:49,JAC,Jackson,515,914,34,4,3,1470,0.3603918824352694,0.6396081175647306,0.027891156462585033,
2026-08-08 18:28:49,LEO,Leon,7732,3673,1566,39,154,13164,0.6779482683033757,0.3220517316966242,0.13362199939228198,
2026-08-08 18:28:49,MAN,Manatee,8059,9896,1193,10,139,19297,0.4488443330548594,0.5511556669451406,0.06954448878063947,
2026-08-08 18:28:49,MRN,Marion,5721,6352,1574,36,240,13923,0.4738673072144455,0.5261326927855545,0.132873662285427,
2026-08-08 18:28:49,MON,Monroe,2727,2913,795,24,100,6559,0.4835106382978723,0.5164893617021277,0.14011282207653605,
2026-08-08 18:28:49,NAS,Nassau,1573,3177,726,19,115,5610,0.3311578947368421,0.6688421052631579,0.1532976827094474,
2026-08-08 18:28:49,OKA,Okaloosa,1332,2879,435,14,50,4710,0.3163144146283543,0.6836855853716457,0.1059447983014862,
2026-08-08 18:28:49,ORA,Orange,26708,16530,7813,197,674,51922,0.6176973958092419,0.3823026041907581,0.16725087631447172,
2026-08-08 18:28:49,OSC,Osceola,5588,4090,2143,59,163,12043,0.5773920231452779,0.422607976854722,0.19637963962467825,
2026-08-08 18:28:49,PAL,Palm Beach,33981,17757,8044,105,994,60881,0.6567899802852836,0.3432100197147164,0.1501782165207536,
2026-08-08 18:28:49,PAS,Pasco,8202,8037,2884,57,321,19501,0.5050803620912617,0.4949196379087382,0.1672734731552228,
2026-08-08 18:28:49,POL,Polk,9917,10381,2849,63,359,23569,0.4885703024928564,0.5114296975071435,0.13878399592685306,
2026-08-08 18:28:49,SAN,Santa Rosa,1340,4223,383,10,56,6012,0.2408772245191443,0.7591227754808556,0.07468396540252828,
2026-08-08 18:28:49,SEM,Seminole,5760,5300,1941,40,226,13267,0.5207956600361664,0.4792043399638336,0.1663526042059245,
2026-08-08 18:28:49,STJ,St. Johns,3262,3876,699,15,74,7926,0.4569907537125245,0.5430092462874755,0.09941963159222811,
2026-08-08 18:28:49,STL,St. Lucie,5935,5192,1907,38,245,13317,0.5333872562236003,0.4666127437763998,0.1644514530299617,
2026-08-08 18:28:49,SUM,Sumter,4589,7686,1536,30,172,14013,0.3738492871690427,0.6261507128309572,0.12402768857489474,
2026-08-08 18:28:49,VOL,Volusia,11605,13448,5137,97,628,30915,0.4632179778868798,0.5367820221131202,0.18961669092673458,
2026-08-08 18:28:49,WAS,Washington,145,419,20,2,4,590,0.2570921985815603,0.7429078014184397,0.04406779661016949,
2026-08-08 19:28:47,BAY,Bay,1631,3781,600,16,66,6094,0.3013673318551367,0.6986326681448632,0.11191335740072202,
2026-08-08 19:28:47,CAL,Calhoun,161,438,20,0,0,619,0.2687813021702838,0.7312186978297162,0.03231017770597738,
2026-08-08 19:28:47,CLL,Collier,5485,12699,2539,38,291,21052,0.3016388033435987,0.6983611966564013,0.13623408702261067,
2026-08-08 19:28:47,ESC,Escambia,4625,5911,1393,33,180,12142,0.4389711465451784,0.5610288534548216,0.1322681601054192,
2026-08-08 19:28:47,GAD,Gadsden,1053,224,45,2,2,1326,0.8245888801879405,0.1754111198120595,0.03695324283559578,
2026-08-08 19:28:47,LAK,Lake,5851,6978,2132,25,210,15196,0.4560760776366045,0.5439239223633955,0.15576467491445117,
2026-08-08 19:28:47,LEO,Leon,7818,3697,1579,39,155,13288,0.6789405123751628,0.3210594876248371,0.13342865743527996,
2026-08-08 19:28:47,OKA,Okaloosa,1334,2895,437,14,51,4731,0.3154410026010877,0.6845589973989122,0.10610864510674275,
2026-08-08 19:28:47,ORA,Orange,26749,16550,7818,197,674,51988,0.617774082542322,0.382225917457678,0.16713472339770716,
2026-08-08 19:28:47,PAL,Palm Beach,34086,17805,8056,105,997,61049,0.6568769150719778,0.3431230849280222,0.15001064718504808,
2026-08-08 19:28:47,SUM,Sumter,4593,7686,1536,30,172,14017,0.3740532616662594,0.6259467383337405,0.12399229507027182,
2026-08-08 19:28:47,WAS,Washington,145,420,20,2,4,591,0.2566371681415929,0.7433628318584071,0.043993231810490696,
2026-08-08 21:44:28,LAK,Lake,5851,6980,2133,25,210,15199,0.4560049879198815,0.5439950120801185,0.15579972366603065,
2026-08-08 21:44:28,LEO,Leon,7960,3768,1600,40,157,13525,0.6787175989085948,0.3212824010914051,0.13286506469500925,
2026-08-08 21:44:28,ORA,Orange,26927,16633,7873,197,676,52306,0.6181588613406795,0.3818411386593204,0.16720835085841013,
2026-08-08 21:44:28,PAL,Palm Beach,34630,17958,8098,105,1000,61791,0.6585152506275196,0.3414847493724804,0.14893754753928565,
2026-08-09 07:28:44,PAL,Palm Beach,34636,17969,8098,105,1001,61809,0.658416500332668,0.341583499667332,0.1489103528612338,
2026-08-09 08:50:32,BAK,Baker,143,590,35,3,6,777,0.1950886766712141,0.8049113233287858,0.05662805662805663,
2026-08-09 08:50:32,BRE,Brevard,11420,13007,3775,79,454,28735,0.4675154542105048,0.5324845457894952,0.1499216982773621,
2026-08-09 08:50:32,CHA,Charlotte,4860,7359,2150,57,320,14746,0.3977412226859808,0.6022587773140191,0.17136850671368506,
2026-08-09 08:50:32,CLM,Columbia,717,1302,174,8,17,2218,0.3551263001485884,0.6448736998514116,0.08972046889089269,
2026-08-09 08:50:32,DES,DeSoto,212,317,0,0,0,529,0.4007561436672968,0.5992438563327032,0.0,
2026-08-09 08:50:32,DIX,Dixie,132,598,52,2,7,791,0.1808219178082191,0.8191780821917808,0.07711757269279393,
2026-08-09 08:50:32,FRA,Franklin,160,227,51,3,14,455,0.4134366925064599,0.58656330749354,0.14945054945054945,
2026-08-09 08:50:32,GAD,Gadsden,1059,226,45,2,2,1334,0.824124513618677,0.1758754863813229,0.03673163418290855,
2026-08-09 08:50:32,GUL,Gulf,143,449,11,1,4,608,0.241554054054054,0.7584459459459459,0.02631578947368421,
2026-08-09 08:50:32,HAR,Hardee,106,371,19,3,2,501,0.2222222222222222,0.7777777777777778,0.04790419161676647,
2026-08-09 08:50:32,HIG,Highlands,1047,2023,408,11,50,3539,0.3410423452768729,0.6589576547231271,0.13252331166996326,
2026-08-09 08:50:32,HOL,Holmes,85,318,15,1,1,420,0.2109181141439206,0.7890818858560794,0.04047619047619048,
2026-08-09 08:50:32,IND,Indian River,3586,5010,1303,34,186,10119,0.4171707771056305,0.5828292228943694,0.15050894357149916,
2026-08-09 08:50:32,JEF,Jefferson,354,359,35,0,8,756,0.4964936886395512,0.5035063113604488,0.056878306878306875,
2026-08-09 08:50:32,LAF,Lafayette,32,141,2,0,0,175,0.1849710982658959,0.815028901734104,0.011428571428571429,
2026-08-09 08:50:32,LEO,Leon,7965,3772,1602,40,157,13536,0.6786231575359972,0.3213768424640027,0.1329048463356974,
2026-08-09 08:50:32,LEV,Levy,544,1323,138,14,23,2042,0.2913765399035886,0.7086234600964113,0.08570029382957885,
2026-08-09 08:50:32,MAD,Madison,210,217,26,3,2,458,0.4918032786885246,0.5081967213114754,0.06768558951965066,
2026-08-09 08:50:32,MAN,Manatee,8064,9910,1193,10,139,19316,0.4486480471792589,0.5513519528207411,0.06947608200455581,
2026-08-09 08:50:32,MRT,Martin,2554,3337,771,12,119,6793,0.4335426922424036,0.5664573077575963,0.1327837479758575,
2026-08-09 08:50:32,DAD,Miami-Dade,41789,30141,15962,123,1053,89068,0.5809676073960796,0.4190323926039205,0.19241478420981722,
2026-08-09 08:50:32,MON,Monroe,2729,2915,795,24,100,6563,0.4835223245924876,0.5164776754075124,0.14002742648179187,
2026-08-09 08:50:32,OKE,Okeechobee,262,545,0,0,0,807,0.3246592317224288,0.6753407682775713,0.0,
2026-08-09 08:50:32,PAL,Palm Beach,34693,18028,8108,105,1002,61936,0.6580489747918287,0.3419510252081713,0.1487826143115474,
2026-08-09 08:50:32,PIN,Pinellas,24709,24687,10505,239,1000,61140,0.5002226900963641,0.4997773099036359,0.19208374223094538,
2026-08-09 08:50:32,PUT,Putnam,900,1926,151,8,14,2999,0.3184713375796178,0.6815286624203821,0.057685895298432814,
2026-08-09 08:50:32,SAR,Sarasota,15598,14493,4818,68,591,35568,0.5183609717191187,0.4816390282808813,0.15398672964462437,
2026-08-09 08:50:32,SEM,Seminole,5761,5301,1941,40,226,13269,0.520791900198879,0.4792080998011209,0.16632753033386088,
2026-08-09 08:50:32,STJ,St. Johns,3267,3879,699,15,74,7934,0.4571788413098236,0.5428211586901763,0.0993193849256365,
2026-08-09 08:50:32,SUM,Sumter,4593,7686,1538,30,172,14019,0.3740532616662594,0.6259467383337405,0.12411726942007276,
2026-08-09 08:50:32,SUW,Suwannee,316,824,32,3,7,1182,0.2771929824561403,0.7228070175438597,0.03553299492385787,
2026-08-09 08:50:32,TAY,Taylor,107,224,3,0,3,337,0.323262839879154,0.676737160120846,0.017804154302670624,
2026-08-09 08:50:32,VOL,Volusia,11635,13496,5144,97,629,31001,0.462974016155346,0.537025983844654,0.1893487306861069,
2026-08-09 08:50:32,WAK,Wakulla,287,533,67,1,13,901,0.35,0.65,0.08990011098779134,
2026-08-09 09:49:51,ALA,Alachua,5145,2359,1102,33,116,8755,0.6856343283582089,0.314365671641791,0.14288977727013136,
2026-08-09 09:49:51,BAK,Baker,143,596,35,3,6,783,0.1935047361299052,0.8064952638700947,0.0561941251596424,
2026-08-09 09:49:51,BRA,Bradford,177,601,17,0,1,796,0.2275064267352185,0.7724935732647815,0.022613065326633167,
2026-08-09 09:49:51,BRE,Brevard,11485,13265,3807,80,457,29094,0.464040404040404,0.535959595959596,0.14930913590431016,
2026-08-09 09:49:51,CHA,Charlotte,4863,7395,2154,57,320,14789,0.3967205090553108,0.6032794909446891,0.17114071269186557,
2026-08-09 09:49:51,CLM,Columbia,717,1311,174,8,17,2227,0.3535502958579881,0.6464497041420119,0.08935788055680287,
2026-08-09 09:49:51,DES,DeSoto,214,317,0,0,0,531,0.4030131826741996,0.5969868173258004,0.0,
2026-08-09 09:49:51,DIX,Dixie,132,607,52,2,7,800,0.1786197564276048,0.8213802435723951,0.07625,
2026-08-09 09:49:51,ESC,Escambia,4642,5927,1394,33,182,12178,0.4392090074746901,0.5607909925253098,0.13212350139595994,
2026-08-09 09:49:51,FRA,Franklin,160,228,51,3,14,456,0.4123711340206185,0.5876288659793815,0.14912280701754385,
2026-08-09 09:49:51,GAD,Gadsden,1063,228,45,2,2,1340,0.8233927188226181,0.1766072811773818,0.03656716417910448,
2026-08-09 09:49:51,GIL,Gilchrist,157,471,48,2,6,684,0.25,0.75,0.08187134502923976,
2026-08-09 09:49:51,GLA,Glades,100,277,36,1,5,419,0.2652519893899204,0.7347480106100795,0.10023866348448687,
2026-08-09 09:49:51,GUL,Gulf,143,451,11,1,4,610,0.2407407407407407,0.7592592592592593,0.02622950819672131,
2026-08-09 09:49:51,HAM,Hamilton,143,270,13,1,2,429,0.3462469733656174,0.6537530266343826,0.037296037296037296,
2026-08-09 09:49:51,HAR,Hardee,106,375,19,3,2,505,0.2203742203742204,0.7796257796257796,0.047524752475247525,
2026-08-09 09:49:51,HEN,Hendry,346,775,75,5,8,1209,0.3086529884032114,0.6913470115967886,0.07278742762613731,
2026-08-09 09:49:51,HER,Hernando,3823,4704,1318,37,135,10017,0.4483405652632813,0.5516594347367186,0.14874712987920535,
2026-08-09 09:49:51,HIG,Highlands,1048,2036,408,11,50,3553,0.3398184176394293,0.6601815823605707,0.13200112580917533,
2026-08-09 09:49:51,HIL,Hillsborough,30729,28884,9887,208,954,70662,0.5154748125408888,0.4845251874591113,0.15636409951600577,
2026-08-09 09:49:51,HOL,Holmes,85,324,15,2,1,427,0.2078239608801956,0.7921760391198044,0.04215456674473068,
2026-08-09 09:49:51,IND,Indian River,3589,5035,1303,34,186,10147,0.4161641929499072,0.5838358070500927,0.15009362373115206,
2026-08-09 09:49:51,JAC,Jackson,544,942,34,4,3,1527,0.3660834454912516,0.6339165545087483,0.026850032743942372,
2026-08-09 09:49:51,JEF,Jefferson,354,360,35,0,8,757,0.4957983193277311,0.5042016806722689,0.05680317040951123,
2026-08-09 09:49:51,LAK,Lake,5851,6982,2133,25,210,15201,0.4559339203615678,0.5440660796384321,0.1557792250509835,
2026-08-09 09:49:51,LEO,Leon,7973,3775,1605,40,157,13550,0.678668709567586,0.321331290432414,0.1329889298892989,
2026-08-09 09:49:51,LEV,Levy,549,1326,138,14,23,2050,0.2928,0.7072,0.08536585365853659,
2026-08-09 09:49:51,LIB,Liberty,37,140,6,0,0,183,0.2090395480225988,0.7909604519774012,0.03278688524590164,
2026-08-09 09:49:51,MAD,Madison,213,220,26,3,2,464,0.4919168591224018,0.5080831408775982,0.0668103448275862,
2026-08-09 09:49:51,MAN,Manatee,8070,9935,1194,10,139,19348,0.448208830880311,0.551791169119689,0.0694128592102543,
2026-08-09 09:49:51,MRT,Martin,2563,3366,771,12,119,6831,0.4322820037105751,0.5677179962894249,0.1320450885668277,
2026-08-09 09:49:51,DAD,Miami-Dade,41885,30227,15984,123,1053,89272,0.5808325937430664,0.4191674062569336,0.19222152522627475,
2026-08-09 09:49:51,MON,Monroe,2730,2924,797,24,100,6575,0.4828440042447824,0.5171559957552175,0.14007604562737644,
2026-08-09 09:49:51,NAS,Nassau,1576,3199,727,19,116,5637,0.3300523560209424,0.6699476439790576,0.15291821891076815,
2026-08-09 09:49:51,OKE,Okeechobee,264,551,0,0,0,815,0.3239263803680982,0.6760736196319018,0.0,
2026-08-09 09:49:51,ORA,Orange,27006,16677,7886,197,677,52443,0.6182267701394135,0.3817732298605865,0.16703849894170814,
2026-08-09 09:49:51,OSC,Osceola,5602,4116,2145,59,163,12085,0.5764560609178844,0.4235439390821157,0.1958626396359123,
2026-08-09 09:49:51,PAL,Palm Beach,34775,18127,8118,105,1004,62129,0.6573475482968508,0.3426524517031492,0.14851357659064204,
2026-08-09 09:49:51,PAS,Pasco,8209,8039,2884,57,321,19510,0.5052314130969966,0.4947685869030034,0.16719630958482828,
2026-08-09 09:49:51,PIN,Pinellas,24731,24709,10505,239,1001,61185,0.5002224919093851,0.4997775080906149,0.19195881343466537,
2026-08-09 09:49:51,POL,Polk,9928,10422,2853,63,359,23625,0.4878624078624078,0.5121375921375921,0.13862433862433862,
2026-08-09 09:49:51,PUT,Putnam,901,1930,151,8,14,3004,0.3182620981985164,0.6817379018014835,0.05758988015978695,
2026-08-09 09:49:51,SAN,Santa Rosa,1348,4250,386,10,56,6050,0.2408002858163629,0.759199714183637,0.07471074380165289,
2026-08-09 09:49:51,SAR,Sarasota,15632,14551,4824,68,593,35668,0.51790743133552,0.48209256866448,0.15377929797016934,
2026-08-09 09:49:51,SEM,Seminole,5783,5451,1942,40,226,13442,0.5147765711233755,0.4852234288766245,0.16426127064424936,
2026-08-09 09:49:51,STJ,St. Johns,3296,3967,702,16,74,8055,0.4538069668181192,0.5461930331818807,0.09832402234636871,
2026-08-09 09:49:51,SUW,Suwannee,322,828,32,3,7,1192,0.28,0.72,0.03523489932885906,
2026-08-09 09:49:51,TAY,Taylor,107,225,3,0,3,338,0.322289156626506,0.677710843373494,0.01775147928994083,
2026-08-09 09:49:51,VOL,Volusia,11673,13559,5151,98,632,31113,0.4626268230818008,0.5373731769181991,0.18902066660238487,
2026-08-09 09:49:51,WAK,Wakulla,289,546,67,1,13,916,0.3461077844311377,0.6538922155688622,0.08842794759825327,
2026-08-09 10:34:30,ALA,Alachua,5178,2362,1105,33,117,8795,0.686737400530504,0.313262599469496,0.1426947129050597,
2026-08-09 10:34:30,BAK,Baker,146,604,35,3,6,794,0.1946666666666666,0.8053333333333333,0.055415617128463476,
2026-08-09 10:34:30,BRE,Brevard,11530,13381,3816,80,457,29264,0.4628477379470916,0.5371522620529083,0.14874931656642976,
2026-08-09 10:34:30,CHA,Charlotte,4874,7457,2157,57,320,14865,0.3952639688589733,0.6047360311410267,0.17046754120417087,
2026-08-09 10:34:30,CIT,Citrus,3451,7126,1668,41,236,12522,0.3262739907346128,0.6737260092653872,0.15532662513975404,
2026-08-09 10:34:30,CLA,Clay,2023,4006,687,17,73,6806,0.3355448664786863,0.6644551335213137,0.11416397296503085,
2026-08-09 10:34:30,CLL,Collier,5497,12773,2542,38,291,21141,0.3008757525998905,0.6991242474001095,0.13580246913580246,
2026-08-09 10:34:30,CLM,Columbia,719,1320,174,8,17,2238,0.3526238352133399,0.6473761647866602,0.08891867739052725,
2026-08-09 10:34:30,DES,DeSoto,215,323,0,0,0,538,0.3996282527881041,0.6003717472118959,0.0,
2026-08-09 10:34:30,DIX,Dixie,135,616,53,2,7,813,0.1797603195739014,0.8202396804260985,0.07626076260762607,
2026-08-09 10:34:30,DUV,Duval,9894,7351,1982,62,208,19497,0.5737315163815598,0.4262684836184401,0.11550494947940709,
2026-08-09 10:34:30,ESC,Escambia,4650,5955,1396,33,182,12216,0.4384724186704384,0.5615275813295615,0.1318762278978389,
2026-08-09 10:34:30,FLA,Flagler,2974,3233,965,22,98,7292,0.4791364588367972,0.5208635411632029,0.14879319802523314,
2026-08-09 10:34:30,FRA,Franklin,160,229,51,3,14,457,0.4113110539845758,0.5886889460154242,0.1487964989059081,
2026-08-09 10:34:30,GAD,Gadsden,1067,229,45,2,2,1345,0.8233024691358025,0.1766975308641975,0.036431226765799254,
2026-08-09 10:34:30,GIL,Gilchrist,158,478,48,2,6,692,0.2484276729559748,0.7515723270440252,0.08092485549132948,
2026-08-09 10:34:30,GLA,Glades,101,278,36,1,5,421,0.2664907651715039,0.7335092348284961,0.0997624703087886,
2026-08-09 10:34:30,HAM,Hamilton,146,272,13,1,2,434,0.3492822966507177,0.6507177033492823,0.03686635944700461,
2026-08-09 10:34:30,HAR,Hardee,108,376,19,3,2,508,0.2231404958677686,0.7768595041322314,0.047244094488188976,
2026-08-09 10:34:30,HEN,Hendry,347,777,75,5,8,1212,0.3087188612099644,0.6912811387900356,0.07260726072607261,
2026-08-09 10:34:30,HER,Hernando,3829,4730,1323,37,135,10054,0.4473653464189742,0.5526346535810258,0.1486970360055699,
2026-08-09 10:34:30,HIG,Highlands,1051,2050,408,11,50,3570,0.3389229280877136,0.6610770719122864,0.13137254901960785,
2026-08-09 10:34:30,HIL,Hillsborough,30914,29045,9921,210,958,71048,0.5155856501942995,0.4844143498057006,0.15607758135345118,
2026-08-09 10:34:30,HOL,Holmes,85,331,15,2,1,434,0.204326923076923,0.7956730769230769,0.041474654377880185,
2026-08-09 10:34:30,IND,Indian River,3600,5065,1304,34,187,10190,0.4154645124062319,0.584535487593768,0.14965652600588814,
2026-08-09 10:34:30,JAC,Jackson,560,963,34,4,3,1564,0.3676953381483913,0.6323046618516087,0.026214833759590793,
2026-08-09 10:34:30,JEF,Jefferson,355,362,35,0,8,760,0.4951185495118549,0.504881450488145,0.056578947368421055,
2026-08-09 10:34:30,LAF,Lafayette,32,143,2,0,0,177,0.1828571428571428,0.8171428571428572,0.011299435028248588,
2026-08-09 10:34:30,LAK,Lake,5907,7046,2151,25,214,15343,0.4560333513471782,0.5439666486528217,0.15577136153294663,
2026-08-09 10:34:30,LEE,Lee,16291,26762,8079,135,855,52122,0.3783940724223631,0.6216059275776369,0.17399562564751928,
2026-08-09 10:34:30,LEO,Leon,8029,3798,1611,41,157,13636,0.6788703813308531,0.3211296186691468,0.13266353769433853,
2026-08-09 10:34:30,LEV,Levy,549,1328,138,14,23,2052,0.2924880127863612,0.7075119872136388,0.08528265107212475,
2026-08-09 10:34:30,LIB,Liberty,39,142,6,0,0,187,0.2154696132596685,0.7845303867403315,0.03208556149732621,
2026-08-09 10:34:30,MAD,Madison,213,222,26,3,2,466,0.4896551724137931,0.5103448275862069,0.06652360515021459,
2026-08-09 10:34:30,MAN,Manatee,8087,10005,1194,10,139,19435,0.4469931461419412,0.5530068538580588,0.06910213532287111,
2026-08-09 10:34:30,MRN,Marion,5756,6421,1575,36,241,14029,0.4726944239139361,0.5273055760860639,0.13201226031791288,
2026-08-09 10:34:30,MRT,Martin,2572,3392,773,12,119,6868,0.4312541918175721,0.5687458081824279,0.13162492719860222,
2026-08-09 10:34:30,DAD,Miami-Dade,41992,30297,16004,124,1053,89470,0.5808905919296159,0.4191094080703841,0.19203084832904885,
2026-08-09 10:34:30,MON,Monroe,2732,2931,797,24,100,6584,0.4824298075225146,0.5175701924774855,0.13988456865127583,
2026-08-09 10:34:30,NAS,Nassau,1578,3212,729,19,116,5654,0.3294363256784968,0.6705636743215031,0.1528121683763707,
2026-08-09 10:34:30,OKA,Okaloosa,1334,2896,437,14,51,4732,0.3153664302600473,0.6846335697399527,0.10608622147083685,
2026-08-09 10:34:30,OKE,Okeechobee,264,553,0,0,0,817,0.3231334149326805,0.6768665850673194,0.0,
2026-08-09 10:34:30,ORA,Orange,27075,16716,7903,197,677,52568,0.6182777283003357,0.3817222716996643,0.1669646933495663,
2026-08-09 10:34:30,OSC,Osceola,5620,4142,2147,60,163,12132,0.5757017004712149,0.424298299528785,0.195351137487636,
2026-08-09 10:34:30,PAL,Palm Beach,34877,18218,8130,105,1010,62340,0.6568791788303984,0.3431208211696016,0.1482996470965672,
2026-08-09 10:34:30,PAS,Pasco,8237,8118,2889,57,321,19622,0.5036380311831244,0.4963619688168755,0.16649678931811232,
2026-08-09 10:34:30,PIN,Pinellas,24826,25447,10510,239,1002,62024,0.4938237224752849,0.5061762775247151,0.18945891912807944,
2026-08-09 10:34:30,POL,Polk,9944,10456,2857,63,359,23679,0.4874509803921568,0.5125490196078432,0.1384771316356265,
2026-08-09 10:34:30,PUT,Putnam,901,1933,151,8,14,3007,0.317925194071983,0.682074805928017,0.057532424343199204,
2026-08-09 10:34:30,SAN,Santa Rosa,1351,4257,386,10,56,6060,0.2409058487874465,0.7590941512125535,0.0745874587458746,
2026-08-09 10:34:30,SAR,Sarasota,15661,14612,4834,68,593,35768,0.5173256697387111,0.4826743302612889,0.15362894207112504,
2026-08-09 10:34:30,SEM,Seminole,6030,5572,1951,40,228,13821,0.5197379762109982,0.4802620237890019,0.16055278199840822,
2026-08-09 10:34:30,STJ,St. Johns,3327,4030,703,16,74,8150,0.452222373249966,0.5477776267500339,0.09730061349693252,
2026-08-09 10:34:30,STL,St. Lucie,5987,5268,1925,38,249,13467,0.5319413593958241,0.4680586406041759,0.1642533600653449,
2026-08-09 10:34:30,SUM,Sumter,4613,7750,1539,30,172,14104,0.3731294993124646,0.6268705006875354,0.12344015882019285,
2026-08-09 10:34:30,SUW,Suwannee,324,830,32,3,7,1196,0.2807625649913345,0.7192374350086655,0.03511705685618729,
2026-08-09 10:34:30,TAY,Taylor,107,230,3,0,3,343,0.3175074183976261,0.6824925816023739,0.01749271137026239,
2026-08-09 10:34:30,UNI,Union,45,166,6,2,2,221,0.2132701421800948,0.7867298578199052,0.04524886877828054,
2026-08-09 10:34:30,VOL,Volusia,11705,13628,5165,98,633,31229,0.4620455532309636,0.5379544467690365,0.1887988728425502,
2026-08-09 10:34:30,WAK,Wakulla,301,553,69,1,13,937,0.3524590163934426,0.6475409836065574,0.08858057630736393,
2026-08-09 10:34:30,WAS,Washington,147,429,20,3,4,603,0.2552083333333333,0.7447916666666666,0.04477611940298507,
2026-08-09 11:31:54,ALA,Alachua,5482,2448,1143,34,121,9228,0.6912988650693569,0.3087011349306431,0.14065886432596444,
2026-08-09 11:31:54,BAK,Baker,146,621,35,3,6,811,0.1903520208604954,0.8096479791395046,0.05425400739827373,
2026-08-09 11:31:54,BAY,Bay,1642,3820,603,16,66,6147,0.3006224826071036,0.6993775173928963,0.11143647307629738,
2026-08-09 11:31:54,BRE,Brevard,11609,13543,3837,83,458,29530,0.4615537531806615,0.5384462468193384,0.14825601083643752,
2026-08-09 11:31:54,CAL,Calhoun,161,440,20,0,0,621,0.2678868552412645,0.7321131447587355,0.0322061191626409,
2026-08-09 11:31:54,CHA,Charlotte,4886,7518,2160,57,321,14942,0.3939051918735892,0.6060948081264108,0.169856779547584,
2026-08-09 11:31:54,CIT,Citrus,3465,7187,1675,41,237,12605,0.3252910251595944,0.6747089748404056,0.15493851646172155,
2026-08-09 11:31:54,CLA,Clay,2043,4104,698,17,74,6936,0.3323572474377745,0.6676427525622255,0.11375432525951557,
2026-08-09 11:31:54,CLL,Collier,5517,12867,2545,38,291,21258,0.300097911227154,0.699902088772846,0.13519616144510302,
2026-08-09 11:31:54,CLM,Columbia,724,1347,177,8,17,2273,0.349589570255915,0.650410429744085,0.08886933567971843,
2026-08-09 11:31:54,DES,DeSoto,219,323,0,0,0,542,0.4040590405904059,0.5959409594095941,0.0,
2026-08-09 11:31:54,DIX,Dixie,138,627,54,2,7,828,0.1803921568627451,0.8196078431372549,0.07608695652173914,
2026-08-09 11:31:54,DUV,Duval,10059,7513,1997,62,211,19842,0.5724447985431368,0.4275552014568632,0.11440378994053019,
2026-08-09 11:31:54,ESC,Escambia,4665,5993,1399,33,182,12272,0.4376993807468568,0.5623006192531432,0.13151890482398956,
2026-08-09 11:31:54,FLA,Flagler,2989,3280,968,22,99,7358,0.4767905567076089,0.5232094432923912,0.1480021745039413,
2026-08-09 11:31:54,FRA,Franklin,161,231,51,3,14,460,0.4107142857142857,0.5892857142857143,0.14782608695652175,
2026-08-09 11:31:54,GAD,Gadsden,1075,231,46,2,2,1356,0.8231240428790199,0.1768759571209801,0.03687315634218289,
2026-08-09 11:31:54,GIL,Gilchrist,158,490,48,2,6,704,0.2438271604938271,0.7561728395061729,0.07954545454545454,
2026-08-09 11:31:54,GLA,Glades,102,282,36,1,5,426,0.265625,0.734375,0.09859154929577464,
2026-08-09 11:31:54,GUL,Gulf,144,457,11,1,4,617,0.2396006655574043,0.7603993344425957,0.02593192868719611,
2026-08-09 11:31:54,HAM,Hamilton,147,273,13,1,2,436,0.35,0.65,0.03669724770642202,
2026-08-09 11:31:54,HAR,Hardee,109,377,19,3,2,510,0.2242798353909465,0.7757201646090535,0.047058823529411764,
2026-08-09 11:31:54,HEN,Hendry,349,782,76,5,8,1220,0.308576480990274,0.6914235190097259,0.07295081967213114,
2026-08-09 11:31:54,HER,Hernando,3848,4789,1328,37,135,10137,0.4455250665740419,0.5544749334259581,0.1479727730097662,
2026-08-09 11:31:54,HIG,Highlands,1052,2066,410,11,50,3589,0.3373957665169981,0.6626042334830019,0.13123432711061578,
2026-08-09 11:31:54,HIL,Hillsborough,31027,29178,9943,212,959,71319,0.5153558674528693,0.4846441325471306,0.1558350509681852,
2026-08-09 11:31:54,HOL,Holmes,89,345,15,2,1,452,0.2050691244239631,0.7949308755760369,0.03982300884955752,
2026-08-09 11:31:54,IND,Indian River,3609,5120,1306,34,187,10256,0.4134494214686676,0.5865505785313323,0.14888845553822153,
2026-08-09 11:31:54,JAC,Jackson,562,973,34,4,3,1576,0.3661237785016286,0.6338762214983713,0.02601522842639594,
2026-08-09 11:31:54,JEF,Jefferson,359,364,35,0,8,766,0.4965421853388658,0.5034578146611342,0.05613577023498695,
2026-08-09 11:31:54,LAF,Lafayette,32,146,2,0,0,180,0.1797752808988764,0.8202247191011236,0.011111111111111112,
2026-08-09 11:31:54,LAK,Lake,5962,7112,2169,25,216,15484,0.4560195808474835,0.5439804191525165,0.15564453629553088,
2026-08-09 11:31:54,LEE,Lee,16336,26926,8092,136,855,52345,0.3776062133049789,0.622393786695021,0.17352182634444552,
2026-08-09 11:31:54,LEO,Leon,8080,3843,1618,41,159,13741,0.677681791495429,0.322318208504571,0.13230478131140383,
2026-08-09 11:31:54,LEV,Levy,550,1334,138,14,23,2059,0.291932059447983,0.7080679405520169,0.08499271491015056,
2026-08-09 11:31:54,LIB,Liberty,39,145,6,0,0,190,0.2119565217391304,0.7880434782608695,0.031578947368421054,
2026-08-09 11:31:54,MAD,Madison,215,229,26,3,2,475,0.4842342342342342,0.5157657657657657,0.06526315789473684,
2026-08-09 11:31:54,MAN,Manatee,8103,10050,1194,10,139,19496,0.4463725004131548,0.5536274995868451,0.06888592531801395,
2026-08-09 11:31:54,MRN,Marion,5853,6537,1589,36,243,14258,0.4723970944309927,0.5276029055690072,0.13101416748492076,
2026-08-09 11:31:54,MRT,Martin,2611,3458,786,12,119,6986,0.4302191464821223,0.5697808535178778,0.1312625250501002,
2026-08-09 11:31:54,DAD,Miami-Dade,42154,30493,16032,126,1055,89860,0.5802579597230443,0.4197420402769556,0.19155352770977074,
2026-08-09 11:31:54,MON,Monroe,2739,2934,802,24,100,6599,0.4828133262823902,0.5171866737176097,0.14032429155932716,
2026-08-09 11:31:54,NAS,Nassau,1586,3256,730,19,116,5707,0.3275505989260636,0.6724494010739364,0.15156824951813563,
2026-08-09 11:31:54,OKA,Okaloosa,1338,2946,439,14,51,4788,0.3123249299719888,0.6876750700280112,0.10526315789473684,
2026-08-09 11:31:54,OKE,Okeechobee,271,563,0,0,0,834,0.3249400479616307,0.6750599520383693,0.0,
2026-08-09 11:31:54,ORA,Orange,27257,16791,7935,198,679,52860,0.6188022157646205,0.3811977842353796,0.16670450245932653,
2026-08-09 11:31:54,OSC,Osceola,5638,4170,2157,60,163,12188,0.5748368678629691,0.425163132137031,0.195274040039383,
2026-08-09 11:31:54,PAL,Palm Beach,35115,18409,8162,105,1012,62803,0.6560608325237277,0.3439391674762723,0.1477477190580068,
2026-08-09 11:31:54,PAS,Pasco,8284,8233,2900,57,323,19797,0.5015438638978023,0.4984561361021977,0.16568166893973835,
2026-08-09 11:31:54,PIN,Pinellas,25605,25488,10750,242,1026,63111,0.5011449709353532,0.4988550290646468,0.19042639159575986,
2026-08-09 11:31:54,POL,Polk,9974,10499,2860,63,362,23758,0.4871782347482049,0.512821765251795,0.13826921458035188,
2026-08-09 11:31:54,PUT,Putnam,902,1944,151,8,14,3019,0.3169360505973296,0.6830639494026705,0.05730374296124544,
2026-08-09 11:31:54,SAN,Santa Rosa,1353,4276,386,10,56,6081,0.2403624089536329,0.7596375910463671,0.07432987995395494,
2026-08-09 11:31:54,SAR,Sarasota,15692,14708,4849,69,593,35911,0.5161842105263158,0.4838157894736842,0.1534627272980424,
2026-08-09 11:31:54,SEM,Seminole,6269,5645,2066,41,242,14263,0.5261876783615914,0.4738123216384086,0.16469186005749142,
2026-08-09 11:31:54,STJ,St. Johns,3365,4151,712,17,75,8320,0.4477115486961149,0.552288451303885,0.09663461538461539,
2026-08-09 11:31:54,STL,St. Lucie,6049,5382,1940,38,250,13659,0.5291750503018109,0.4708249496981891,0.16311589428215828,
2026-08-09 11:31:54,SUM,Sumter,4625,7848,1545,30,172,14220,0.370800930008819,0.6291990699911809,0.12285513361462728,
2026-08-09 11:31:54,SUW,Suwannee,325,841,32,3,7,1208,0.2787307032590051,0.7212692967409948,0.0347682119205298,
2026-08-09 11:31:54,TAY,Taylor,109,234,3,0,3,349,0.3177842565597668,0.6822157434402333,0.017191977077363897,
2026-08-09 11:31:54,UNI,Union,45,170,6,2,2,225,0.2093023255813953,0.7906976744186046,0.044444444444444446,
2026-08-09 11:31:54,VOL,Volusia,11749,13705,5183,98,634,31369,0.461577748094602,0.5384222519053979,0.18856195607128057,
2026-08-09 11:31:54,WAK,Wakulla,303,563,69,1,13,949,0.3498845265588914,0.6501154734411085,0.0874604847207587,
2026-08-09 11:31:54,WAS,Washington,149,443,20,3,4,619,0.2516891891891892,0.7483108108108109,0.04361873990306947,
2026-08-09 12:34:51,ALA,Alachua,5526,2472,1149,34,121,9302,0.6909227306826706,0.3090772693173293,0.14018490647172652,
2026-08-09 12:34:51,BAK,Baker,149,647,37,3,6,842,0.1871859296482412,0.8128140703517588,0.05463182897862233,
2026-08-09 12:34:51,BAY,Bay,1652,3881,608,16,66,6223,0.2985722031447677,0.7014277968552323,0.11087899726819862,
2026-08-09 12:34:51,BRA,Bradford,177,603,17,0,1,798,0.2269230769230769,0.7730769230769231,0.022556390977443608,
2026-08-09 12:34:51,BRE,Brevard,11689,13760,3857,84,458,29848,0.4593107784195843,0.5406892215804158,0.14738005896542483,
2026-08-09 12:34:51,CAL,Calhoun,161,442,20,0,0,623,0.2669983416252073,0.7330016583747927,0.03210272873194221,
2026-08-09 12:34:51,CHA,Charlotte,4894,7574,2162,57,322,15009,0.3925248636509464,0.6074751363490536,0.16929842094743155,
2026-08-09 12:34:51,CIT,Citrus,3480,7240,1680,41,238,12679,0.3246268656716418,0.6753731343283582,0.15450745326918527,
2026-08-09 12:34:51,CLA,Clay,2064,4174,703,17,76,7034,0.3308752805386342,0.6691247194613659,0.11316462894512369,
2026-08-09 12:34:51,CLL,Collier,5539,12968,2553,38,291,21389,0.2992921597233479,0.7007078402766521,0.13474215718359905,
2026-08-09 12:34:51,CLM,Columbia,731,1392,180,8,17,2328,0.3443240697126707,0.6556759302873293,0.08805841924398626,
2026-08-09 12:34:51,DES,DeSoto,219,333,0,0,0,552,0.3967391304347826,0.6032608695652174,0.0,
2026-08-09 12:34:51,DIX,Dixie,142,653,54,2,7,858,0.1786163522012578,0.8213836477987422,0.07342657342657342,
2026-08-09 12:34:51,DUV,Duval,10372,7689,2031,65,212,20369,0.5742760644482586,0.4257239355517413,0.11330944081692769,
2026-08-09 12:34:51,ESC,Escambia,4720,6068,1412,33,183,12416,0.4375231738969225,0.5624768261030775,0.13112113402061856,
2026-08-09 12:34:51,FLA,Flagler,3009,3355,973,22,100,7459,0.4728158390949089,0.5271841609050911,0.14680252044509987,
2026-08-09 12:34:51,FRA,Franklin,161,231,51,3,15,461,0.4107142857142857,0.5892857142857143,0.14967462039045554,
2026-08-09 12:34:51,GAD,Gadsden,1082,232,46,2,2,1364,0.8234398782343988,0.1765601217656012,0.036656891495601175,
2026-08-09 12:34:51,GIL,Gilchrist,159,510,48,2,6,725,0.2376681614349775,0.7623318385650224,0.07724137931034483,
2026-08-09 12:34:51,GLA,Glades,102,288,36,1,5,432,0.2615384615384615,0.7384615384615385,0.09722222222222222,
2026-08-09 12:34:51,GUL,Gulf,147,463,13,1,5,629,0.240983606557377,0.759016393442623,0.030206677265500796,
2026-08-09 12:34:51,HAM,Hamilton,147,274,13,1,2,437,0.3491686460807601,0.6508313539192399,0.036613272311212815,
2026-08-09 12:34:51,HAR,Hardee,109,379,19,3,2,512,0.2233606557377049,0.7766393442622951,0.046875,
2026-08-09 12:34:51,HEN,Hendry,349,788,76,5,8,1226,0.306948109058927,0.693051890941073,0.07259380097879282,
2026-08-09 12:34:51,HER,Hernando,3860,4842,1331,39,137,10209,0.4435761893817513,0.5564238106182486,0.14761484964247232,
2026-08-09 12:34:51,HIG,Highlands,1052,2088,413,11,50,3614,0.3350318471337579,0.664968152866242,0.13115661317100166,
2026-08-09 12:34:51,HIL,Hillsborough,31123,29288,9967,213,962,71553,0.5151876313916339,0.484812368608366,0.15571674143641775,
2026-08-09 12:34:51,HOL,Holmes,91,351,15,2,1,460,0.2058823529411764,0.7941176470588235,0.0391304347826087,
2026-08-09 12:34:51,IND,Indian River,3624,5162,1308,34,187,10315,0.4124743910767129,0.5875256089232871,0.1482307319437712,
2026-08-09 12:34:51,JAC,Jackson,565,975,34,4,3,1581,0.3668831168831168,0.6331168831168831,0.025932953826691967,
2026-08-09 12:34:51,JEF,Jefferson,360,368,35,0,8,771,0.4945054945054945,0.5054945054945055,0.055771725032425425,
2026-08-09 12:34:51,LAF,Lafayette,32,156,2,0,0,190,0.1702127659574468,0.8297872340425532,0.010526315789473684,
2026-08-09 12:34:51,LAK,Lake,6004,7167,2185,26,216,15598,0.4558499734264672,0.5441500265735327,0.15559687139376843,
2026-08-09 12:34:51,LEE,Lee,16359,27063,8104,136,857,52519,0.376744507392566,0.6232554926074341,0.1732135036843809,
2026-08-09 12:34:51,LEO,Leon,8184,3911,1630,41,161,13927,0.6766432410086812,0.3233567589913187,0.13154304588209953,
2026-08-09 12:34:51,LEV,Levy,550,1340,138,14,23,2065,0.291005291005291,0.708994708994709,0.0847457627118644,
2026-08-09 12:34:51,LIB,Liberty,39,156,7,0,0,202,0.2,0.8,0.034653465346534656,
2026-08-09 12:34:51,MAD,Madison,218,241,26,3,2,490,0.4749455337690632,0.5250544662309368,0.06326530612244897,
2026-08-09 12:34:51,MAN,Manatee,8163,10162,1199,10,139,19673,0.4454570259208731,0.5545429740791269,0.0685203070197733,
2026-08-09 12:34:51,MRN,Marion,5889,6625,1593,36,243,14386,0.4705929359117788,0.5294070640882212,0.13012651188655638,
2026-08-09 12:34:51,MRT,Martin,2619,3507,787,12,120,7045,0.4275220372184133,0.5724779627815867,0.1304471256210078,
2026-08-09 12:34:51,DAD,Miami-Dade,42402,30711,16080,126,1058,90377,0.5799515817980386,0.4200484182019613,0.19102205207077022,
2026-08-09 12:34:51,MON,Monroe,2742,2942,802,24,100,6610,0.4824067558057706,0.5175932441942294,0.1400907715582451,
2026-08-09 12:34:51,NAS,Nassau,1599,3304,734,20,117,5774,0.3261268611054456,0.6738731388945544,0.15084863179771388,
2026-08-09 12:34:51,OKA,Okaloosa,1356,3014,442,15,52,4879,0.3102974828375286,0.6897025171624714,0.10432465669194507,
2026-08-09 12:34:51,OKE,Okeechobee,272,577,0,0,0,849,0.32037691401649,0.6796230859835101,0.0,
2026-08-09 12:34:51,ORA,Orange,27408,16894,7974,198,681,53155,0.6186628143198952,0.3813371856801047,0.16655065374847144,
2026-08-09 12:34:51,OSC,Osceola,5668,4214,2163,60,165,12270,0.5735681036227485,0.4264318963772516,0.19462102689486552,
2026-08-09 12:34:51,PAL,Palm Beach,35372,18635,8196,105,1016,63324,0.6549521358342437,0.3450478641657563,0.14713220895710946,
2026-08-09 12:34:51,PAS,Pasco,8329,8341,2906,57,327,19960,0.4996400719856029,0.5003599280143971,0.16482965931863727,
2026-08-09 12:34:51,PIN,Pinellas,25659,25544,10760,244,1026,63233,0.5011229810753276,0.4988770189246724,0.19024876251324466,
2026-08-09 12:34:51,POL,Polk,10036,10543,2870,63,362,23874,0.4876816171825647,0.5123183828174352,0.13801625198961212,
2026-08-09 12:34:51,PUT,Putnam,913,1953,151,8,14,3039,0.3185624563852058,0.6814375436147941,0.05692662059888121,
2026-08-09 12:34:51,SAN,Santa Rosa,1355,4284,388,10,56,6093,0.2402908317077496,0.7597091682922504,0.07451173477761365,
2026-08-09 12:34:51,SAR,Sarasota,15725,14826,4864,69,595,36079,0.5147131026807633,0.4852868973192367,0.15321932426065024,
2026-08-09 12:34:51,SEM,Seminole,6354,5717,2085,42,242,14440,0.5263855521497804,0.4736144478502195,0.16405817174515236,
2026-08-09 12:34:51,STJ,St. Johns,3421,4304,721,17,75,8538,0.4428478964401294,0.5571521035598705,0.09522136331693605,
2026-08-09 12:34:51,STL,St. Lucie,6122,5509,1963,38,254,13886,0.5263519903705615,0.4736480096294386,0.16239377790580442,
2026-08-09 12:34:51,SUM,Sumter,4656,8010,1551,30,172,14419,0.3675982946470867,0.6324017053529133,0.12157569873084124,
2026-08-09 12:34:51,SUW,Suwannee,328,863,33,3,7,1234,0.2753988245172124,0.7246011754827876,0.03484602917341977,
2026-08-09 12:34:51,TAY,Taylor,109,238,3,0,3,353,0.3141210374639769,0.6858789625360231,0.0169971671388102,
2026-08-09 12:34:51,UNI,Union,46,188,7,2,2,245,0.1965811965811965,0.8034188034188035,0.044897959183673466,
2026-08-09 12:34:51,VOL,Volusia,11831,13854,5203,98,637,31623,0.460619038349231,0.539380961650769,0.18777472093096798,
2026-08-09 12:34:51,WAK,Wakulla,306,577,71,1,13,968,0.3465458663646659,0.6534541336353341,0.0878099173553719,
2026-08-09 12:34:51,WAS,Washington,150,451,20,3,4,628,0.2495840266222961,0.7504159733777038,0.042993630573248405,
2026-08-09 13:31:24,ALA,Alachua,5572,2500,1154,34,122,9382,0.6902874132804757,0.3097125867195243,0.13962907695587295,
2026-08-09 13:31:24,BAK,Baker,150,672,39,3,6,870,0.1824817518248175,0.8175182481751825,0.05517241379310345,
2026-08-09 13:31:24,BAY,Bay,1666,3917,612,16,66,6277,0.2984058749776106,0.7015941250223894,0.11056237055918432,
2026-08-09 13:31:24,BRA,Bradford,180,623,17,0,2,822,0.224159402241594,0.775840597758406,0.023114355231143552,
2026-08-09 13:31:24,BRE,Brevard,11778,14015,3875,84,460,30212,0.4566355212654596,0.5433644787345404,0.14626638421819144,
2026-08-09 13:31:24,CAL,Calhoun,161,444,20,0,0,625,0.2661157024793388,0.7338842975206612,0.032,
2026-08-09 13:31:24,CHA,Charlotte,4900,7642,2166,57,322,15087,0.3906872907032371,0.6093127092967628,0.16868827467356,
2026-08-09 13:31:24,CIT,Citrus,3495,7297,1684,42,239,12757,0.3238510007412898,0.6761489992587102,0.1540330798777142,
2026-08-09 13:31:24,CLA,Clay,2107,4321,716,18,77,7239,0.3277846919726198,0.6722153080273802,0.11203204862550076,
2026-08-09 13:31:24,CLL,Collier,5560,13094,2559,39,291,21543,0.2980593974482685,0.7019406025517315,0.13410388525275033,
2026-08-09 13:31:24,CLM,Columbia,748,1429,182,8,17,2384,0.3435920992191089,0.6564079007808912,0.08682885906040269,
2026-08-09 13:31:24,DES,DeSoto,220,338,0,0,0,558,0.3942652329749104,0.6057347670250897,0.0,
2026-08-09 13:31:24,DIX,Dixie,143,674,54,2,7,880,0.1750305997552019,0.824969400244798,0.0715909090909091,
2026-08-09 13:31:24,DUV,Duval,10650,7915,2053,66,215,20899,0.5736601131160787,0.4263398868839214,0.1116799846882626,
2026-08-09 13:31:24,ESC,Escambia,4748,6137,1423,33,185,12526,0.4361966008268259,0.5638033991731741,0.131007504390867,
2026-08-09 13:31:24,FLA,Flagler,3032,3405,973,22,100,7532,0.4710268758738543,0.5289731241261457,0.1453797132235794,
2026-08-09 13:31:24,FRA,Franklin,161,234,52,3,15,465,0.4075949367088607,0.5924050632911393,0.15053763440860216,
2026-08-09 13:31:24,GAD,Gadsden,1090,236,46,2,2,1376,0.8220211161387632,0.1779788838612368,0.036337209302325583,
2026-08-09 13:31:24,GIL,Gilchrist,161,517,49,2,6,735,0.2374631268436578,0.7625368731563422,0.07755102040816327,
2026-08-09 13:31:24,GLA,Glades,103,301,36,1,5,446,0.2549504950495049,0.745049504950495,0.09417040358744394,
2026-08-09 13:31:24,GUL,Gulf,149,473,13,1,5,641,0.2395498392282958,0.7604501607717041,0.029641185647425898,
2026-08-09 13:31:24,HAM,Hamilton,152,290,13,1,2,458,0.3438914027149321,0.6561085972850679,0.034934497816593885,
2026-08-09 13:31:24,HAR,Hardee,109,383,19,3,3,517,0.2215447154471544,0.7784552845528455,0.048355899419729204,
2026-08-09 13:31:24,HEN,Hendry,352,794,77,5,8,1236,0.3071553228621291,0.6928446771378709,0.07281553398058252,
2026-08-09 13:31:24,HER,Hernando,3879,4894,1336,39,137,10285,0.4421520574489912,0.5578479425510088,0.14701020904229462,
2026-08-09 13:31:24,HIG,Highlands,1063,2105,417,11,50,3646,0.3355429292929293,0.6644570707070707,0.13110257816785517,
2026-08-09 13:31:24,HIL,Hillsborough,31239,29454,9994,214,965,71866,0.5147051554545006,0.4852948445454995,0.15546990231820332,
2026-08-09 13:31:24,HOL,Holmes,91,360,15,2,1,469,0.2017738359201774,0.7982261640798226,0.03837953091684435,
2026-08-09 13:31:24,IND,Indian River,3636,5221,1312,34,187,10390,0.4105227503669414,0.5894772496330586,0.14754571703561117,
2026-08-09 13:31:24,JAC,Jackson,566,991,34,4,3,1598,0.363519588953115,0.636480411046885,0.025657071339173967,
2026-08-09 13:31:24,JEF,Jefferson,362,374,35,0,8,779,0.4918478260869565,0.5081521739130435,0.055198973042362,
2026-08-09 13:31:24,LAF,Lafayette,37,163,2,0,0,202,0.185,0.815,0.009900990099009901,
2026-08-09 13:31:24,LAK,Lake,6048,7227,2197,26,218,15716,0.455593220338983,0.5444067796610169,0.15531941969966911,
2026-08-09 13:31:24,LEE,Lee,16396,27208,8116,137,859,52716,0.3760205485735253,0.6239794514264746,0.17285074740116851,
2026-08-09 13:31:24,LEO,Leon,8269,3954,1638,43,161,14065,0.676511494723063,0.3234885052769369,0.13096338428723783,
2026-08-09 13:31:24,LEV,Levy,552,1348,138,14,23,2075,0.2905263157894737,0.7094736842105264,0.08433734939759036,
2026-08-09 13:31:24,LIB,Liberty,43,163,8,0,0,214,0.2087378640776699,0.7912621359223301,0.037383177570093455,
2026-08-09 13:31:24,MAD,Madison,225,248,26,3,2,504,0.4756871035940803,0.5243128964059197,0.061507936507936505,
2026-08-09 13:31:24,MAN,Manatee,8192,10254,1202,10,139,19797,0.4441071234956088,0.5558928765043912,0.06824266302975199,
2026-08-09 13:31:24,MRN,Marion,5924,6700,1594,36,244,14498,0.4692648922686945,0.5307351077313055,0.12925920816664369,
2026-08-09 13:31:24,MRT,Martin,2636,3542,791,14,122,7105,0.4266752994496601,0.5733247005503399,0.13047149894440535,
2026-08-09 13:31:24,DAD,Miami-Dade,42666,30943,16129,127,1065,90930,0.5796302082625766,0.4203697917374234,0.19048718794677225,
2026-08-09 13:31:24,MON,Monroe,2777,2984,815,26,103,6705,0.4820343690331539,0.517965630966846,0.1407904548844146,
2026-08-09 13:31:24,NAS,Nassau,1607,3337,738,20,117,5819,0.3250404530744336,0.6749595469255664,0.15036947929197456,
2026-08-09 13:31:24,OKA,Okaloosa,1362,3084,447,16,52,4961,0.3063427800269905,0.6936572199730094,0.10380971578310824,
2026-08-09 13:31:24,OKE,Okeechobee,272,578,0,0,0,850,0.32,0.68,0.0,
2026-08-09 13:31:24,ORA,Orange,27602,16996,8003,198,683,53482,0.6189066774294811,0.3810933225705188,0.16611196290340674,
2026-08-09 13:31:24,OSC,Osceola,5686,4250,2166,60,165,12327,0.5722624798711755,0.4277375201288245,0.1939644682404478,
2026-08-09 13:31:24,PAL,Palm Beach,35651,18866,8219,106,1019,63861,0.6539428068308968,0.3460571931691032,0.14631778393698813,
2026-08-09 13:31:24,PAS,Pasco,8383,8426,2914,58,328,20109,0.4987209233148908,0.5012790766851092,0.1641056243473072,
2026-08-09 13:31:24,PIN,Pinellas,25694,25593,10767,244,1026,63324,0.5009846549807944,0.4990153450192056,0.19008590739687953,
2026-08-09 13:31:24,POL,Polk,10100,10605,2878,63,362,24008,0.4878048780487805,0.5121951219512195,0.13757914028657114,
2026-08-09 13:31:24,PUT,Putnam,922,1965,151,8,14,3060,0.3193626602009006,0.6806373397990995,0.0565359477124183,
2026-08-09 13:31:24,SAN,Santa Rosa,1357,4317,389,10,56,6129,0.2391610856538597,0.7608389143461403,0.0742372328275412,
2026-08-09 13:31:24,SAR,Sarasota,15776,14970,4878,69,596,36289,0.5131073960840434,0.4868926039159565,0.1527460111879633,
2026-08-09 13:31:24,SEM,Seminole,6435,5808,2106,42,244,14635,0.5256064690026954,0.4743935309973046,0.1634437991117185,
2026-08-09 13:31:24,STJ,St. Johns,3512,4465,741,17,76,8811,0.4402657640717061,0.5597342359282939,0.09465440926115083,
2026-08-09 13:31:24,STL,St. Lucie,6175,5602,1976,40,254,14047,0.5243270782032776,0.4756729217967224,0.16160034170997367,
2026-08-09 13:31:24,SUM,Sumter,4713,8189,1564,30,172,14668,0.3652922027592621,0.6347077972407379,0.12039814562312517,
2026-08-09 13:31:24,SUW,Suwannee,333,893,33,3,8,1270,0.2716150081566068,0.7283849918433931,0.03464566929133858,
2026-08-09 13:31:24,TAY,Taylor,111,247,3,0,3,364,0.3100558659217877,0.6899441340782123,0.016483516483516484,
2026-08-09 13:31:24,UNI,Union,47,209,7,2,2,267,0.18359375,0.81640625,0.04119850187265917,
2026-08-09 13:31:24,VOL,Volusia,11889,13972,5230,100,641,31832,0.459727002049418,0.5402729979505819,0.1875785373209349,
2026-08-09 13:31:24,WAK,Wakulla,308,586,71,1,13,979,0.3445190156599552,0.6554809843400448,0.08682328907048008,
2026-08-09 13:31:24,WAS,Washington,152,463,20,3,4,642,0.2471544715447154,0.7528455284552845,0.04205607476635514,
2026-08-09 14:40:28,ALA,Alachua,5644,2526,1164,34,124,9492,0.6908200734394124,0.3091799265605875,0.13927517909818796,
2026-08-09 14:40:28,BAK,Baker,154,704,39,3,6,906,0.1794871794871795,0.8205128205128205,0.052980132450331126,
2026-08-09 14:40:28,BAY,Bay,1682,3983,614,16,67,6362,0.2969108561341571,0.7030891438658429,0.1095567431625275,
2026-08-09 14:40:28,BRA,Bradford,180,634,17,0,2,833,0.2211302211302211,0.7788697788697788,0.022809123649459785,
2026-08-09 14:40:28,BRE,Brevard,11862,14166,3902,87,462,30479,0.4557399723374827,0.5442600276625172,0.14603497490075135,
2026-08-09 14:40:28,CAL,Calhoun,161,451,21,0,0,633,0.2630718954248366,0.7369281045751634,0.03317535545023697,
2026-08-09 14:40:28,CHA,Charlotte,4915,7692,2170,57,322,15156,0.3898627746490045,0.6101372253509955,0.1681842174716284,
2026-08-09 14:40:28,CIT,Citrus,3507,7362,1695,42,239,12845,0.3226607783604747,0.6773392216395252,0.1538341767224601,
2026-08-09 14:40:28,CLA,Clay,2129,4395,722,18,77,7341,0.3263335377069282,0.6736664622930717,0.11129273940879988,
2026-08-09 14:40:28,CLL,Collier,5572,13191,2567,39,292,21661,0.2969674359111016,0.7030325640888984,0.1337888370804672,
2026-08-09 14:40:28,CLM,Columbia,755,1461,186,9,17,2428,0.3407039711191336,0.6592960288808665,0.08731466227347612,
2026-08-09 14:40:28,DES,DeSoto,220,342,0,0,0,562,0.3914590747330961,0.608540925266904,0.0,
2026-08-09 14:40:28,DIX,Dixie,146,694,54,2,7,903,0.1738095238095238,0.8261904761904761,0.06976744186046512,
2026-08-09 14:40:28,DUV,Duval,10943,8086,2072,67,216,21384,0.5750696305638762,0.4249303694361238,0.1101290684624018,
2026-08-09 14:40:28,ESC,Escambia,4788,6194,1431,33,187,12633,0.4359861591695502,0.5640138408304498,0.1306894641019552,
2026-08-09 14:40:28,FLA,Flagler,3145,3523,996,22,103,7789,0.4716556688662267,0.5283443311337732,0.1439209141096418,
2026-08-09 14:40:28,FRA,Franklin,161,237,52,3,15,468,0.4045226130653266,0.5954773869346733,0.14957264957264957,
2026-08-09 14:40:28,GAD,Gadsden,1101,238,46,2,2,1389,0.8222554144884242,0.1777445855115758,0.03599712023038157,
2026-08-09 14:40:28,GIL,Gilchrist,161,524,49,2,6,742,0.2350364963503649,0.7649635036496351,0.07681940700808626,
2026-08-09 14:40:28,GLA,Glades,103,305,36,1,5,450,0.2524509803921568,0.7475490196078431,0.09333333333333334,
2026-08-09 14:40:28,GUL,Gulf,154,499,14,1,5,673,0.2358346094946401,0.7641653905053599,0.029717682020802376,
2026-08-09 14:40:28,HAM,Hamilton,158,296,13,1,2,470,0.3480176211453744,0.6519823788546255,0.03404255319148936,
2026-08-09 14:40:28,HAR,Hardee,109,390,19,3,3,524,0.218436873747495,0.781563126252505,0.04770992366412214,
2026-08-09 14:40:28,HEN,Hendry,352,802,77,5,8,1244,0.3050259965337955,0.6949740034662045,0.07234726688102894,
2026-08-09 14:40:28,HER,Hernando,3894,4934,1339,40,139,10346,0.4410965111010421,0.5589034888989579,0.14672337135124686,
2026-08-09 14:40:28,HIG,Highlands,1067,2129,417,11,50,3674,0.3338548185231539,0.6661451814768461,0.1301034295046271,
2026-08-09 14:40:28,HIL,Hillsborough,31391,29595,10009,215,967,72177,0.5147246909126685,0.4852753090873315,0.15504939246574392,
2026-08-09 14:40:28,HOL,Holmes,92,379,15,2,1,489,0.1953290870488322,0.8046709129511678,0.03680981595092025,
2026-08-09 14:40:28,IND,Indian River,3652,5265,1316,34,187,10454,0.4095547829987664,0.5904452170012336,0.14702506217715708,
2026-08-09 14:40:28,JAC,Jackson,573,1003,34,4,3,1617,0.3635786802030457,0.6364213197969543,0.025355596784168214,
2026-08-09 14:40:28,JEF,Jefferson,362,378,35,0,8,783,0.4891891891891892,0.5108108108108108,0.05491698595146871,
2026-08-09 14:40:28,LAF,Lafayette,38,177,2,0,0,217,0.1767441860465116,0.8232558139534883,0.009216589861751152,
2026-08-09 14:40:28,LAK,Lake,6124,7309,2218,26,219,15896,0.4558922057619295,0.5441077942380704,0.1549446401610468,
2026-08-09 14:40:28,LEE,Lee,16452,27355,8130,137,860,52934,0.375556417924076,0.624443582075924,0.17242226168436167,
2026-08-09 14:40:28,LEO,Leon,8368,4013,1649,44,162,14236,0.675874323560294,0.324125676439706,0.13030345602697388,
2026-08-09 14:40:28,LEV,Levy,553,1356,139,14,23,2085,0.2896804609743321,0.7103195390256679,0.08441247002398082,
2026-08-09 14:40:28,LIB,Liberty,44,168,8,0,0,220,0.2075471698113207,0.7924528301886793,0.03636363636363636,
2026-08-09 14:40:28,MAD,Madison,229,258,26,3,2,518,0.4702258726899384,0.5297741273100616,0.059845559845559844,
2026-08-09 14:40:28,MAN,Manatee,8236,10364,1206,10,139,19955,0.4427956989247312,0.5572043010752689,0.06790278125783011,
2026-08-09 14:40:28,MRN,Marion,5966,6767,1603,36,244,14616,0.4685462970234822,0.5314537029765177,0.12883141762452108,
2026-08-09 14:40:28,MRT,Martin,2651,3593,797,14,122,7177,0.4245675848814862,0.5754324151185137,0.1299986066601644,
2026-08-09 14:40:28,DAD,Miami-Dade,42950,31154,16197,129,1071,91501,0.5795908452984994,0.4204091547015006,0.19012906962765433,
2026-08-09 14:40:28,MON,Monroe,2778,2989,816,26,103,6712,0.4817062597537714,0.5182937402462285,0.14079261025029796,
2026-08-09 14:40:28,NAS,Nassau,1623,3367,741,20,119,5870,0.325250501002004,0.674749498997996,0.14991482112436116,
2026-08-09 14:40:28,OKA,Okaloosa,1389,3135,453,16,52,5045,0.3070291777188328,0.6929708222811671,0.10327056491575817,
2026-08-09 14:40:28,OKE,Okeechobee,273,585,0,0,0,858,0.3181818181818182,0.6818181818181818,0.0,
2026-08-09 14:40:28,ORA,Orange,27833,17090,8050,198,683,53854,0.6195712663891548,0.3804287336108452,0.1658372637130018,
2026-08-09 14:40:28,OSC,Osceola,5717,4284,2175,60,165,12401,0.5716428357164284,0.4283571642835716,0.1935327796145472,
2026-08-09 14:40:28,PAL,Palm Beach,35882,19089,8248,106,1023,64348,0.6527441742009423,0.3472558257990576,0.14572325480201404,
2026-08-09 14:40:28,PAS,Pasco,8501,8578,2933,58,331,20401,0.4977457696586451,0.5022542303413549,0.16283515513945396,
2026-08-09 14:40:28,PIN,Pinellas,25733,25621,10775,244,1026,63399,0.5010904700704911,0.4989095299295089,0.18998722377324564,
2026-08-09 14:40:28,POL,Polk,10166,10653,2889,63,363,24134,0.4883039531197464,0.5116960468802536,0.1373580840308279,
2026-08-09 14:40:28,PUT,Putnam,928,1972,151,8,14,3073,0.32,0.68,0.056296778392450376,
2026-08-09 14:40:28,SAN,Santa Rosa,1362,4339,389,10,56,6156,0.2389054551833011,0.7610945448166988,0.07391163092917478,
2026-08-09 14:40:28,SAR,Sarasota,15839,15078,4891,69,598,36475,0.5123071449364427,0.4876928550635572,0.15237834132967787,
2026-08-09 14:40:28,SEM,Seminole,6523,5918,2122,42,250,14855,0.5243147656940761,0.4756852343059239,0.16250420733759677,
2026-08-09 14:40:28,STJ,St. Johns,3664,4698,784,18,81,9245,0.4381726859602965,0.5618273140397034,0.0955110870740941,
2026-08-09 14:40:28,STL,St. Lucie,6248,5688,1987,43,254,14220,0.5234584450402144,0.4765415549597855,0.16061884669479606,
2026-08-09 14:40:28,SUM,Sumter,4740,8286,1570,30,172,14798,0.3638876093965914,0.6361123906034085,0.11974591160967699,
2026-08-09 14:40:28,SUW,Suwannee,341,908,33,3,8,1293,0.2730184147317854,0.7269815852682145,0.03402938901778809,
2026-08-09 14:40:28,TAY,Taylor,111,253,3,0,3,370,0.3049450549450549,0.695054945054945,0.016216216216216217,
2026-08-09 14:40:28,UNI,Union,48,218,7,2,2,277,0.1804511278195488,0.8195488721804511,0.039711191335740074,
2026-08-09 14:40:28,VOL,Volusia,11955,14100,5248,101,641,32045,0.4588370754173863,0.5411629245826137,0.18692463722889685,
2026-08-09 14:40:28,WAK,Wakulla,313,594,71,1,13,992,0.3450937155457552,0.6549062844542448,0.08568548387096774,
2026-08-09 14:40:28,WAL,Walton,549,1901,150,7,27,2634,0.2240816326530612,0.7759183673469388,0.06985573272589218,
2026-08-09 14:40:28,WAS,Washington,155,484,20,3,4,666,0.2425665101721439,0.7574334898278561,0.04054054054054054,
2026-08-09 15:33:21,ALA,Alachua,5674,2553,1166,34,124,9551,0.6896803208946153,0.3103196791053847,0.13862422782954664,
2026-08-09 15:33:21,BAK,Baker,155,717,39,3,6,920,0.1777522935779816,0.8222477064220184,0.05217391304347826,
2026-08-09 15:33:21,BAY,Bay,1690,4024,616,16,67,6413,0.295764788239412,0.704235211760588,0.1089973491345704,
2026-08-09 15:33:21,BRA,Bradford,183,636,17,0,2,838,0.2234432234432234,0.7765567765567766,0.022673031026252982,
2026-08-09 15:33:21,BRE,Brevard,11919,14308,3919,89,463,30698,0.4544553322911503,0.5455446677088497,0.14564466740504267,
2026-08-09 15:33:21,CAL,Calhoun,161,459,21,0,0,641,0.2596774193548387,0.7403225806451613,0.0327613104524181,
2026-08-09 15:33:21,CHA,Charlotte,4915,7714,2169,57,322,15177,0.3891836249901022,0.6108163750098978,0.1678856163932266,
2026-08-09 15:33:21,CIT,Citrus,3517,7394,1697,42,240,12890,0.3223352579965173,0.6776647420034827,0.1535298681148177,
2026-08-09 15:33:21,CLA,Clay,2141,4432,723,18,77,7391,0.325726456716872,0.6742735432831279,0.11067514544716547,
2026-08-09 15:33:21,CLL,Collier,5577,13246,2569,40,292,21724,0.2962864580566328,0.7037135419433671,0.13353894310440068,
2026-08-09 15:33:21,CLM,Columbia,763,1472,188,9,17,2449,0.3413870246085011,0.6586129753914989,0.08738260514495713,
2026-08-09 15:33:21,DES,DeSoto,220,344,0,0,0,564,0.3900709219858156,0.6099290780141844,0.0,
2026-08-09 15:33:21,DIX,Dixie,148,705,56,2,7,918,0.1735052754982415,0.8264947245017585,0.07080610021786492,
2026-08-09 15:33:21,DUV,Duval,11123,8190,2088,68,219,21688,0.5759333091699891,0.4240666908300108,0.10950756178531908,
2026-08-09 15:33:21,ESC,Escambia,4806,6236,1440,33,188,12703,0.4352472378192356,0.5647527621807643,0.13075651420924192,
2026-08-09 15:33:21,FLA,Flagler,3150,3558,1000,22,103,7833,0.4695885509838998,0.5304114490161002,0.1436231328992723,
2026-08-09 15:33:21,GAD,Gadsden,1136,239,47,2,2,1426,0.8261818181818181,0.1738181818181818,0.03576437587657784,
2026-08-09 15:33:21,GIL,Gilchrist,164,532,50,2,6,754,0.2356321839080459,0.764367816091954,0.07692307692307693,
2026-08-09 15:33:21,GLA,Glades,104,306,37,1,5,453,0.2536585365853658,0.7463414634146341,0.09492273730684327,
2026-08-09 15:33:21,GUL,Gulf,159,513,15,1,5,693,0.2366071428571428,0.7633928571428571,0.030303030303030304,
2026-08-09 15:33:21,HAM,Hamilton,159,300,14,1,2,476,0.3464052287581699,0.6535947712418301,0.03571428571428571,
2026-08-09 15:33:21,HAR,Hardee,109,393,19,3,3,527,0.2171314741035856,0.7828685258964143,0.04743833017077799,
2026-08-09 15:33:21,HEN,Hendry,357,812,77,5,8,1259,0.3053892215568862,0.6946107784431138,0.07148530579825259,
2026-08-09 15:33:21,HER,Hernando,3902,4950,1341,41,140,10374,0.4408043380027112,0.5591956619972888,0.1467129361866204,
2026-08-09 15:33:21,HIG,Highlands,1067,2137,417,11,50,3682,0.3330212234706616,0.6669787765293383,0.12982074959261272,
2026-08-09 15:33:21,HIL,Hillsborough,31469,29653,10023,215,968,72328,0.5148555348319754,0.4851444651680246,0.15493308262360359,
2026-08-09 15:33:21,HOL,Holmes,94,401,15,2,1,513,0.1898989898989899,0.8101010101010101,0.03508771929824561,
2026-08-09 15:33:21,IND,Indian River,3659,5288,1320,34,187,10488,0.4089638985134682,0.5910361014865319,0.14692982456140352,
2026-08-09 15:33:21,JAC,Jackson,576,1016,34,4,3,1633,0.3618090452261306,0.6381909547738693,0.02510716472749541,
2026-08-09 15:33:21,JEF,Jefferson,362,381,35,0,8,786,0.4872139973082099,0.5127860026917901,0.054707379134860054,
2026-08-09 15:33:21,LAF,Lafayette,41,188,2,0,0,231,0.1790393013100436,0.8209606986899564,0.008658008658008658,
2026-08-09 15:33:21,LEE,Lee,16469,27423,8137,137,860,53026,0.3752164403535952,0.6247835596464049,0.17225512012974767,
2026-08-09 15:33:21,LEO,Leon,8469,4039,1660,44,163,14375,0.6770866645346978,0.3229133354653022,0.12987826086956522,
2026-08-09 15:33:21,LEV,Levy,556,1357,139,14,23,2089,0.2906429691583899,0.7093570308416101,0.0842508377213978,
2026-08-09 15:33:21,LIB,Liberty,45,169,8,0,0,222,0.2102803738317757,0.7897196261682243,0.036036036036036036,
2026-08-09 15:33:21,MAD,Madison,230,267,26,3,2,528,0.4627766599597585,0.5372233400402414,0.058712121212121215,
2026-08-09 15:33:21,MAN,Manatee,8258,10416,1209,10,139,20032,0.4422191281996359,0.5577808718003642,0.06779153354632587,
2026-08-09 15:33:21,MRN,Marion,5984,6810,1606,36,244,14680,0.4677192433953415,0.5322807566046585,0.1284741144414169,
2026-08-09 15:33:21,MRT,Martin,2663,3617,799,14,122,7215,0.4240445859872611,0.5759554140127389,0.1295911295911296,
2026-08-09 15:33:21,DAD,Miami-Dade,43158,31340,16236,130,1077,91941,0.5793175655722301,0.4206824344277698,0.18971949402334107,
2026-08-09 15:33:21,MON,Monroe,2781,2993,818,26,103,6721,0.4816418427433321,0.5183581572566678,0.1409016515399494,
2026-08-09 15:33:21,NAS,Nassau,1626,3382,744,20,120,5892,0.3246805111821086,0.6753194888178914,0.1500339443312967,
2026-08-09 15:33:21,OKA,Okaloosa,1393,3170,454,16,54,5087,0.3052816129739206,0.6947183870260794,0.10300766660114016,
2026-08-09 15:33:21,ORA,Orange,27968,17158,8075,198,683,54082,0.6197757390417941,0.3802242609582059,0.1656003846011612,
2026-08-09 15:33:21,OSC,Osceola,5734,4302,2188,61,166,12451,0.5713431646074133,0.4286568353925867,0.19396032447192996,
2026-08-09 15:33:21,PAL,Palm Beach,36019,19221,8262,106,1023,64631,0.6520456191165822,0.3479543808834178,0.14530179016261546,
2026-08-09 15:33:21,PAS,Pasco,8528,8641,2937,58,334,20498,0.4967091851592987,0.5032908148407013,0.1624060883988682,
2026-08-09 15:33:21,PIN,Pinellas,25762,25654,10785,245,1026,63472,0.5010502567294227,0.4989497432705772,0.18994202167885052,
2026-08-09 15:33:21,POL,Polk,10197,10687,2890,63,364,24201,0.4882685309327715,0.5117314690672286,0.13706045204743605,
2026-08-09 15:33:21,PUT,Putnam,933,1979,151,8,14,3085,0.3203983516483517,0.6796016483516484,0.05607779578606159,
2026-08-09 15:33:21,SAN,Santa Rosa,1362,4356,389,10,56,6173,0.2381951731374606,0.7618048268625394,0.07370808358982667,
2026-08-09 15:33:21,SAR,Sarasota,15873,15141,4898,69,600,36581,0.5118011220739022,0.4881988779260979,0.15218282715070666,
2026-08-09 15:33:21,SEM,Seminole,6610,5979,2144,42,252,15027,0.5250615616808325,0.4749384383191675,0.16224129899514209,
2026-08-09 15:33:21,STJ,St. Johns,3777,4832,806,18,82,9515,0.4387269136949703,0.5612730863050296,0.0952180767209669,
2026-08-09 15:33:21,STL,St. Lucie,6283,5726,1998,43,254,14304,0.5231909401282372,0.4768090598717628,0.16044463087248323,
2026-08-09 15:33:21,SUM,Sumter,4748,8347,1572,30,172,14869,0.3625811378388698,0.6374188621611302,0.11930862869056426,
2026-08-09 15:33:21,SUW,Suwannee,341,919,33,3,8,1304,0.2706349206349206,0.7293650793650793,0.03374233128834356,
2026-08-09 15:33:21,TAY,Taylor,114,254,3,0,3,374,0.3097826086956521,0.6902173913043478,0.016042780748663103,
2026-08-09 15:33:21,UNI,Union,49,230,7,2,2,290,0.1756272401433691,0.8243727598566308,0.03793103448275862,
2026-08-09 15:33:21,VOL,Volusia,12000,14174,5262,103,644,32183,0.4584702376404065,0.5415297623595935,0.18671348227324985,
2026-08-09 15:33:21,WAK,Wakulla,317,602,72,1,13,1005,0.3449401523394994,0.6550598476605005,0.08557213930348259,
2026-08-09 15:33:21,WAL,Walton,555,1974,153,7,27,2716,0.2194543297746144,0.7805456702253856,0.06885125184094257,
2026-08-09 15:33:21,WAS,Washington,157,488,20,3,4,672,0.2434108527131783,0.7565891472868217,0.04017857142857143,
2026-08-09 16:32:22,ALA,Alachua,5714,2572,1169,34,124,9613,0.6895969104513637,0.3104030895486362,0.1380422344741496,
2026-08-09 16:32:22,BAK,Baker,155,733,39,3,6,936,0.1745495495495495,0.8254504504504504,0.05128205128205128,
2026-08-09 16:32:22,BAY,Bay,1703,4046,619,18,67,6453,0.2962254305096538,0.7037745694903461,0.10909654424298776,
2026-08-09 16:32:22,BRA,Bradford,184,637,17,0,2,840,0.2241169305724726,0.7758830694275274,0.02261904761904762,
2026-08-09 16:32:22,BRE,Brevard,11952,14363,3920,89,463,30787,0.4541896256887706,0.5458103743112294,0.14525611459382207,
2026-08-09 16:32:22,CAL,Calhoun,161,461,21,0,0,643,0.2588424437299035,0.7411575562700965,0.03265940902021773,
2026-08-09 16:32:22,CHA,Charlotte,4921,7730,2170,57,322,15200,0.3889811082127895,0.6110188917872105,0.16769736842105262,
2026-08-09 16:32:22,CIT,Citrus,3523,7410,1697,42,240,12912,0.3222354340071344,0.6777645659928656,0.15326827757125155,
2026-08-09 16:32:22,CLA,Clay,2160,4473,723,18,78,7452,0.3256445047489824,0.6743554952510177,0.10990338164251208,
2026-08-09 16:32:22,CLL,Collier,5587,13280,2573,40,292,21772,0.2961255101499973,0.7038744898500027,0.13342825647620798,
2026-08-09 16:32:22,CLM,Columbia,776,1490,191,9,17,2483,0.3424536628420123,0.6575463371579876,0.0873942811115586,
2026-08-09 16:32:22,DES,DeSoto,221,347,0,0,0,568,0.3890845070422535,0.6109154929577465,0.0,
2026-08-09 16:32:22,DIX,Dixie,149,709,56,2,7,923,0.1736596736596736,0.8263403263403264,0.07042253521126761,
2026-08-09 16:32:22,DUV,Duval,11272,8288,2099,68,219,21946,0.5762781186094069,0.423721881390593,0.10872140709013033,
2026-08-09 16:32:22,ESC,Escambia,4831,6284,1452,33,188,12788,0.4346378767431399,0.5653621232568601,0.13082577416327806,
2026-08-09 16:32:22,FLA,Flagler,3174,3595,1000,22,103,7894,0.4689023489437139,0.531097651056286,0.1425133012414492,
2026-08-09 16:32:22,FRA,Franklin,161,241,53,3,15,473,0.4004975124378109,0.599502487562189,0.15010570824524314,
2026-08-09 16:32:22,GAD,Gadsden,1145,241,47,2,2,1437,0.8261183261183261,0.1738816738816739,0.03549060542797495,
2026-08-09 16:32:22,GIL,Gilchrist,164,536,50,3,6,759,0.2342857142857143,0.7657142857142857,0.077733860342556,
2026-08-09 16:32:22,GLA,Glades,105,315,39,1,5,465,0.25,0.75,0.0967741935483871,
2026-08-09 16:32:22,GUL,Gulf,159,515,15,1,5,695,0.2359050445103857,0.7640949554896143,0.030215827338129497,
2026-08-09 16:32:22,HAM,Hamilton,161,300,14,1,2,478,0.3492407809110629,0.6507592190889371,0.03556485355648536,
2026-08-09 16:32:22,HAR,Hardee,109,398,19,3,3,532,0.2149901380670611,0.7850098619329389,0.046992481203007516,
2026-08-09 16:32:22,HEN,Hendry,358,812,77,5,8,1260,0.305982905982906,0.694017094017094,0.07142857142857142,
2026-08-09 16:32:22,HER,Hernando,3914,4982,1344,41,140,10421,0.4399730215827338,0.5600269784172662,0.14633912292486326,
2026-08-09 16:32:22,HIG,Highlands,1068,2137,417,11,50,3683,0.3332293291731669,0.6667706708268331,0.12978550095031224,
2026-08-09 16:32:22,HIL,Hillsborough,31544,29724,10043,216,971,72498,0.5148527779591304,0.4851472220408696,0.1549008248503407,
2026-08-09 16:32:22,HOL,Holmes,94,408,15,2,1,520,0.1872509960159362,0.8127490039840638,0.03461538461538462,
2026-08-09 16:32:22,IND,Indian River,3662,5294,1321,34,187,10498,0.4088878963823135,0.5911121036176865,0.1468851209754239,
2026-08-09 16:32:22,JAC,Jackson,578,1018,34,4,3,1637,0.3621553884711779,0.6378446115288221,0.02504581551618815,
2026-08-09 16:32:22,JEF,Jefferson,362,382,36,0,8,788,0.4865591397849462,0.5134408602150538,0.05583756345177665,
2026-08-09 16:32:22,LAF,Lafayette,41,194,2,0,0,237,0.1744680851063829,0.825531914893617,0.008438818565400843,
2026-08-09 16:32:22,LAK,Lake,6218,7373,2227,27,222,16067,0.4575086454271209,0.5424913545728791,0.15410468662475882,
2026-08-09 16:32:22,LEE,Lee,16504,27478,8143,137,861,53123,0.3752444181710699,0.62475558182893,0.17207236037121398,
2026-08-09 16:32:22,LEO,Leon,8525,4069,1667,44,164,14469,0.6769096395108782,0.3230903604891218,0.12958739373833714,
2026-08-09 16:32:22,LEV,Levy,556,1359,139,14,23,2091,0.2903394255874673,0.7096605744125326,0.08417025346724055,
2026-08-09 16:32:22,MAN,Manatee,8263,10441,1210,10,139,20063,0.4417771599657827,0.5582228400342173,0.06773662961670737,
2026-08-09 16:32:22,MRN,Marion,6002,6846,1610,36,244,14738,0.4671544209215442,0.5328455790784558,0.12823992400597095,
2026-08-09 16:32:22,MRT,Martin,2666,3631,800,14,122,7233,0.4233762108940765,0.5766237891059235,0.1294068851099129,
2026-08-09 16:32:22,DAD,Miami-Dade,43257,31406,16267,130,1077,92137,0.5793632723035507,0.4206367276964494,0.18965236549920228,
2026-08-09 16:32:22,MON,Monroe,2783,2999,818,26,103,6729,0.4813213420961605,0.5186786579038395,0.1407341358299896,
2026-08-09 16:32:22,NAS,Nassau,1630,3385,744,20,120,5899,0.325024925224327,0.674975074775673,0.14985590778097982,
2026-08-09 16:32:22,OKA,Okaloosa,1402,3188,457,16,55,5118,0.3054466230936819,0.6945533769063181,0.10316529894490035,
2026-08-09 16:32:22,ORA,Orange,28084,17206,8093,198,684,54265,0.6200927357032457,0.3799072642967542,0.16539205749562333,
2026-08-09 16:32:22,OSC,Osceola,5752,4321,2195,61,166,12495,0.5710314702670505,0.4289685297329494,0.1938375350140056,
2026-08-09 16:32:22,PAL,Palm Beach,36134,19341,8272,107,1024,64878,0.6513564668769716,0.3486435331230283,0.14493356761922377,
2026-08-09 16:32:22,PAS,Pasco,8558,8676,2941,58,335,20568,0.4965765347568759,0.5034234652431241,0.16209646052119797,
2026-08-09 16:32:22,PIN,Pinellas,25782,25689,10796,247,1026,63540,0.5009034213440579,0.4990965786559422,0.18994334277620398,
2026-08-09 16:32:22,POL,Polk,10217,10711,2892,63,364,24247,0.4881976299694189,0.511802370030581,0.13688291335010516,
2026-08-09 16:32:22,PUT,Putnam,935,1980,151,8,14,3088,0.320754716981132,0.6792452830188679,0.056023316062176164,
2026-08-09 16:32:22,SAN,Santa Rosa,1363,4366,389,10,56,6184,0.2379123756327456,0.7620876243672543,0.07357697283311772,
2026-08-09 16:32:22,SAR,Sarasota,15888,15177,4911,69,600,36645,0.5114437469821342,0.4885562530178657,0.15227179697093737,
2026-08-09 16:32:22,SEM,Seminole,6644,6016,2151,43,253,15107,0.5248025276461296,0.4751974723538704,0.16197789104388693,
2026-08-09 16:32:22,STJ,St. Johns,3819,4938,824,18,83,9682,0.4361082562521411,0.5638917437478589,0.09553811196033878,
2026-08-09 16:32:22,STL,St. Lucie,6313,5770,2008,43,254,14388,0.5224695853678722,0.4775304146321278,0.1602029469001946,
2026-08-09 16:32:22,SUM,Sumter,4756,8389,1573,30,172,14920,0.3618105743628756,0.6381894256371243,0.11896782841823056,
2026-08-09 16:32:22,SUW,Suwannee,345,922,33,3,8,1311,0.2722967640094711,0.7277032359905288,0.033562166285278416,
2026-08-09 16:32:22,TAY,Taylor,114,256,4,0,3,377,0.3081081081081081,0.6918918918918919,0.01856763925729443,
2026-08-09 16:32:22,UNI,Union,49,234,7,2,2,294,0.1731448763250883,0.8268551236749117,0.03741496598639456,
2026-08-09 16:32:22,VOL,Volusia,12043,14233,5277,103,645,32301,0.4583269904094991,0.5416730095905008,0.18652673291848548,
2026-08-09 16:32:22,WAK,Wakulla,321,607,73,1,13,1015,0.3459051724137931,0.6540948275862069,0.08571428571428572,
2026-08-09 16:32:22,WAL,Walton,561,2035,156,7,27,2786,0.2161016949152542,0.7838983050847458,0.0681981335247667,
2026-08-09 16:32:22,WAS,Washington,157,495,20,3,4,679,0.2407975460122699,0.75920245398773,0.039764359351988215,
2026-08-09 17:32:11,ALA,Alachua,5733,2581,1177,34,124,9649,0.6895597786865528,0.3104402213134472,0.13835630635298996,
2026-08-09 17:32:11,BAK,Baker,156,740,39,3,6,944,0.1741071428571428,0.8258928571428571,0.05084745762711865,
2026-08-09 17:32:11,BAY,Bay,1712,4089,622,18,67,6508,0.2951215307705568,0.7048784692294432,0.10863552550706822,
2026-08-09 17:32:11,BRA,Bradford,184,643,17,0,2,846,0.2224909310761789,0.777509068923821,0.022458628841607566,
2026-08-09 17:32:11,CAL,Calhoun,161,464,21,0,0,646,0.2576,0.7424,0.032507739938080496,
2026-08-09 17:32:11,CHA,Charlotte,4925,7745,2170,57,322,15219,0.388713496448303,0.6112865035516969,0.16748800841053946,
2026-08-09 17:32:11,CIT,Citrus,3526,7418,1698,42,240,12924,0.3221856725146199,0.6778143274853801,0.1532033426183844,
2026-08-09 17:32:11,CLA,Clay,2178,4518,728,19,79,7522,0.325268817204301,0.6747311827956989,0.10981122042010104,
2026-08-09 17:32:11,CLL,Collier,5591,13311,2576,40,293,21811,0.2957888054174161,0.7042111945825839,0.13337306863509238,
2026-08-09 17:32:11,CLM,Columbia,787,1505,194,9,17,2512,0.3433682373472949,0.6566317626527051,0.0875796178343949,
2026-08-09 17:32:11,DUV,Duval,11371,8335,2109,69,219,22103,0.5770323759261139,0.4229676240738861,0.10844681717413926,
2026-08-09 17:32:11,ESC,Escambia,4842,6311,1453,33,190,12829,0.434143279835022,0.565856720164978,0.13064151531686025,
2026-08-09 17:32:11,FLA,Flagler,3182,3619,1006,22,103,7932,0.4678723717100426,0.5321276282899574,0.14258698940998488,
2026-08-09 17:32:11,FRA,Franklin,162,241,53,3,15,474,0.401985111662531,0.598014888337469,0.14978902953586498,
2026-08-09 17:32:11,GAD,Gadsden,1153,243,47,2,2,1447,0.8259312320916905,0.1740687679083094,0.035245335176226675,
2026-08-09 17:32:11,GIL,Gilchrist,164,538,50,3,6,761,0.2336182336182336,0.7663817663817664,0.07752956636005257,
2026-08-09 17:32:11,GLA,Glades,105,317,39,1,5,467,0.2488151658767772,0.7511848341232228,0.09635974304068523,
2026-08-09 17:32:11,HAM,Hamilton,161,302,15,1,2,481,0.3477321814254859,0.652267818574514,0.037422037422037424,
2026-08-09 17:32:11,HER,Hernando,3926,4994,1344,41,140,10445,0.440134529147982,0.559865470852018,0.1460028721876496,
2026-08-09 17:32:11,HIL,Hillsborough,31585,29776,10054,216,971,72602,0.5147406333012826,0.4852593666987174,0.1548304454422743,
2026-08-09 17:32:11,JAC,Jackson,582,1022,35,4,3,1646,0.3628428927680798,0.6371571072319202,0.02551640340218712,
2026-08-09 17:32:11,JEF,Jefferson,363,382,36,0,8,789,0.487248322147651,0.512751677852349,0.05576679340937896,
2026-08-09 17:32:11,LAK,Lake,6232,7376,2238,27,223,16096,0.4579659024103468,0.5420340975896532,0.15457256461232605,
2026-08-09 17:32:11,LEE,Lee,16516,27526,8153,138,861,53194,0.3750056763998002,0.6249943236001998,0.17204947926457873,
2026-08-09 17:32:11,LEO,Leon,8587,4099,1675,44,165,14570,0.6768879079300015,0.3231120920699984,0.12930679478380233,
2026-08-09 17:32:11,LEV,Levy,556,1360,140,14,23,2093,0.290187891440501,0.7098121085594989,0.08456760630673674,
2026-08-09 17:32:11,MAN,Manatee,8272,10464,1210,10,139,20095,0.4415029888983774,0.5584970111016225,0.06762876337397362,
2026-08-09 17:32:11,MRN,Marion,6013,6872,1612,37,244,14778,0.4666666666666667,0.5333333333333333,0.1280958181079984,
2026-08-09 17:32:11,MRT,Martin,2670,3636,802,14,122,7244,0.4234062797335871,0.576593720266413,0.12948647156267257,
2026-08-09 17:32:11,DAD,Miami-Dade,43258,31406,16267,130,1077,92138,0.5793689060323582,0.4206310939676417,0.18965030714797368,
2026-08-09 17:32:11,MON,Monroe,2795,3001,820,29,103,6748,0.4822291235334713,0.5177708764665286,0.14107883817427386,
2026-08-09 17:32:11,NAS,Nassau,1632,3401,745,20,120,5918,0.3242598847605801,0.6757401152394198,0.14954376478540046,
2026-08-09 17:32:11,OKA,Okaloosa,1404,3216,458,16,55,5149,0.3038961038961039,0.6961038961038961,0.10273839580501068,
2026-08-09 17:32:11,ORA,Orange,28237,17245,8126,199,685,54492,0.6208390132360054,0.3791609867639945,0.16534537179769507,
2026-08-09 17:32:11,OSC,Osceola,5771,4343,2197,61,166,12538,0.5705952145540835,0.4294047854459165,0.1933322698995055,
2026-08-09 17:32:11,PAL,Palm Beach,36238,19414,8284,108,1024,65068,0.6511535973549918,0.3488464026450082,0.1447101493821848,
2026-08-09 17:32:11,PAS,Pasco,8577,8713,2949,58,335,20632,0.4960670908039329,0.503932909196067,0.161981388134936,
2026-08-09 17:32:11,PIN,Pinellas,25795,25701,10800,247,1027,63570,0.5009126922479415,0.4990873077520584,0.18993235803051753,
2026-08-09 17:32:11,POL,Polk,10231,10724,2895,63,364,24277,0.4882366976855166,0.5117633023144834,0.1368373357498867,
2026-08-09 17:32:11,PUT,Putnam,938,1984,151,8,14,3095,0.3210130047912389,0.6789869952087612,0.055896607431340874,
2026-08-09 17:32:11,SAN,Santa Rosa,1363,4389,391,10,56,6209,0.2369610570236439,0.7630389429763561,0.07360283459494282,
2026-08-09 17:32:11,SEM,Seminole,6676,6041,2162,44,254,15177,0.5249665801682787,0.4750334198317213,0.16208736904526586,
2026-08-09 17:32:11,STJ,St. Johns,3841,4990,829,19,84,9763,0.4349450798324085,0.5650549201675914,0.09546246030933114,
2026-08-09 17:32:11,STL,St. Lucie,6339,5799,2017,44,255,14454,0.5222441917943648,0.4777558082056352,0.16023246160232463,
2026-08-09 17:32:11,SUM,Sumter,4762,8411,1573,30,172,14948,0.3614970014423442,0.6385029985576558,0.11874498260636875,
2026-08-09 17:32:11,SUW,Suwannee,345,925,33,3,8,1314,0.2716535433070866,0.7283464566929134,0.0334855403348554,
2026-08-09 17:32:11,TAY,Taylor,117,256,4,0,3,380,0.3136729222520107,0.6863270777479893,0.018421052631578946,
2026-08-09 17:32:11,UNI,Union,50,241,7,2,2,302,0.1718213058419244,0.8281786941580757,0.03642384105960265,
2026-08-09 17:32:11,VOL,Volusia,12065,14274,5286,103,646,32374,0.4580659858005239,0.5419340141994761,0.18641502440229815,
2026-08-09 17:32:11,WAL,Walton,562,2069,156,7,29,2823,0.2136069935385784,0.7863930064614215,0.06801275239107332,
2026-08-09 17:32:11,WAS,Washington,160,500,20,3,4,687,0.2424242424242424,0.7575757575757576,0.039301310043668124,
2026-08-09 18:31:06,ALA,Alachua,5739,2583,1177,34,124,9657,0.6896178803172315,0.3103821196827686,0.1382416899658279,
2026-08-09 18:31:06,BAY,Bay,1714,4102,622,18,68,6524,0.2947042640990371,0.7052957359009628,0.10852237890864501,
2026-08-09 18:31:06,CAL,Calhoun,162,465,21,0,0,648,0.2583732057416268,0.7416267942583732,0.032407407407407406,
2026-08-09 18:31:06,CHA,Charlotte,4926,7750,2170,58,322,15226,0.3886083938150836,0.6113916061849164,0.16747668461841586,
2026-08-09 18:31:06,CIT,Citrus,3526,7420,1698,42,240,12926,0.3221268043120774,0.6778731956879225,0.1531796379390376,
2026-08-09 18:31:06,CLA,Clay,2178,4525,728,19,79,7529,0.3249291362076682,0.6750708637923318,0.109709124717758,
2026-08-09 18:31:06,CLL,Collier,5592,13321,2576,40,293,21822,0.2956696452175752,0.7043303547824248,0.1333058381449913,
2026-08-09 18:31:06,CLM,Columbia,790,1507,195,9,17,2518,0.3439268611232042,0.6560731388767959,0.08776806989674345,
2026-08-09 18:31:06,DUV,Duval,11401,8348,2111,69,219,22148,0.5772950529140716,0.4227049470859284,0.10831677803864909,
2026-08-09 18:31:06,ESC,Escambia,4849,6323,1455,33,190,12850,0.434031507339778,0.565968492660222,0.13058365758754864,
2026-08-09 18:31:06,FLA,Flagler,3186,3622,1008,22,103,7941,0.467978848413631,0.532021151586369,0.1426772446795114,
2026-08-09 18:31:06,GAD,Gadsden,1166,247,47,2,2,1464,0.8251946213729653,0.1748053786270346,0.03483606557377049,
2026-08-09 18:31:06,HER,Hernando,3926,4999,1344,41,140,10450,0.4398879551820728,0.5601120448179272,0.145933014354067,
2026-08-09 18:31:06,HIL,Hillsborough,31593,29780,10059,216,971,72619,0.5147703387483095,0.4852296612516905,0.15486305236921466,
2026-08-09 18:31:06,JAC,Jackson,586,1025,35,4,3,1653,0.3637492240844196,0.6362507759155804,0.025408348457350273,
2026-08-09 18:31:06,LAK,Lake,6378,7715,2268,27,226,16614,0.4525651032427446,0.5474348967572554,0.15173949680991936,
2026-08-09 18:31:06,LEE,Lee,16517,27529,8154,138,862,53200,0.3749943241156972,0.6250056758843028,0.17206766917293234,
2026-08-09 18:31:06,LEO,Leon,8620,4105,1678,45,166,14614,0.6774066797642436,0.3225933202357564,0.12925961406870123,
2026-08-09 18:31:06,MAN,Manatee,8274,10472,1210,10,139,20105,0.4413741598207618,0.5586258401792382,0.06759512559064909,
2026-08-09 18:31:06,MRN,Marion,6015,6876,1614,37,244,14786,0.466604607865953,0.533395392134047,0.12816177465169756,
2026-08-09 18:31:06,MON,Monroe,2796,3007,821,29,103,6756,0.4818197484059969,0.518180251594003,0.1410597986974541,
2026-08-09 18:31:06,NAS,Nassau,1633,3402,745,20,120,5920,0.3243296921549156,0.6756703078450844,0.14949324324324326,
2026-08-09 18:31:06,OKA,Okaloosa,1410,3230,461,16,55,5172,0.3038793103448275,0.6961206896551724,0.102861562258314,
2026-08-09 18:31:06,ORA,Orange,28321,17300,8141,199,685,54646,0.6207886718835623,0.3792113281164376,0.16515389964498775,
2026-08-09 18:31:06,OSC,Osceola,5774,4347,2197,61,166,12545,0.5704969864637882,0.4295030135362118,0.19322439218812276,
2026-08-09 18:31:06,PAL,Palm Beach,36304,19450,8292,108,1026,65180,0.6511461061089787,0.3488538938910213,0.14461491254986192,
2026-08-09 18:31:06,PAS,Pasco,8583,8719,2949,58,335,20644,0.4960698185180904,0.5039301814819096,0.16188723115675258,
2026-08-09 18:31:06,POL,Polk,10236,10729,2896,63,364,24288,0.4882423086095874,0.5117576913904126,0.136816534914361,
2026-08-09 18:31:06,SAN,Santa Rosa,1364,4393,391,10,56,6214,0.2369289560535001,0.7630710439464999,0.07354361120051496,
2026-08-09 18:31:06,SEM,Seminole,6688,6049,2164,44,254,15199,0.525084399780168,0.474915600219832,0.16198434107507073,
2026-08-09 18:31:06,STJ,St. Johns,3847,4995,829,19,84,9774,0.4350825605066727,0.5649174394933273,0.09535502353181911,
2026-08-09 18:31:06,STL,St. Lucie,6350,5806,2022,44,255,14477,0.5223757815070746,0.4776242184929253,0.16032327139600747,
2026-08-09 18:31:06,SUM,Sumter,4762,8419,1574,30,172,14957,0.3612775965404749,0.638722403459525,0.11874038911546433,
2026-08-09 18:31:06,UNI,Union,52,241,7,2,2,304,0.1774744027303754,0.8225255972696246,0.03618421052631579,
2026-08-09 18:31:06,VOL,Volusia,12068,14278,5290,103,646,32385,0.4580581492446671,0.5419418507553329,0.18647522000926356,
2026-08-09 18:31:06,WAL,Walton,567,2088,157,7,29,2848,0.2135593220338983,0.7864406779661017,0.06776685393258428,
2026-08-09 18:31:06,WAS,Washington,160,502,20,3,4,689,0.2416918429003021,0.7583081570996979,0.03918722786647315,
2026-08-09 19:31:11,BAY,Bay,1717,4108,623,18,68,6534,0.2947639484978541,0.705236051502146,0.10850933578206305,
2026-08-09 19:31:11,LEO,Leon,8682,4149,1688,46,168,14733,0.6766425064297404,0.3233574935702595,0.12909794339238445,
2026-08-09 19:31:11,OKA,Okaloosa,1411,3235,460,16,55,5177,0.3037021093413689,0.6962978906586311,0.10256905543751207,
2026-08-09 19:31:11,ORA,Orange,28349,17306,8145,200,686,54686,0.6209396561165261,0.3790603438834738,0.16514281534579234,
2026-08-09 19:31:11,PAL,Palm Beach,36362,19481,8299,108,1026,65276,0.6511469655999856,0.3488530344000143,0.14450946749188062,
2026-08-09 19:31:11,WAL,Walton,569,2115,157,7,29,2877,0.2119970193740685,0.7880029806259314,0.06708376781369482,
2026-08-09 19:31:11,WAS,Washington,160,504,20,3,4,691,0.2409638554216867,0.7590361445783133,0.03907380607814761,
2026-08-09 21:48:00,ORA,Orange,28523,17348,8182,201,686,54940,0.6218089860696301,0.3781910139303699,0.16507098653076083,
2026-08-09 21:48:00,PAL,Palm Beach,36715,19562,8331,108,1027,65743,0.6523979600902677,0.3476020399097322,0.14398491094108878,
2026-08-09 21:48:00,WAL,Walton,571,2136,157,7,29,2900,0.2109346139637975,0.7890653860362025,0.06655172413793103,
2026-08-09 23:55:05,WAL,Walton,571,2138,157,7,29,2902,0.2107788851974898,0.7892211148025101,0.06650585802894556,
2026-08-10 09:07:38,BAK,Baker,158,752,39,3,6,958,0.1736263736263736,0.8263736263736263,0.05010438413361169,
2026-08-10 09:07:38,BRE,Brevard,12075,14556,3951,90,467,31139,0.4534189478427397,0.5465810521572604,0.14477022383506213,
2026-08-10 09:07:38,CAL,Calhoun,163,468,22,0,0,653,0.2583201267828843,0.7416798732171157,0.033690658499234305,
2026-08-10 09:07:38,CHA,Charlotte,5019,7924,2196,59,325,15523,0.3877771768523526,0.6122228231476474,0.16620498614958448,
2026-08-10 09:07:38,CLA,Clay,2179,4525,728,19,79,7530,0.3250298329355608,0.6749701670644391,0.1096945551128818,
2026-08-10 09:07:38,CLM,Columbia,801,1548,196,9,17,2571,0.3409961685823754,0.6590038314176245,0.08634772462077013,
2026-08-10 09:07:38,DES,DeSoto,230,365,0,0,0,595,0.3865546218487395,0.6134453781512605,0.0,
2026-08-10 09:07:38,DIX,Dixie,151,723,57,3,7,941,0.1727688787185354,0.8272311212814645,0.07120085015940489,
2026-08-10 09:07:38,DUV,Duval,11401,8349,2111,69,219,22149,0.5772658227848101,0.4227341772151898,0.10831188766987222,
2026-08-10 09:07:38,FRA,Franklin,163,241,53,3,15,475,0.4034653465346535,0.5965346534653465,0.14947368421052631,
2026-08-10 09:07:38,GAD,Gadsden,1167,247,47,2,2,1465,0.8253182461103253,0.1746817538896747,0.0348122866894198,
2026-08-10 09:07:38,GIL,Gilchrist,164,544,50,3,6,767,0.231638418079096,0.768361581920904,0.07692307692307693,
2026-08-10 09:07:38,GLA,Glades,105,326,40,1,5,477,0.2436194895591647,0.7563805104408353,0.09643605870020965,
2026-08-10 09:07:38,GUL,Gulf,161,528,15,1,5,710,0.2336719883889695,0.7663280116110305,0.029577464788732393,
2026-08-10 09:07:38,HAM,Hamilton,161,303,15,1,2,482,0.3469827586206896,0.6530172413793104,0.03734439834024896,
2026-08-10 09:07:38,HAR,Hardee,111,402,19,3,3,538,0.2163742690058479,0.783625730994152,0.046468401486988845,
2026-08-10 09:07:38,HER,Hernando,3926,4999,1343,41,140,10449,0.4398879551820728,0.5601120448179272,0.14585127763422337,
2026-08-10 09:07:38,HIG,Highlands,1073,2155,418,11,50,3707,0.3324039653035935,0.6675960346964065,0.12921499865120042,
2026-08-10 09:07:38,HIL,Hillsborough,31593,29782,10061,216,972,72624,0.5147535641547861,0.4852464358452139,0.15489369905265477,
2026-08-10 09:07:38,IND,Indian River,3676,5341,1324,34,188,10563,0.4076743928135743,0.5923256071864257,0.14635993562434915,
2026-08-10 09:07:38,JEF,Jefferson,364,387,36,0,8,795,0.4846870838881491,0.5153129161118508,0.055345911949685536,
2026-08-10 09:07:38,LAF,Lafayette,41,209,2,0,0,252,0.164,0.836,0.007936507936507936,
2026-08-10 09:07:38,LEE,Lee,16622,27631,8179,138,864,53434,0.3756129527941608,0.6243870472058392,0.17181944080547965,
2026-08-10 09:07:38,LEO,Leon,8702,4162,1692,46,168,14770,0.6764614427860697,0.3235385572139303,0.12904536222071766,
2026-08-10 09:07:38,LEV,Levy,559,1375,140,14,24,2112,0.2890382626680455,0.7109617373319544,0.08428030303030302,
2026-08-10 09:07:38,LIB,Liberty,48,178,9,0,0,235,0.2123893805309734,0.7876106194690266,0.03829787234042553,
2026-08-10 09:07:38,MAD,Madison,235,276,26,3,2,542,0.4598825831702544,0.5401174168297456,0.05719557195571956,
2026-08-10 09:07:38,MRN,Marion,6017,6876,1614,37,244,14788,0.4666873497246568,0.5333126502753432,0.1281444414390046,
2026-08-10 09:07:38,MRT,Martin,2679,3668,804,14,123,7288,0.4220891759886561,0.577910824011344,0.12911635565312843,
2026-08-10 09:07:38,MON,Monroe,2805,3021,822,29,104,6781,0.4814624098867147,0.5185375901132853,0.14083468514968295,
2026-08-10 09:07:38,OKE,Okeechobee,278,592,0,0,0,870,0.3195402298850575,0.6804597701149425,0.0,
2026-08-10 09:07:38,PAL,Palm Beach,36809,19652,8338,108,1030,65937,0.6519367350914791,0.3480632649085209,0.14371293810758753,
2026-08-10 09:07:38,PIN,Pinellas,25814,25721,10806,247,1028,63616,0.5009022994081692,0.4990977005918308,0.18990505533199195,
2026-08-10 09:07:38,PUT,Putnam,943,1992,151,8,14,3108,0.3212947189097104,0.6787052810902896,0.05566280566280566,
2026-08-10 09:07:38,SAR,Sarasota,15903,15221,4914,69,600,36707,0.5109561752988048,0.4890438247011952,0.15209633040019616,
2026-08-10 09:07:38,SEM,Seminole,6688,6050,2166,44,254,15202,0.5250431778929189,0.4749568221070812,0.16208393632416787,
2026-08-10 09:07:38,STJ,St. Johns,3854,5020,830,19,84,9807,0.4343024566148298,0.5656975433851702,0.0951361272560416,
2026-08-10 09:07:38,SUM,Sumter,4776,8446,1580,30,172,15004,0.3612161548933595,0.6387838451066404,0.1187683284457478,
2026-08-10 09:07:38,SUW,Suwannee,349,944,33,3,8,1337,0.2699149265274555,0.7300850734725445,0.032909498878085267,
2026-08-10 09:07:38,TAY,Taylor,118,265,4,0,3,390,0.3080939947780678,0.6919060052219321,0.017948717948717947,
2026-08-10 09:07:38,UNI,Union,53,245,7,2,2,309,0.1778523489932885,0.8221476510067114,0.03559870550161812,
2026-08-10 09:07:38,VOL,Volusia,12108,14388,5302,105,647,32550,0.4569746376811594,0.5430253623188406,0.18599078341013825,
2026-08-10 09:07:38,WAK,Wakulla,323,624,73,1,13,1034,0.3410770855332629,0.6589229144667371,0.08413926499032882,
2026-08-10 09:07:38,WAL,Walton,571,2139,157,7,29,2903,0.2107011070110701,0.7892988929889299,0.06648294867378574,
2026-08-10 10:58:30,ALA,Alachua,6421,2904,1296,35,135,10791,0.6885790884718499,0.3114209115281501,0.13585395236771383,
2026-08-10 10:58:30,BAK,Baker,165,837,46,3,7,1058,0.1646706586826347,0.8353293413173652,0.052930056710775046,
2026-08-10 10:58:30,BAY,Bay,1724,4123,626,18,68,6559,0.2948520608859244,0.7051479391140756,0.10855313309955786,
2026-08-10 10:58:30,BRA,Bradford,194,678,17,0,2,891,0.2224770642201834,0.7775229357798165,0.02132435465768799,
2026-08-10 10:58:30,BRE,Brevard,12266,15009,3990,92,472,31829,0.4497158570119157,0.5502841429880844,0.1430770680825662,
2026-08-10 10:58:30,CAL,Calhoun,163,472,22,0,0,657,0.2566929133858268,0.7433070866141732,0.0334855403348554,
2026-08-10 10:58:30,CHA,Charlotte,5191,8385,2273,61,340,16250,0.3823659398939305,0.6176340601060696,0.16455384615384616,
2026-08-10 10:58:30,CIT,Citrus,3569,7617,1717,43,248,13194,0.3190595387091006,0.6809404612908994,0.15219038957101713,
2026-08-10 10:58:30,CLA,Clay,2220,4778,741,19,83,7841,0.3172334952843669,0.682766504715633,0.10751179696467288,
2026-08-10 10:58:30,CLL,Collier,5820,14653,2620,40,297,23430,0.2842768524397988,0.7157231475602013,0.12620571916346565,
2026-08-10 10:58:30,CLM,Columbia,863,1699,214,10,18,2804,0.3368462138953942,0.6631537861046057,0.08630527817403709,
2026-08-10 10:58:30,DES,DeSoto,239,392,0,0,0,631,0.3787638668779715,0.6212361331220285,0.0,
2026-08-10 10:58:30,DIX,Dixie,155,765,61,4,7,992,0.1684782608695652,0.8315217391304348,0.07258064516129033,
2026-08-10 10:58:30,DUV,Duval,11790,8786,2156,73,223,23028,0.57299766718507,0.42700233281493,0.10647906895952754,
2026-08-10 10:58:30,ESC,Escambia,4941,6519,1473,34,195,13162,0.4311518324607329,0.568848167539267,0.12931165476371373,
2026-08-10 10:58:30,FLA,Flagler,3226,3788,1033,24,106,8177,0.4599372683205018,0.5400627316794981,0.14222820105173045,
2026-08-10 10:58:30,FRA,Franklin,168,250,56,3,16,493,0.4019138755980861,0.5980861244019139,0.15212981744421908,
2026-08-10 10:58:30,GAD,Gadsden,1222,265,49,2,2,1540,0.8217888365837256,0.1782111634162743,0.03441558441558441,
2026-08-10 10:58:30,GIL,Gilchrist,171,597,51,3,6,828,0.22265625,0.77734375,0.07246376811594203,
2026-08-10 10:58:30,GLA,Glades,106,327,40,1,5,479,0.2448036951501154,0.7551963048498845,0.09603340292275574,
2026-08-10 10:58:30,GUL,Gulf,170,553,16,1,5,745,0.2351313969571231,0.7648686030428768,0.02953020134228188,
2026-08-10 10:58:30,HAM,Hamilton,167,317,15,2,3,504,0.3450413223140496,0.6549586776859504,0.03968253968253968,
2026-08-10 10:58:30,HAR,Hardee,113,427,19,3,3,565,0.2092592592592592,0.7907407407407407,0.04424778761061947,
2026-08-10 10:58:30,HEN,Hendry,367,852,82,5,8,1314,0.3010664479081214,0.6989335520918786,0.07229832572298325,
2026-08-10 10:58:30,HER,Hernando,3964,5152,1357,41,141,10655,0.4348398420359807,0.5651601579640193,0.14443923040825904,
2026-08-10 10:58:30,HIG,Highlands,1088,2259,424,11,51,3833,0.3250672243800418,0.6749327756199581,0.1267936342290634,
2026-08-10 10:58:30,HIL,Hillsborough,32438,30550,10250,224,995,74457,0.514986981647298,0.4850130183527021,0.1540352149562835,
2026-08-10 10:58:30,HOL,Holmes,97,444,16,2,1,560,0.1792975970425138,0.8207024029574861,0.033928571428571426,
2026-08-10 10:58:30,IND,Indian River,3733,5548,1340,34,191,10846,0.4022195884064217,0.5977804115935783,0.14429282684860778,
2026-08-10 10:58:30,JAC,Jackson,609,1051,36,4,3,1703,0.366867469879518,0.6331325301204819,0.02524955960070464,
2026-08-10 10:58:30,JEF,Jefferson,369,391,36,0,8,804,0.4855263157894737,0.5144736842105263,0.05472636815920398,
2026-08-10 10:58:30,LAF,Lafayette,43,227,2,0,0,272,0.1592592592592592,0.8407407407407408,0.007352941176470588,
2026-08-10 10:58:30,LAK,Lake,6382,7715,2269,27,226,16619,0.4527204369724055,0.5472795630275945,0.15175401648715325,
2026-08-10 10:58:30,LEE,Lee,17225,28755,8442,140,886,55448,0.374619399739017,0.6253806002609831,0.17075458086856155,
2026-08-10 10:58:30,LEO,Leon,8808,4267,1700,46,170,14991,0.6736520076481836,0.3263479923518164,0.1278100193449403,
2026-08-10 10:58:30,LEV,Levy,566,1406,141,14,24,2151,0.2870182555780933,0.7129817444219066,0.08321710832171084,
2026-08-10 10:58:30,LIB,Liberty,51,192,12,0,0,255,0.2098765432098765,0.7901234567901234,0.047058823529411764,
2026-08-10 10:58:30,MAD,Madison,256,301,28,3,2,590,0.459605026929982,0.5403949730700179,0.05593220338983051,
2026-08-10 10:58:30,MAN,Manatee,8416,10711,1221,10,140,20498,0.4400062738537146,0.5599937261462854,0.0668845741047907,
2026-08-10 10:58:30,MRN,Marion,6112,7155,1626,37,245,15175,0.4606919424135072,0.5393080575864928,0.1257331136738056,
2026-08-10 10:58:30,MRT,Martin,2714,3754,814,14,124,7420,0.419604205318491,0.5803957946815089,0.12830188679245283,
2026-08-10 10:58:30,DAD,Miami-Dade,45953,33198,17184,138,1141,97614,0.5805738398756807,0.4194261601243193,0.1891429508062368,
2026-08-10 10:58:30,MON,Monroe,2824,3046,829,29,104,6832,0.4810902896081772,0.5189097103918229,0.140807962529274,
2026-08-10 10:58:30,NAS,Nassau,1661,3569,767,20,120,6137,0.3175908221797323,0.6824091778202677,0.14779208082124817,
2026-08-10 10:58:30,OKA,Okaloosa,1417,3236,460,16,55,5184,0.3045347087900279,0.695465291209972,0.10243055555555555,
2026-08-10 10:58:30,OKE,Okeechobee,290,640,0,0,0,930,0.3118279569892473,0.6881720430107527,0.0,
2026-08-10 10:58:30,ORA,Orange,28772,17561,8233,201,690,55457,0.6209828847689551,0.3790171152310448,0.16452386533710803,
2026-08-10 10:58:30,OSC,Osceola,5863,4451,2214,61,167,12756,0.568450649602482,0.4315493503975179,0.19143932267168393,
2026-08-10 10:58:30,PAL,Palm Beach,37076,19962,8358,110,1035,66541,0.6500227918229952,0.3499772081770048,0.14281420477600276,
2026-08-10 10:58:30,PAS,Pasco,8689,8983,2963,60,338,21033,0.4916817564508827,0.5083182435491173,0.1597965102458042,
2026-08-10 10:58:30,PIN,Pinellas,25866,25822,10820,247,1029,63784,0.5004256307073208,0.4995743692926792,0.18964003511852504,
2026-08-10 10:58:30,POL,Polk,10358,11024,2931,68,371,24752,0.4844261528388364,0.5155738471611636,0.13615061409179055,
2026-08-10 10:58:30,PUT,Putnam,965,2037,152,8,15,3177,0.32145236508994,0.67854763491006,0.05508341202392194,
2026-08-10 10:58:30,SAN,Santa Rosa,1375,4489,394,10,58,6326,0.234481582537517,0.765518417462483,0.07303193171040152,
2026-08-10 10:58:30,SAR,Sarasota,15988,15454,4948,70,604,37064,0.5084918262197061,0.4915081737802939,0.15168357435786747,
2026-08-10 10:58:30,SEM,Seminole,6869,6316,2195,44,258,15682,0.5209708001516875,0.4790291998483125,0.15922713939548527,
2026-08-10 10:58:30,STJ,St. Johns,3993,5422,857,20,88,10380,0.4241104620286776,0.5758895379713224,0.09296724470134875,
2026-08-10 10:58:30,STL,St. Lucie,6451,5995,2041,44,256,14787,0.5183191386790937,0.4816808613209063,0.15831473591668357,
2026-08-10 10:58:30,SUM,Sumter,4846,8778,1589,30,174,15417,0.3556958308866705,0.6443041691133294,0.116300188104041,
2026-08-10 10:58:30,SUW,Suwannee,364,1011,33,3,8,1419,0.2647272727272727,0.7352727272727273,0.031007751937984496,
2026-08-10 10:58:30,TAY,Taylor,122,292,4,0,3,421,0.2946859903381642,0.7053140096618358,0.0166270783847981,
2026-08-10 10:58:30,UNI,Union,62,264,8,2,2,338,0.1901840490797546,0.8098159509202454,0.03550295857988166,
2026-08-10 10:58:30,VOL,Volusia,12281,14787,5340,107,657,33172,0.453709176887838,0.5462908231121619,0.18401061135897745,
2026-08-10 10:58:30,WAK,Wakulla,349,685,76,1,13,1124,0.3375241779497098,0.6624758220502901,0.0800711743772242,
2026-08-10 10:58:30,WAL,Walton,586,2224,163,7,29,3009,0.2085409252669039,0.7914590747330961,0.06613492854769026,
2026-08-10 10:58:30,WAS,Washington,165,531,21,3,4,724,0.2370689655172413,0.7629310344827587,0.03867403314917127,
2026-08-10 12:04:54,ALA,Alachua,6510,2961,1303,35,139,10948,0.6873614190687362,0.3126385809312638,0.13491048593350383,
2026-08-10 12:04:54,BAK,Baker,169,891,48,4,7,1119,0.1594339622641509,0.840566037735849,0.05272564789991063,
2026-08-10 12:04:54,BAY,Bay,1792,4432,638,18,71,6951,0.2879177377892031,0.712082262210797,0.10458926773126169,
2026-08-10 12:04:54,BRA,Bradford,198,692,18,0,2,910,0.2224719101123595,0.7775280898876404,0.02197802197802198,
2026-08-10 12:04:54,BRE,Brevard,12981,16088,4211,94,493,33867,0.4465581891361932,0.5534418108638068,0.14167183393864233,
2026-08-10 12:04:54,CAL,Calhoun,163,487,22,0,0,672,0.2507692307692307,0.7492307692307693,0.03273809523809524,
2026-08-10 12:04:54,CHA,Charlotte,5232,8598,2294,64,342,16530,0.3783080260303688,0.6216919739696313,0.16333938294010888,
2026-08-10 12:04:54,CIT,Citrus,3651,7851,1736,43,254,13535,0.3174230568596766,0.6825769431403235,0.15020317694865165,
2026-08-10 12:04:54,CLA,Clay,2269,5016,749,19,83,8136,0.311461908030199,0.688538091969801,0.1045968534906588,
2026-08-10 12:04:54,CLL,Collier,6345,15369,2801,45,319,24879,0.2922077922077922,0.7077922077922078,0.12721572410466658,
2026-08-10 12:04:54,CLM,Columbia,892,1761,215,12,18,2898,0.3362231436110064,0.6637768563889936,0.08454106280193237,
2026-08-10 12:04:54,DES,DeSoto,244,411,0,0,0,655,0.3725190839694656,0.6274809160305344,0.0,
2026-08-10 12:04:54,DIX,Dixie,159,790,62,4,7,1022,0.1675447839831401,0.8324552160168599,0.07142857142857142,
2026-08-10 12:04:54,DUV,Duval,12212,9167,2207,75,226,23887,0.5712147434398241,0.4287852565601758,0.10499434839033785,
2026-08-10 12:04:54,ESC,Escambia,5012,6707,1488,34,196,13437,0.4276815427937537,0.5723184572062463,0.12785592022028727,
2026-08-10 12:04:54,FLA,Flagler,3275,3947,1040,24,106,8392,0.4534754915535862,0.5465245084464138,0.1394184938036225,
2026-08-10 12:04:54,FRA,Franklin,179,282,60,3,17,541,0.3882863340563991,0.6117136659436009,0.1478743068391867,
2026-08-10 12:04:54,GAD,Gadsden,1314,277,56,2,2,1651,0.8258956631049654,0.1741043368950345,0.03634161114476075,
2026-08-10 12:04:54,GIL,Gilchrist,174,615,51,3,6,849,0.2205323193916349,0.779467680608365,0.0706713780918728,
2026-08-10 12:04:54,GLA,Glades,107,338,40,1,5,491,0.2404494382022471,0.7595505617977528,0.09368635437881874,
2026-08-10 12:04:54,GUL,Gulf,173,586,16,1,6,782,0.227931488801054,0.7720685111989459,0.029411764705882353,
2026-08-10 12:04:54,HAM,Hamilton,173,329,15,3,3,523,0.3446215139442231,0.6553784860557769,0.040152963671128104,
2026-08-10 12:04:54,HAR,Hardee,114,438,19,3,3,577,0.2065217391304347,0.7934782608695652,0.043327556325823226,
2026-08-10 12:04:54,HEN,Hendry,388,873,84,5,8,1358,0.3076923076923077,0.6923076923076923,0.07142857142857142,
2026-08-10 12:04:54,HER,Hernando,4110,5379,1402,42,144,11077,0.4331331014859311,0.5668668985140689,0.1433601155547531,
2026-08-10 12:04:54,HIG,Highlands,1124,2346,435,11,56,3972,0.3239193083573487,0.6760806916426513,0.12638469284994966,
2026-08-10 12:04:54,HIL,Hillsborough,32625,30827,10291,224,997,74964,0.5141681901279708,0.4858318098720292,0.15356704551518063,
2026-08-10 12:04:54,HOL,Holmes,101,473,17,2,1,594,0.1759581881533101,0.8240418118466899,0.03367003367003367,
2026-08-10 12:04:54,IND,Indian River,3890,5904,1367,37,199,11397,0.3971819481315091,0.6028180518684909,0.14065104852154076,
2026-08-10 12:04:54,JAC,Jackson,621,1080,38,4,3,1746,0.365079365079365,0.6349206349206349,0.02577319587628866,
2026-08-10 12:04:54,JEF,Jefferson,373,397,36,0,8,814,0.4844155844155844,0.5155844155844156,0.05405405405405406,
2026-08-10 12:04:54,LAF,Lafayette,45,238,2,0,0,285,0.1590106007067137,0.8409893992932862,0.007017543859649123,
2026-08-10 12:04:54,LAK,Lake,6381,7713,2267,27,226,16614,0.4527458492975734,0.5472541507024266,0.15167930660888407,
2026-08-10 12:04:54,LEE,Lee,17658,29817,8663,144,912,57194,0.3719431279620853,0.6280568720379147,0.1699304122810085,
2026-08-10 12:04:54,LEO,Leon,8990,4390,1734,46,174,15334,0.671898355754858,0.328101644245142,0.12742924220686058,
2026-08-10 12:04:54,LEV,Levy,574,1433,142,14,24,2187,0.2859990034877927,0.7140009965122073,0.0823045267489712,
2026-08-10 12:04:54,LIB,Liberty,55,199,15,0,0,269,0.2165354330708661,0.7834645669291339,0.055762081784386616,
2026-08-10 12:04:54,MAD,Madison,269,316,30,3,2,620,0.4598290598290598,0.5401709401709401,0.056451612903225805,
2026-08-10 12:04:54,MAN,Manatee,8521,10975,1229,10,140,20875,0.4370640131308986,0.5629359868691014,0.06605988023952096,
2026-08-10 12:04:54,MRN,Marion,6197,7378,1641,37,247,15500,0.456500920810313,0.5434990791896869,0.12419354838709677,
2026-08-10 12:04:54,MRT,Martin,2811,3952,832,15,126,7736,0.4156439449948247,0.5843560550051752,0.12577559462254395,
2026-08-10 12:04:54,DAD,Miami-Dade,46339,33554,17269,138,1146,98446,0.5800132677456098,0.4199867322543902,0.1884586473802897,
2026-08-10 12:04:54,MON,Monroe,2845,3074,832,29,104,6884,0.4806555161344821,0.5193444838655178,0.14018012783265543,
2026-08-10 12:04:54,NAS,Nassau,1679,3681,782,20,123,6285,0.3132462686567164,0.6867537313432835,0.147175815433572,
2026-08-10 12:04:54,OKA,Okaloosa,1466,3460,467,16,55,5464,0.2976045473000406,0.7023954526999594,0.09846266471449487,
2026-08-10 12:04:54,OKE,Okeechobee,297,658,0,0,0,955,0.3109947643979057,0.6890052356020943,0.0,
2026-08-10 12:04:54,ORA,Orange,28971,17758,8282,204,695,55910,0.6199790280125832,0.3800209719874168,0.16421033804328386,
2026-08-10 12:04:54,OSC,Osceola,6355,4738,2357,62,169,13681,0.5728838005949698,0.4271161994050302,0.1891674585191141,
2026-08-10 12:04:54,PAL,Palm Beach,37430,20290,8407,110,1038,67275,0.6484753984753985,0.3515246015246015,0.14202898550724638,
2026-08-10 12:04:54,PAS,Pasco,8810,9701,2987,60,341,21899,0.4759332288909297,0.5240667711090703,0.15471026074249966,
2026-08-10 12:04:54,PIN,Pinellas,25919,25898,10829,247,1032,63925,0.5002026362004748,0.4997973637995253,0.18940946421587798,
2026-08-10 12:04:54,POL,Polk,10454,11211,2943,68,374,25050,0.4825294253404108,0.5174705746595892,0.13512974051896207,
2026-08-10 12:04:54,PUT,Putnam,976,2080,153,8,15,3232,0.3193717277486911,0.680628272251309,0.054455445544554455,
2026-08-10 12:04:54,SAN,Santa Rosa,1400,4609,402,10,58,6479,0.2329838575470128,0.7670161424529872,0.07254205895971601,
2026-08-10 12:04:54,SAR,Sarasota,16489,15930,5067,72,621,38179,0.5086214873993645,0.4913785126006354,0.15086827837292752,
2026-08-10 12:04:54,SEM,Seminole,7050,6477,2219,47,259,16052,0.5211798624972278,0.4788201375027722,0.15730127086967355,
2026-08-10 12:04:54,STJ,St. Johns,4090,5772,888,21,91,10862,0.4147231798823768,0.5852768201176232,0.09206407659731172,
2026-08-10 12:04:54,STL,St. Lucie,6538,6169,2055,44,256,15062,0.5145195561501534,0.4854804438498465,0.15635373788341522,
2026-08-10 12:04:54,SUM,Sumter,4886,9029,1599,30,176,15720,0.3511318720804887,0.6488681279195113,0.11482188295165395,
2026-08-10 12:04:54,SUW,Suwannee,394,1095,38,4,8,1539,0.264607118871726,0.7353928811282741,0.03248862897985705,
2026-08-10 12:04:54,TAY,Taylor,129,308,4,0,3,444,0.2951945080091533,0.7048054919908466,0.015765765765765764,
2026-08-10 12:04:54,UNI,Union,65,280,8,2,3,358,0.1884057971014492,0.8115942028985508,0.036312849162011177,
2026-08-10 12:04:54,VOL,Volusia,12863,15589,5536,110,674,34772,0.4520947560804161,0.5479052439195838,0.18175543540779937,
2026-08-10 12:04:54,WAK,Wakulla,361,726,80,1,13,1181,0.3321067157313707,0.6678932842686293,0.07959356477561388,
2026-08-10 12:04:54,WAL,Walton,593,2323,166,7,29,3118,0.203360768175583,0.796639231824417,0.06478511866581142,
2026-08-10 12:04:54,WAS,Washington,169,556,23,3,4,755,0.233103448275862,0.766896551724138,0.039735099337748346,
2026-08-10 13:51:27,ALA,Alachua,6648,3049,1319,35,139,11190,0.68557285758482,0.3144271424151799,0.13342269883824845,
2026-08-10 13:51:27,BAK,Baker,173,953,50,4,7,1187,0.1536412078152753,0.8463587921847247,0.051390058972198824,
2026-08-10 13:51:27,BAY,Bay,1852,4730,655,18,74,7329,0.2813734427225767,0.7186265572774233,0.10192386410151454,
2026-08-10 13:51:27,BRA,Bradford,205,708,18,0,2,933,0.2245345016429353,0.7754654983570646,0.021436227224008574,
2026-08-10 13:51:27,BRE,Brevard,13203,16603,4261,100,498,34665,0.4429645037911829,0.557035496208817,0.14017020049040818,
2026-08-10 13:51:27,CAL,Calhoun,172,519,24,0,0,715,0.2489146164978292,0.7510853835021708,0.033566433566433566,
2026-08-10 13:51:27,CHA,Charlotte,5281,8825,2305,66,343,16820,0.3743796965830143,0.6256203034169857,0.16135552913198573,
2026-08-10 13:51:27,CIT,Citrus,3852,8300,1813,44,268,14277,0.3169848584595128,0.6830151415404871,0.14884079288365903,
2026-08-10 13:51:27,CLA,Clay,2410,5458,794,19,88,8769,0.306304016268429,0.6936959837315709,0.10274831793819135,
2026-08-10 13:51:27,CLL,Collier,6419,15806,2822,46,322,25415,0.2888188976377953,0.7111811023622048,0.12551642730670864,
2026-08-10 13:51:27,CLM,Columbia,914,1858,219,12,20,3023,0.3297258297258297,0.6702741702741702,0.0830301025471386,
2026-08-10 13:51:27,DES,DeSoto,253,428,0,0,0,681,0.3715124816446402,0.6284875183553598,0.0,
2026-08-10 13:51:27,DIX,Dixie,170,815,64,4,7,1060,0.1725888324873096,0.8274111675126904,0.07075471698113207,
2026-08-10 13:51:27,DUV,Duval,12799,9736,2264,80,233,25112,0.5679609496339029,0.4320390503660972,0.10262026122969098,
2026-08-10 13:51:27,ESC,Escambia,5151,6994,1515,35,197,13892,0.4241251543845203,0.5758748456154796,0.12575583069392457,
2026-08-10 13:51:27,FLA,Flagler,3348,4165,1060,27,106,8706,0.4456275788633036,0.5543724211366964,0.1370319320009189,
2026-08-10 13:51:27,FRA,Franklin,184,302,65,3,17,571,0.3786008230452675,0.6213991769547325,0.14886164623467601,
2026-08-10 13:51:27,GAD,Gadsden,1373,301,59,2,3,1738,0.8201911589008363,0.1798088410991636,0.03682393555811277,
2026-08-10 13:51:27,GIL,Gilchrist,183,648,51,3,6,891,0.2202166064981949,0.779783393501805,0.06734006734006734,
2026-08-10 13:51:27,GLA,Glades,108,347,40,1,5,501,0.2373626373626373,0.7626373626373626,0.09181636726546906,
2026-08-10 13:51:27,GUL,Gulf,183,617,16,1,6,823,0.22875,0.77125,0.027946537059538274,
2026-08-10 13:51:27,HAM,Hamilton,178,341,15,3,3,540,0.3429672447013487,0.6570327552986512,0.03888888888888889,
2026-08-10 13:51:27,HAR,Hardee,116,460,19,3,3,601,0.2013888888888889,0.7986111111111112,0.04159733777038269,
2026-08-10 13:51:27,HEN,Hendry,401,902,84,6,8,1401,0.3077513430544896,0.6922486569455104,0.06995003568879372,
2026-08-10 13:51:27,HER,Hernando,4238,5609,1456,43,151,11497,0.4303848887986188,0.5696151112013811,0.1435156997477603,
2026-08-10 13:51:27,HIG,Highlands,1162,2491,439,11,56,4159,0.3180947166712291,0.6819052833287709,0.12166386150516952,
2026-08-10 13:51:27,HIL,Hillsborough,32911,31219,10337,225,1003,75695,0.5131919538437548,0.4868080461562451,0.15278419974899266,
2026-08-10 13:51:27,HOL,Holmes,110,508,18,2,1,639,0.1779935275080906,0.8220064724919094,0.03286384976525822,
2026-08-10 13:51:27,IND,Indian River,3985,6165,1388,39,204,11781,0.3926108374384236,0.6073891625615764,0.1384432560903149,
2026-08-10 13:51:27,JAC,Jackson,641,1117,38,4,3,1803,0.3646188850967008,0.6353811149032992,0.024958402662229616,
2026-08-10 13:51:27,JEF,Jefferson,382,407,38,0,8,835,0.4841571609632446,0.5158428390367554,0.055089820359281436,
2026-08-10 13:51:27,LAF,Lafayette,50,252,4,0,0,306,0.1655629139072847,0.8344370860927153,0.013071895424836602,
2026-08-10 13:51:27,LAK,Lake,6462,7802,2267,27,226,16784,0.4530286034772854,0.5469713965227145,0.15014299332697809,
2026-08-10 13:51:27,LEE,Lee,17960,30587,8777,149,926,58399,0.3699507693575298,0.6300492306424702,0.16870151886162435,
2026-08-10 13:51:27,LEO,Leon,9170,4534,1764,46,177,15691,0.6691476941039113,0.3308523058960887,0.12663310177808934,
2026-08-10 13:51:27,LEV,Levy,582,1473,144,15,24,2238,0.2832116788321168,0.7167883211678832,0.08176943699731903,
2026-08-10 13:51:27,LIB,Liberty,62,211,16,0,0,289,0.2271062271062271,0.7728937728937729,0.05536332179930796,
2026-08-10 13:51:27,MAD,Madison,279,343,30,3,2,657,0.4485530546623794,0.5514469453376206,0.0532724505327245,
2026-08-10 13:51:27,MAN,Manatee,8714,11429,1241,10,143,21537,0.4326068609442486,0.5673931390557514,0.06472582068068905,
2026-08-10 13:51:27,MRN,Marion,6804,8310,1763,41,262,17180,0.4501786423183803,0.5498213576816197,0.12025611175785797,
2026-08-10 13:51:27,MRT,Martin,2918,4175,853,15,127,8088,0.4113915127590582,0.5886084872409417,0.1230217606330366,
2026-08-10 13:51:27,DAD,Miami-Dade,46816,33952,17369,140,1153,99430,0.5796354992076069,0.420364500792393,0.18768983204264306,
2026-08-10 13:51:27,MON,Monroe,2896,3121,845,29,104,6995,0.4813029749044374,0.5186970250955626,0.13981415296640456,
2026-08-10 13:51:27,NAS,Nassau,1784,3937,821,22,133,6697,0.3118335955252578,0.6881664044747422,0.14573689711811258,
2026-08-10 13:51:27,OKA,Okaloosa,1515,3672,476,17,57,5737,0.2920763447079236,0.7079236552920763,0.09586892103887049,
2026-08-10 13:51:27,OKE,Okeechobee,300,696,0,0,0,996,0.3012048192771084,0.6987951807228916,0.0,
2026-08-10 13:51:27,ORA,Orange,30033,18490,8615,213,721,58072,0.6189435937596603,0.3810564062403396,0.16443380630940901,
2026-08-10 13:51:27,OSC,Osceola,6966,5207,2620,67,190,15050,0.5722500616117637,0.4277499383882363,0.19116279069767442,
2026-08-10 13:51:27,PAL,Palm Beach,38498,21100,8581,112,1058,69349,0.6459612738682506,0.3540387261317494,0.14060765115574847,
2026-08-10 13:51:27,PAS,Pasco,9327,10002,3144,65,359,22897,0.4825391898184076,0.5174608101815924,0.15582827444643402,
2026-08-10 13:51:27,PIN,Pinellas,27525,28265,10853,249,1037,67929,0.4933679870944614,0.5066320129055386,0.1787012910538945,
2026-08-10 13:51:27,POL,Polk,10689,11567,2993,70,381,25700,0.4802749820273185,0.5197250179726816,0.13400778210116732,
2026-08-10 13:51:27,PUT,Putnam,1043,2208,163,9,15,3438,0.3208243617348508,0.6791756382651492,0.05439208842350204,
2026-08-10 13:51:27,SAN,Santa Rosa,1463,4872,421,11,61,6828,0.230939226519337,0.7690607734806629,0.07220269478617458,
2026-08-10 13:51:27,SAR,Sarasota,17319,16917,5317,74,642,40269,0.5058710129688048,0.4941289870311952,0.14981747746405424,
2026-08-10 13:51:27,SEM,Seminole,7284,6704,2281,49,266,16584,0.5207320560480412,0.4792679439519588,0.1565364206464062,
2026-08-10 13:51:27,STJ,St. Johns,4411,6433,977,23,100,11944,0.4067687200295094,0.5932312799704906,0.09209645010046885,
2026-08-10 13:51:27,STL,St. Lucie,6675,6400,2095,46,262,15478,0.5105162523900574,0.4894837476099426,0.155252616617134,
2026-08-10 13:51:27,SUM,Sumter,4962,9457,1625,30,177,16251,0.3441292738747486,0.6558707261252514,0.11273152421389453,
2026-08-10 13:51:27,SUW,Suwannee,413,1138,40,4,8,1603,0.2662798194713088,0.7337201805286911,0.032439176543980035,
2026-08-10 13:51:27,TAY,Taylor,133,331,4,0,3,471,0.2866379310344827,0.7133620689655172,0.014861995753715499,
2026-08-10 13:51:27,UNI,Union,68,297,8,2,3,378,0.1863013698630137,0.8136986301369863,0.03439153439153439,
2026-08-10 13:51:27,VOL,Volusia,13276,16325,5683,111,686,36081,0.4484983615418398,0.5515016384581602,0.17959590920429036,
2026-08-10 13:51:27,WAK,Wakulla,402,803,85,1,14,1305,0.333609958506224,0.6663900414937759,0.07662835249042145,
2026-08-10 13:51:27,WAL,Walton,606,2447,169,7,29,3258,0.1984932852931542,0.8015067147068458,0.06292203806015961,
2026-08-10 13:51:27,WAS,Washington,179,602,24,3,5,813,0.2291933418693982,0.7708066581306018,0.03936039360393604,
2026-08-10 14:57:08,ALA,Alachua,6727,3091,1321,35,139,11313,0.6851700957425138,0.3148299042574862,0.1321488552992133,
2026-08-10 14:57:08,BAK,Baker,175,979,50,4,7,1215,0.1516464471403812,0.8483535528596187,0.050205761316872426,
2026-08-10 14:57:08,BAY,Bay,1879,4860,661,20,76,7496,0.2788247514468022,0.7211752485531978,0.1009871931696905,
2026-08-10 14:57:08,BRA,Bradford,208,724,18,0,2,952,0.223175965665236,0.776824034334764,0.02100840336134454,
2026-08-10 14:57:08,BRE,Brevard,13303,16814,4278,101,502,34998,0.4417106617524985,0.5582893382475014,0.139465112292131,
2026-08-10 14:57:08,CAL,Calhoun,175,526,25,0,0,726,0.2496433666191155,0.7503566333808844,0.03443526170798898,
2026-08-10 14:57:08,CHA,Charlotte,5314,8932,2310,66,346,16968,0.373016987224484,0.6269830127755159,0.16041961338991043,
2026-08-10 14:57:08,CIT,Citrus,3876,8401,1825,45,268,14415,0.3157123075669952,0.6842876924330048,0.14831772459243844,
2026-08-10 14:57:08,CLA,Clay,2493,5677,814,19,92,9095,0.305140758873929,0.694859241126071,0.1017042330951072,
2026-08-10 14:57:08,CLL,Collier,6477,16024,2835,46,327,25709,0.2878538731611928,0.7121461268388072,0.12478120502547746,
2026-08-10 14:57:08,CLM,Columbia,930,1926,223,12,20,3111,0.3256302521008403,0.6743697478991597,0.08196721311475409,
2026-08-10 14:57:08,DES,DeSoto,258,441,0,0,0,699,0.3690987124463519,0.630901287553648,0.0,
2026-08-10 14:57:08,DIX,Dixie,174,825,65,4,7,1075,0.1741741741741741,0.8258258258258259,0.07069767441860465,
2026-08-10 14:57:08,DUV,Duval,13030,10423,2287,81,240,26061,0.5555792435935701,0.4444207564064298,0.10007290587467864,
2026-08-10 14:57:08,ESC,Escambia,5200,7126,1532,35,198,14091,0.4218724647087457,0.5781275352912543,0.1252572564047974,
2026-08-10 14:57:08,FLA,Flagler,3444,4309,1080,28,106,8967,0.444215142525474,0.555784857474526,0.13538530166164828,
2026-08-10 14:57:08,FRA,Franklin,185,307,65,3,17,577,0.3760162601626016,0.6239837398373984,0.14731369150779897,
2026-08-10 14:57:08,GAD,Gadsden,1399,306,59,2,3,1769,0.8205278592375367,0.1794721407624633,0.03617863199547767,
2026-08-10 14:57:08,GIL,Gilchrist,185,657,53,3,6,904,0.2197149643705463,0.7802850356294537,0.06858407079646017,
2026-08-10 14:57:08,GLA,Glades,110,355,41,1,6,513,0.2365591397849462,0.7634408602150538,0.0935672514619883,
2026-08-10 14:57:08,GUL,Gulf,188,642,16,1,6,853,0.2265060240963855,0.7734939759036145,0.026963657678780773,
2026-08-10 14:57:08,HAM,Hamilton,183,350,16,3,3,555,0.3433395872420263,0.6566604127579737,0.03963963963963964,
2026-08-10 14:57:08,HAR,Hardee,116,473,19,3,3,614,0.1969439728353141,0.8030560271646859,0.04071661237785016,
2026-08-10 14:57:08,HEN,Hendry,405,916,84,6,8,1419,0.3065859197577593,0.6934140802422407,0.06906272022551092,
2026-08-10 14:57:08,HER,Hernando,4378,5810,1508,44,157,11897,0.4297212406753042,0.5702787593246957,0.14364965957804487,
2026-08-10 14:57:08,HIG,Highlands,1173,2535,441,11,56,4216,0.3163430420711974,0.6836569579288025,0.1204933586337761,
2026-08-10 14:57:08,HIL,Hillsborough,33075,31394,10365,226,1005,76065,0.5130372737284586,0.4869627262715413,0.1524485637283902,
2026-08-10 14:57:08,HOL,Holmes,111,516,19,2,1,649,0.1770334928229665,0.8229665071770335,0.03389830508474576,
2026-08-10 14:57:08,IND,Indian River,4001,6255,1391,41,204,11892,0.3901131045241809,0.609886895475819,0.13757147662293978,
2026-08-10 14:57:08,JAC,Jackson,646,1123,38,4,3,1814,0.3651780667043527,0.6348219332956473,0.024807056229327454,
2026-08-10 14:57:08,JEF,Jefferson,383,414,39,0,8,844,0.480552070263488,0.5194479297365119,0.05568720379146919,
2026-08-10 14:57:08,LAF,Lafayette,52,261,4,0,0,317,0.1661341853035143,0.8338658146964856,0.012618296529968454,
2026-08-10 14:57:08,LAK,Lake,6513,7955,2295,27,228,17018,0.4501658833287255,0.5498341166712746,0.1498413444588083,
2026-08-10 14:57:08,LEE,Lee,18035,30849,8806,152,927,58769,0.3689346207348007,0.6310653792651992,0.16820092225493033,
2026-08-10 14:57:08,LEO,Leon,9272,4601,1777,47,177,15874,0.6683485907878614,0.3316514092121387,0.12605518457855613,
2026-08-10 14:57:08,LEV,Levy,633,1567,154,16,25,2395,0.2877272727272727,0.7122727272727273,0.081419624217119,
2026-08-10 14:57:08,LIB,Liberty,66,222,16,0,0,304,0.2291666666666666,0.7708333333333334,0.05263157894736842,
2026-08-10 14:57:08,MAD,Madison,287,353,31,3,2,676,0.4484375,0.5515625,0.05325443786982249,
2026-08-10 14:57:08,MAN,Manatee,8788,11671,1250,10,143,21862,0.4295420108509702,0.5704579891490298,0.06417528131003568,
2026-08-10 14:57:08,MRN,Marion,6857,8461,1772,43,262,17395,0.4476432954693824,0.5523567045306176,0.1194021270480023,
2026-08-10 14:57:08,MRT,Martin,2940,4248,859,15,127,8189,0.4090150250417362,0.5909849749582637,0.12223714739284405,
2026-08-10 14:57:08,DAD,Miami-Dade,47000,34139,17423,141,1155,99858,0.5792528870210379,0.420747112978962,0.18745618778665704,
2026-08-10 14:57:08,MON,Monroe,2906,3141,850,30,104,7031,0.4805688771291549,0.519431122870845,0.13995164272507468,
2026-08-10 14:57:08,NAS,Nassau,1813,4016,832,22,136,6819,0.3110310516383599,0.68896894836164,0.14518257809062912,
2026-08-10 14:57:08,OKA,Okaloosa,1535,3766,483,18,58,5860,0.2895680060365969,0.7104319939634032,0.09539249146757679,
2026-08-10 14:57:08,OKE,Okeechobee,302,710,0,0,0,1012,0.2984189723320158,0.7015810276679841,0.0,
2026-08-10 14:57:08,ORA,Orange,30200,18641,8644,214,723,58422,0.6183329579656436,0.3816670420343563,0.16399643969737426,
2026-08-10 14:57:08,OSC,Osceola,6997,5256,2632,67,193,15145,0.5710438260017955,0.4289561739982045,0.190954110267415,
2026-08-10 14:57:08,PAL,Palm Beach,38651,21287,8596,112,1059,69705,0.6448496780006007,0.3551503219993994,0.14011907323721398,
2026-08-10 14:57:08,PAS,Pasco,9396,10151,3163,66,360,23136,0.4806875735406968,0.5193124264593032,0.1551262102351314,
2026-08-10 14:57:08,PIN,Pinellas,27947,28334,12011,270,1103,69665,0.496561894777989,0.5034381052220109,0.19211942869446638,
2026-08-10 14:57:08,POL,Polk,10892,11811,3037,70,389,26199,0.4797603840902083,0.5202396159097916,0.13344020764151304,
2026-08-10 14:57:08,PUT,Putnam,1050,2249,163,9,17,3488,0.3182782661412549,0.6817217338587451,0.05418577981651376,
2026-08-10 14:57:08,SAN,Santa Rosa,1481,4958,424,12,61,6936,0.2300046591085572,0.7699953408914427,0.07165513264129181,
2026-08-10 14:57:08,SAR,Sarasota,17371,17029,5333,75,642,40450,0.5049709302325581,0.4950290697674419,0.14956736711990112,
2026-08-10 14:57:08,SEM,Seminole,7353,6842,2307,49,268,16819,0.5179992955265939,0.4820007044734061,0.15601403174980677,
2026-08-10 14:57:08,STJ,St. Johns,4621,6789,1015,24,105,12554,0.4049956178790534,0.5950043821209465,0.09112633423610005,
2026-08-10 14:57:08,STL,St. Lucie,6903,6514,2104,47,265,15833,0.5144965342475963,0.4855034657524036,0.15259268616181393,
2026-08-10 14:57:08,SUM,Sumter,4993,9666,1635,30,178,16502,0.3406098642472201,0.6593901357527798,0.111683432311235,
2026-08-10 14:57:08,SUW,Suwannee,415,1157,40,4,9,1625,0.2639949109414758,0.7360050890585241,0.032615384615384616,
2026-08-10 14:57:08,TAY,Taylor,134,337,4,0,3,478,0.2845010615711252,0.7154989384288747,0.014644351464435146,
2026-08-10 14:57:08,UNI,Union,70,300,8,2,3,383,0.1891891891891892,0.8108108108108109,0.033942558746736295,
2026-08-10 14:57:08,VOL,Volusia,13351,16489,5705,112,689,36346,0.4474195710455764,0.5525804289544236,0.17900181588070213,
2026-08-10 14:57:08,WAK,Wakulla,409,825,87,1,14,1336,0.3314424635332252,0.6685575364667747,0.07634730538922156,
2026-08-10 14:57:08,WAL,Walton,624,2541,174,7,29,3375,0.1971563981042654,0.8028436018957346,0.06222222222222222,
2026-08-10 14:57:08,WAS,Washington,184,614,24,3,5,830,0.2305764411027568,0.7694235588972431,0.03855421686746988,
2026-08-10 15:56:27,ALA,Alachua,6777,3135,1326,35,140,11413,0.6837167070217918,0.3162832929782082,0.13151669149215806,
2026-08-10 15:56:27,BAK,Baker,176,1010,51,4,7,1248,0.148397976391231,0.851602023608769,0.049679487179487176,
2026-08-10 15:56:27,BAY,Bay,1899,4957,676,22,78,7632,0.2769836639439906,0.7230163360560093,0.10167714884696016,
2026-08-10 15:56:27,BRA,Bradford,208,732,18,0,2,960,0.2212765957446808,0.7787234042553192,0.020833333333333332,
2026-08-10 15:56:27,BRE,Brevard,13424,16986,4300,101,504,35315,0.4414337389016771,0.558566261098323,0.13889282174713294,
2026-08-10 15:56:27,CAL,Calhoun,179,535,26,0,0,740,0.2507002801120448,0.7492997198879552,0.03513513513513514,
2026-08-10 15:56:27,CHA,Charlotte,5334,8996,2316,67,346,17059,0.3722260990928123,0.6277739009071878,0.15997420716337418,
2026-08-10 15:56:27,CIT,Citrus,3896,8492,1830,45,271,14534,0.3144979011947045,0.6855020988052954,0.14765377734966287,
2026-08-10 15:56:27,CLA,Clay,2514,5793,824,19,92,9242,0.3026363308053449,0.6973636691946551,0.10116857822982038,
2026-08-10 15:56:27,CLL,Collier,6514,16178,2846,46,328,25912,0.2870615194782302,0.7129384805217698,0.12426674899660389,
2026-08-10 15:56:27,CLM,Columbia,937,1967,226,12,20,3162,0.3226584022038568,0.6773415977961432,0.08159392789373814,
2026-08-10 15:56:27,DES,DeSoto,259,449,0,0,0,708,0.365819209039548,0.634180790960452,0.0,
2026-08-10 15:56:27,DIX,Dixie,177,839,65,4,7,1092,0.1742125984251968,0.8257874015748031,0.0695970695970696,
2026-08-10 15:56:27,DUV,Duval,13586,10805,2307,84,245,27027,0.5570087327292854,0.4429912672707146,0.09753209753209753,
2026-08-10 15:56:27,ESC,Escambia,5255,7263,1540,35,198,14291,0.4197954944879373,0.5802045055120626,0.12406409628437479,
2026-08-10 15:56:27,FLA,Flagler,3631,4501,1124,29,107,9392,0.4465076242006886,0.5534923757993113,0.13415672913117546,
2026-08-10 15:56:27,FRA,Franklin,189,312,66,3,17,587,0.3772455089820359,0.6227544910179641,0.1465076660988075,
2026-08-10 15:56:27,GAD,Gadsden,1421,312,61,2,3,1799,0.8199653779572995,0.1800346220427005,0.03668704836020011,
2026-08-10 15:56:27,GIL,Gilchrist,187,661,53,3,6,910,0.2205188679245283,0.7794811320754716,0.06813186813186813,
2026-08-10 15:56:27,GLA,Glades,110,358,41,1,6,516,0.235042735042735,0.7649572649572649,0.09302325581395349,
2026-08-10 15:56:27,GUL,Gulf,195,658,18,1,6,878,0.2286049237983587,0.7713950762016413,0.02847380410022779,
2026-08-10 15:56:27,HAM,Hamilton,192,364,16,3,3,578,0.3453237410071942,0.6546762589928058,0.03806228373702422,
2026-08-10 15:56:27,HAR,Hardee,120,478,20,3,3,624,0.2006688963210702,0.7993311036789298,0.041666666666666664,
2026-08-10 15:56:27,HEN,Hendry,409,926,87,7,8,1437,0.3063670411985019,0.6936329588014981,0.0709812108559499,
2026-08-10 15:56:27,HER,Hernando,4389,5853,1514,44,157,11957,0.4285295840656122,0.5714704159343879,0.1434306264113072,
2026-08-10 15:56:27,HIG,Highlands,1184,2576,442,11,56,4269,0.3148936170212766,0.6851063829787234,0.1192316701803701,
2026-08-10 15:56:27,HIL,Hillsborough,33217,31518,10390,228,1005,76358,0.5131227311346258,0.4868772688653742,0.15221718745907437,
2026-08-10 15:56:27,HOL,Holmes,114,528,20,2,1,665,0.1775700934579439,0.822429906542056,0.03458646616541353,
2026-08-10 15:56:27,IND,Indian River,4085,6416,1409,41,205,12156,0.3890105704218646,0.6109894295781354,0.1361467588022376,
2026-08-10 15:56:27,JAC,Jackson,658,1141,38,4,3,1844,0.3657587548638132,0.6342412451361867,0.02440347071583514,
2026-08-10 15:56:27,JEF,Jefferson,414,429,39,0,8,890,0.491103202846975,0.5088967971530249,0.052808988764044947,
2026-08-10 15:56:27,LAF,Lafayette,52,262,4,0,0,318,0.1656050955414012,0.8343949044585988,0.012578616352201259,
2026-08-10 15:56:27,LAK,Lake,6683,8097,2358,27,230,17395,0.4521650879566982,0.5478349120433018,0.15033055475711413,
2026-08-10 15:56:27,LEE,Lee,18081,31026,8826,153,927,59013,0.3681959802064878,0.6318040197935121,0.1678613186924915,
2026-08-10 15:56:27,LEO,Leon,9461,4687,1795,47,178,16168,0.6687164263500142,0.3312835736499858,0.12493814943097477,
2026-08-10 15:56:27,LEV,Levy,664,1658,159,17,28,2526,0.2859603789836348,0.7140396210163652,0.08076009501187649,
2026-08-10 15:56:27,LIB,Liberty,69,231,16,0,0,316,0.23,0.77,0.05063291139240506,
2026-08-10 15:56:27,MAD,Madison,294,358,34,3,2,691,0.450920245398773,0.549079754601227,0.056439942112879886,
2026-08-10 15:56:27,MAN,Manatee,8939,11902,1258,10,144,22253,0.4289141595892711,0.5710858404107289,0.06345211881544062,
2026-08-10 15:56:27,MRN,Marion,6885,8572,1777,43,262,17539,0.4454292553535615,0.5545707446464385,0.11870688180626034,
2026-08-10 15:56:27,MRT,Martin,2949,4289,861,15,128,8242,0.4074329925393755,0.5925670074606245,0.12181509342392623,
2026-08-10 15:56:27,DAD,Miami-Dade,47179,34296,17447,143,1160,100225,0.5790610616753605,0.4209389383246394,0.18707907208780244,
2026-08-10 15:56:27,MON,Monroe,2933,3182,857,31,104,7107,0.4796402289452167,0.5203597710547834,0.13958069508934853,
2026-08-10 15:56:27,NAS,Nassau,1837,4070,839,22,137,6905,0.3109869646182495,0.6890130353817505,0.14453294713975381,
2026-08-10 15:56:27,OKA,Okaloosa,1566,3861,493,18,59,5997,0.2885572139303483,0.7114427860696517,0.09504752376188094,
2026-08-10 15:56:27,OKE,Okeechobee,306,723,0,0,0,1029,0.2973760932944606,0.7026239067055393,0.0,
2026-08-10 15:56:27,ORA,Orange,30363,18748,8674,214,725,58724,0.6182525299830995,0.3817474700169005,0.16369797697704516,
2026-08-10 15:56:27,OSC,Osceola,7030,5274,2637,67,193,15201,0.5713589076723017,0.4286410923276983,0.1905795671337412,
2026-08-10 15:56:27,PAL,Palm Beach,38788,21476,8616,112,1061,70053,0.6436346741006239,0.3563653258993761,0.1397370562288553,
2026-08-10 15:56:27,PAS,Pasco,9446,10256,3180,67,361,23310,0.4794437112983453,0.5205562887016546,0.15478335478335478,
2026-08-10 15:56:27,PIN,Pinellas,28010,28405,12036,272,1104,69827,0.4964991580253479,0.5035008419746522,0.1920746988987068,
2026-08-10 15:56:27,POL,Polk,11056,12072,3072,71,394,26665,0.4780352819093739,0.5219647180906261,0.1326457903618976,
2026-08-10 15:56:27,PUT,Putnam,1059,2270,165,9,17,3520,0.3181135476118955,0.6818864523881045,0.054261363636363635,
2026-08-10 15:56:27,SAN,Santa Rosa,1495,5041,428,12,62,7038,0.2287331701346389,0.7712668298653611,0.07132708155726059,
2026-08-10 15:56:27,SAR,Sarasota,17435,17136,5345,75,642,40633,0.5043244337739724,0.4956755662260276,0.14918908276524007,
2026-08-10 15:56:27,SEM,Seminole,7415,6995,2317,49,269,17045,0.5145732130464955,0.4854267869535045,0.154590789087709,
2026-08-10 15:56:27,STJ,St. Johns,4677,6937,1037,27,107,12785,0.4027036335457207,0.5972963664542793,0.09159170903402425,
2026-08-10 15:56:27,STL,St. Lucie,7196,6578,2112,47,266,16199,0.5224335704951357,0.4775664295048642,0.1497005988023952,
2026-08-10 15:56:27,SUM,Sumter,5145,10047,1676,30,181,17079,0.3386650868878357,0.6613349131121643,0.11048656244510803,
2026-08-10 15:56:27,SUW,Suwannee,420,1178,41,4,9,1652,0.2628285356695869,0.737171464330413,0.03268765133171913,
2026-08-10 15:56:27,TAY,Taylor,139,343,4,0,3,489,0.2883817427385892,0.7116182572614108,0.014314928425357873,
2026-08-10 15:56:27,UNI,Union,70,303,8,2,3,386,0.1876675603217158,0.8123324396782842,0.03367875647668394,
2026-08-10 15:56:27,VOL,Volusia,13425,16636,5716,112,690,36579,0.4465919297428562,0.5534080702571438,0.17818967166953717,
2026-08-10 15:56:27,WAK,Wakulla,424,855,88,1,14,1382,0.3315089913995309,0.6684910086004691,0.07452966714905933,
2026-08-10 15:56:27,WAL,Walton,648,2621,180,7,29,3485,0.1982257571122667,0.8017742428877332,0.06197991391678623,
2026-08-10 15:56:27,WAS,Washington,191,643,24,3,5,866,0.2290167865707434,0.7709832134292566,0.03695150115473441,
2026-08-10 16:45:28,ALA,Alachua,6803,3146,1331,35,140,11455,0.6837873153080711,0.3162126846919288,0.13147097337407246,
2026-08-10 16:45:28,BAK,Baker,179,1034,52,4,7,1276,0.1475680131904369,0.8524319868095631,0.0493730407523511,
2026-08-10 16:45:28,BAY,Bay,1922,5021,679,22,78,7722,0.2768255797205818,0.7231744202794181,0.10088060088060088,
2026-08-10 16:45:28,BRA,Bradford,208,733,18,0,2,961,0.2210414452709883,0.7789585547290117,0.02081165452653486,
2026-08-10 16:45:28,BRE,Brevard,13475,17115,4314,103,505,35512,0.4405034324942792,0.5594965675057209,0.13860103626943004,
2026-08-10 16:45:28,CAL,Calhoun,179,539,26,0,0,744,0.2493036211699164,0.7506963788300836,0.03494623655913978,
2026-08-10 16:45:28,CHA,Charlotte,5395,9119,2332,67,348,17261,0.3717100730329337,0.6282899269670663,0.15914489311163896,
2026-08-10 16:45:28,CIT,Citrus,3902,8549,1837,45,272,14605,0.3133884828527829,0.6866115171472171,0.14748373844573776,
2026-08-10 16:45:28,CLA,Clay,2523,5851,829,19,92,9314,0.3012897062335801,0.6987102937664199,0.10092334120678548,
2026-08-10 16:45:28,CLL,Collier,6529,16273,2850,46,328,26026,0.2863345320585913,0.7136654679414086,0.12387612387612387,
2026-08-10 16:45:28,CLM,Columbia,944,1999,229,12,20,3204,0.3207611281005776,0.6792388718994223,0.08146067415730338,
2026-08-10 16:45:28,DES,DeSoto,293,491,0,0,0,784,0.3737244897959184,0.6262755102040817,0.0,
2026-08-10 16:45:28,DIX,Dixie,184,844,66,4,7,1105,0.178988326848249,0.8210116731517509,0.06968325791855204,
2026-08-10 16:45:28,DUV,Duval,14175,10917,2396,88,259,27835,0.5649210903873745,0.4350789096126255,0.09854499730555057,
2026-08-10 16:45:28,ESC,Escambia,5293,7352,1552,35,198,14430,0.418584420719652,0.5814155792803479,0.12370062370062371,
2026-08-10 16:45:28,FLA,Flagler,3662,4557,1129,29,107,9484,0.4455529869813845,0.5544470130186154,0.13338253901307465,
2026-08-10 16:45:28,FRA,Franklin,190,314,66,3,17,590,0.376984126984127,0.623015873015873,0.14576271186440679,
2026-08-10 16:45:28,GAD,Gadsden,1442,318,61,2,3,1826,0.8193181818181818,0.1806818181818182,0.03614457831325301,
2026-08-10 16:45:28,GIL,Gilchrist,190,668,53,3,6,920,0.2214452214452214,0.7785547785547785,0.06739130434782609,
2026-08-10 16:45:28,GLA,Glades,122,373,43,1,7,546,0.2464646464646464,0.7535353535353535,0.09340659340659341,
2026-08-10 16:45:28,GUL,Gulf,198,670,18,1,6,893,0.228110599078341,0.771889400921659,0.027995520716685332,
2026-08-10 16:45:28,HAM,Hamilton,194,365,16,3,3,581,0.3470483005366726,0.6529516994633273,0.0378657487091222,
2026-08-10 16:45:28,HAR,Hardee,122,487,20,3,3,635,0.2003284072249589,0.7996715927750411,0.04094488188976378,
2026-08-10 16:45:28,HEN,Hendry,414,941,88,7,8,1458,0.3055350553505535,0.6944649446494465,0.07064471879286695,
2026-08-10 16:45:28,HER,Hernando,4451,5919,1529,45,161,12105,0.4292189006750241,0.5707810993249759,0.14332920280875672,
2026-08-10 16:45:28,HIG,Highlands,1225,2635,456,11,56,4383,0.3173575129533679,0.6826424870466321,0.11932466347250742,
2026-08-10 16:45:28,HIL,Hillsborough,33314,31652,10403,228,1005,76602,0.512791306221716,0.487208693778284,0.15190203911125036,
2026-08-10 16:45:28,HOL,Holmes,114,538,20,2,1,675,0.1748466257668711,0.8251533742331288,0.034074074074074076,
2026-08-10 16:45:28,IND,Indian River,4104,6445,1415,41,207,12212,0.3890416153189875,0.6109583846810124,0.13617753029806748,
2026-08-10 16:45:28,JAC,Jackson,669,1176,38,4,3,1890,0.3626016260162601,0.6373983739837399,0.023809523809523808,
2026-08-10 16:45:28,JEF,Jefferson,421,435,39,0,8,903,0.491822429906542,0.508177570093458,0.05204872646733112,
2026-08-10 16:45:28,LAF,Lafayette,52,268,4,0,0,324,0.1625,0.8375,0.012345679012345678,
2026-08-10 16:45:28,LAK,Lake,6683,8100,2365,28,230,17406,0.4520733274707434,0.5479266725292565,0.15069516258761348,
2026-08-10 16:45:28,LEE,Lee,18117,31141,8843,154,927,59182,0.3677981241625725,0.6322018758374274,0.1676861207799669,
2026-08-10 16:45:28,LEO,Leon,9518,4734,1804,48,178,16282,0.6678360931799046,0.3321639068200954,0.12467755803955288,
2026-08-10 16:45:28,LEV,Levy,664,1668,159,17,28,2536,0.2847341337907376,0.7152658662092625,0.0804416403785489,
2026-08-10 16:45:28,LIB,Liberty,69,233,16,0,0,318,0.2284768211920529,0.7715231788079471,0.050314465408805034,
2026-08-10 16:45:28,MAD,Madison,305,373,35,3,2,718,0.4498525073746313,0.5501474926253688,0.055710306406685235,
2026-08-10 16:45:28,MAN,Manatee,9056,12051,1268,10,145,22530,0.4290519732790069,0.570948026720993,0.06316023080337328,
2026-08-10 16:45:28,MRN,Marion,6910,8625,1781,43,263,17622,0.4448020598648213,0.5551979401351786,0.11843150607195552,
2026-08-10 16:45:28,MRT,Martin,2962,4317,863,15,128,8285,0.4069240280258277,0.5930759719741723,0.12142426071213036,
2026-08-10 16:45:28,DAD,Miami-Dade,47345,34401,17468,143,1163,100520,0.5791720695813862,0.4208279304186137,0.18676880222841225,
2026-08-10 16:45:28,MON,Monroe,2953,3190,860,32,104,7139,0.4807097509360247,0.5192902490639753,0.13951533828267265,
2026-08-10 16:45:28,NAS,Nassau,1844,4098,840,22,137,6941,0.3103332211376641,0.689666778862336,0.14392738798444027,
2026-08-10 16:45:28,OKA,Okaloosa,1593,3990,503,18,61,6165,0.2853304674905964,0.7146695325094036,0.09440389294403893,
2026-08-10 16:45:28,OKE,Okeechobee,309,731,0,0,0,1040,0.2971153846153846,0.7028846153846153,0.0,
2026-08-10 16:45:28,ORA,Orange,30485,18828,8684,216,727,58940,0.6181939853588303,0.3818060146411696,0.16333559552086868,
2026-08-10 16:45:28,OSC,Osceola,7049,5294,2641,67,193,15244,0.5710929271651949,0.4289070728348051,0.19030438205195488,
2026-08-10 16:45:28,PAL,Palm Beach,38938,21587,8639,113,1062,70339,0.6433374638579099,0.35666253614209,0.13952430372908345,
2026-08-10 16:45:28,PAS,Pasco,9485,10348,3184,67,362,23446,0.4782433318207029,0.5217566681792971,0.15409878017572293,
2026-08-10 16:45:28,PIN,Pinellas,28034,28434,12040,272,1104,69884,0.4964581709995041,0.5035418290004958,0.19197527331005668,
2026-08-10 16:45:28,POL,Polk,11187,12267,3112,72,399,27037,0.4769762087490407,0.5230237912509593,0.13252209934534157,
2026-08-10 16:45:28,PUT,Putnam,1062,2280,170,9,17,3538,0.3177737881508079,0.6822262118491921,0.055398530243075186,
2026-08-10 16:45:28,SAN,Santa Rosa,1504,5095,431,12,63,7105,0.2279133202000303,0.7720866797999697,0.07121745249824067,
2026-08-10 16:45:28,SAR,Sarasota,17463,17188,5356,75,643,40725,0.503968139447635,0.496031860552365,0.14914671577655003,
2026-08-10 16:45:28,SEM,Seminole,7457,7143,2326,49,269,17244,0.5107534246575343,0.4892465753424657,0.15332869403850616,
2026-08-10 16:45:28,STJ,St. Johns,4704,7017,1044,27,108,12900,0.4013309444586639,0.5986690555413361,0.0913953488372093,
2026-08-10 16:45:28,STL,St. Lucie,7265,6920,2249,48,276,16758,0.5121607331688404,0.4878392668311597,0.15353860842582648,
2026-08-10 16:45:28,SUM,Sumter,5301,10424,1720,30,187,17662,0.3371065182829889,0.6628934817170111,0.10967047899445137,
2026-08-10 16:45:28,SUW,Suwannee,423,1190,42,5,9,1669,0.2622442653440793,0.7377557346559206,0.033553025763930495,
2026-08-10 16:45:28,TAY,Taylor,144,356,4,0,3,507,0.288,0.712,0.013806706114398421,
2026-08-10 16:45:28,UNI,Union,70,305,8,2,3,388,0.1866666666666666,0.8133333333333334,0.03350515463917526,
2026-08-10 16:45:28,VOL,Volusia,13468,16735,5729,112,692,36736,0.4459159686123895,0.5540840313876105,0.17783645470383275,
2026-08-10 16:45:28,WAK,Wakulla,426,860,89,2,14,1391,0.3312597200622084,0.6687402799377916,0.07548526240115025,
2026-08-10 16:45:28,WAL,Walton,651,2653,181,7,29,3521,0.1970338983050847,0.8029661016949152,0.061630218687872766,
2026-08-10 16:45:28,WAS,Washington,192,656,24,3,5,880,0.2264150943396226,0.7735849056603774,0.03636363636363636,
2026-08-10 17:41:06,ALA,Alachua,6846,3170,1335,35,140,11526,0.6835063897763578,0.3164936102236422,0.13100815547457922,
2026-08-10 17:41:06,BAK,Baker,181,1063,52,4,7,1307,0.1454983922829582,0.8545016077170418,0.04820198928844682,
2026-08-10 17:41:06,BAY,Bay,1935,5082,681,23,78,7799,0.2757588713125267,0.7242411286874733,0.10026926529042185,
2026-08-10 17:41:06,BRA,Bradford,211,740,18,0,2,971,0.2218717139852786,0.7781282860147214,0.02059732234809475,
2026-08-10 17:41:06,BRE,Brevard,13553,17227,4328,105,506,35719,0.4403183885640025,0.5596816114359974,0.1382737478652818,
2026-08-10 17:41:06,CAL,Calhoun,182,543,26,0,0,751,0.2510344827586206,0.7489655172413793,0.03462050599201065,
2026-08-10 17:41:06,CHA,Charlotte,5416,9167,2338,67,348,17336,0.3713913460879106,0.6286086539120894,0.15880249192431933,
2026-08-10 17:41:06,CIT,Citrus,3918,8609,1847,46,272,14692,0.3127644288337192,0.6872355711662809,0.14735910699700516,
2026-08-10 17:41:06,CLA,Clay,2541,5926,832,19,92,9410,0.3001062950277548,0.6998937049722452,0.10021253985122211,
2026-08-10 17:41:06,CLL,Collier,6544,16343,2856,48,329,26120,0.2859265084982741,0.7140734915017258,0.12377488514548239,
2026-08-10 17:41:06,CLM,Columbia,950,2025,229,13,20,3237,0.3193277310924369,0.680672268907563,0.08093914118010503,
2026-08-10 17:41:06,DES,DeSoto,295,494,0,0,0,789,0.3738910012674271,0.6261089987325729,0.0,
2026-08-10 17:41:06,DIX,Dixie,193,877,70,5,8,1153,0.1803738317757009,0.819626168224299,0.07198612315698179,
2026-08-10 17:41:06,DUV,Duval,14362,11045,2518,93,276,28294,0.5652772857873815,0.4347227142126185,0.10203576730048773,
2026-08-10 17:41:06,ESC,Escambia,5419,7528,1574,36,203,14760,0.4185525604387117,0.5814474395612883,0.1228319783197832,
2026-08-10 17:41:06,FLA,Flagler,3675,4590,1130,30,108,9533,0.4446460980036297,0.5553539019963702,0.13301164376376795,
2026-08-10 17:41:06,FRA,Franklin,192,314,66,3,17,592,0.3794466403162055,0.6205533596837944,0.14527027027027026,
2026-08-10 17:41:06,GAD,Gadsden,1462,320,62,2,3,1849,0.8204264870931538,0.1795735129068462,0.03623580313683072,
2026-08-10 17:41:06,GIL,Gilchrist,192,671,53,3,6,925,0.2224797219003476,0.7775202780996524,0.06702702702702702,
2026-08-10 17:41:06,GUL,Gulf,200,689,18,1,6,914,0.2249718785151856,0.7750281214848144,0.02735229759299781,
2026-08-10 17:41:06,HAM,Hamilton,195,365,16,3,3,582,0.3482142857142857,0.6517857142857143,0.037800687285223365,
2026-08-10 17:41:06,HAR,Hardee,123,488,20,3,3,637,0.2013093289689034,0.7986906710310966,0.04081632653061224,
2026-08-10 17:41:06,HEN,Hendry,415,949,88,7,8,1467,0.3042521994134897,0.6957478005865103,0.07021131561008861,
2026-08-10 17:41:06,HER,Hernando,4502,6001,1539,45,162,12249,0.4286394363515186,0.5713605636484814,0.14254224834680382,
2026-08-10 17:41:06,HIL,Hillsborough,33425,31765,10423,230,1008,76851,0.512732014112594,0.487267985887406,0.1517351758597806,
2026-08-10 17:41:06,HOL,Holmes,114,547,20,2,1,684,0.172465960665658,0.8275340393343419,0.033625730994152045,
2026-08-10 17:41:06,IND,Indian River,4107,6447,1415,41,207,12217,0.3891415577032405,0.6108584422967596,0.13612179749529343,
2026-08-10 17:41:06,JAC,Jackson,681,1207,38,4,3,1933,0.3606991525423729,0.6393008474576272,0.023279875840662184,
2026-08-10 17:41:06,JEF,Jefferson,424,437,39,0,8,908,0.4924506387921022,0.5075493612078978,0.051762114537444934,
2026-08-10 17:41:06,LAF,Lafayette,52,269,4,0,0,325,0.1619937694704049,0.838006230529595,0.012307692307692308,
2026-08-10 17:41:06,LAK,Lake,6685,8100,2365,28,230,17408,0.4521474467365573,0.5478525532634427,0.15067784926470587,
2026-08-10 17:41:06,LEE,Lee,18174,31241,8861,155,933,59364,0.367783061823333,0.632216938176667,0.167593154100128,
2026-08-10 17:41:06,LEO,Leon,9685,4793,1822,49,181,16530,0.668945987014781,0.3310540129852189,0.12413793103448276,
2026-08-10 17:41:06,LEV,Levy,664,1671,159,17,28,2539,0.2843683083511777,0.7156316916488222,0.08034659314690823,
2026-08-10 17:41:06,MAD,Madison,308,378,35,3,2,726,0.4489795918367347,0.5510204081632653,0.05509641873278237,
2026-08-10 17:41:06,MAN,Manatee,9088,12103,1272,10,145,22618,0.4288613090462932,0.5711386909537067,0.06309134317799982,
2026-08-10 17:41:06,MRN,Marion,6936,8698,1785,43,263,17725,0.4436484584879109,0.556351541512089,0.11796897038081805,
2026-08-10 17:41:06,MRT,Martin,2966,4327,864,15,128,8300,0.4066913478678184,0.5933086521321815,0.12132530120481928,
2026-08-10 17:41:06,DAD,Miami-Dade,47510,34522,17498,143,1163,100836,0.5791642285937195,0.4208357714062805,0.1864810186838034,
2026-08-10 17:41:06,MON,Monroe,2991,3212,866,32,108,7209,0.4821860390133806,0.5178139609866194,0.1395477874878624,
2026-08-10 17:41:06,NAS,Nassau,1856,4138,850,23,137,7004,0.309642976309643,0.690357023690357,0.14420331239291834,
2026-08-10 17:41:06,OKA,Okaloosa,1648,4114,509,18,64,6353,0.2860118014578271,0.7139881985421729,0.09302691641744058,
2026-08-10 17:41:06,OKE,Okeechobee,317,756,0,0,0,1073,0.2954333643988816,0.7045666356011183,0.0,
2026-08-10 17:41:06,ORA,Orange,30660,18923,8726,217,728,59254,0.6183570981989794,0.3816429018010205,0.1632126101191481,
2026-08-10 17:41:06,OSC,Osceola,7073,5308,2650,67,193,15291,0.5712785720054923,0.4287214279945077,0.1903080243280361,
2026-08-10 17:41:06,PAL,Palm Beach,39096,21725,8653,113,1067,70654,0.64280429456931,0.35719570543069,0.13917117219124184,
2026-08-10 17:41:06,PAS,Pasco,9534,10427,3197,68,363,23589,0.477631381193327,0.522368618806673,0.15380050023315953,
2026-08-10 17:41:06,PIN,Pinellas,28050,28453,12049,273,1105,69930,0.4964338176733979,0.5035661823266021,0.19200629200629202,
2026-08-10 17:41:06,POL,Polk,11331,12408,3136,74,404,27353,0.4773158094275243,0.5226841905724757,0.1321244470441999,
2026-08-10 17:41:06,PUT,Putnam,1069,2291,170,9,17,3556,0.3181547619047619,0.6818452380952381,0.05511811023622047,
2026-08-10 17:41:06,SAN,Santa Rosa,1518,5152,434,12,64,7180,0.2275862068965517,0.7724137931034483,0.07103064066852367,
2026-08-10 17:41:06,SAR,Sarasota,17472,17194,5360,75,644,40745,0.5040096924940864,0.4959903075059135,0.1491962203951405,
2026-08-10 17:41:06,SEM,Seminole,7841,7329,2393,52,276,17891,0.5168754119973632,0.4831245880026368,0.15208764183108825,
2026-08-10 17:41:06,STJ,St. Johns,4724,7111,1058,27,108,13028,0.3991550485847064,0.6008449514152936,0.09157199877187595,
2026-08-10 17:41:06,STL,St. Lucie,7375,7013,2268,50,276,16982,0.5125799277175423,0.4874200722824576,0.1527499705570604,
2026-08-10 17:41:06,SUM,Sumter,5311,10484,1723,30,187,17735,0.3362456473567585,0.6637543526432416,0.1093882153932901,
2026-08-10 17:41:06,SUW,Suwannee,424,1203,42,5,9,1683,0.2606023355869699,0.7393976644130301,0.033273915626856804,
2026-08-10 17:41:06,UNI,Union,70,309,9,2,3,393,0.1846965699208443,0.8153034300791556,0.035623409669211195,
2026-08-10 17:41:06,VOL,Volusia,13522,16843,5750,113,694,36922,0.4453153301498436,0.5546846698501564,0.17759059639239477,
2026-08-10 17:41:06,WAL,Walton,661,2687,182,7,29,3566,0.1974313022700119,0.8025686977299881,0.061132922041503085,
2026-08-10 17:41:06,WAS,Washington,194,668,24,3,5,894,0.2250580046403712,0.7749419953596288,0.035794183445190156,
2026-08-10 18:37:17,ALA,Alachua,6852,3175,1337,35,140,11539,0.6833549416575246,0.3166450583424753,0.13103388508536268,
2026-08-10 18:37:17,BAY,Bay,1969,5186,684,23,80,7942,0.2751921733053808,0.7248078266946192,0.09909342734827499,
2026-08-10 18:37:17,BRA,Bradford,215,744,18,0,2,979,0.2241918665276329,0.7758081334723671,0.020429009193054137,
2026-08-10 18:37:17,BRE,Brevard,13566,17239,4328,105,506,35744,0.4403830546989125,0.5596169453010875,0.13817703670546105,
2026-08-10 18:37:17,CAL,Calhoun,183,546,26,0,0,755,0.2510288065843621,0.7489711934156379,0.03443708609271523,
2026-08-10 18:37:17,CHA,Charlotte,5416,9169,2338,67,348,17338,0.3713404182379157,0.6286595817620844,0.15878417349175222,
2026-08-10 18:37:17,CIT,Citrus,3920,8612,1848,47,272,14699,0.3127992339610597,0.6872007660389403,0.14742499489761207,
2026-08-10 18:37:17,CLA,Clay,2545,5935,834,19,92,9425,0.3001179245283019,0.6998820754716981,0.10026525198938992,
2026-08-10 18:37:17,CLL,Collier,6551,16354,2856,48,329,26138,0.2860074219602707,0.7139925780397293,0.1236896472568674,
2026-08-10 18:37:17,CLM,Columbia,955,2030,230,13,20,3248,0.3199329983249581,0.6800670016750419,0.08097290640394089,
2026-08-10 18:37:17,DIX,Dixie,198,896,73,5,8,1180,0.1809872029250457,0.8190127970749543,0.07288135593220339,
2026-08-10 18:37:17,DUV,Duval,14437,11065,2522,93,276,28393,0.5661124617677045,0.4338875382322955,0.10182087134152784,
2026-08-10 18:37:17,ESC,Escambia,5457,7605,1581,36,203,14882,0.4177767570050528,0.5822232429949472,0.12229539040451552,
2026-08-10 18:37:17,FLA,Flagler,3681,4593,1132,30,108,9544,0.4448875997099347,0.5551124002900653,0.13306789606035205,
2026-08-10 18:37:17,GAD,Gadsden,1501,321,62,2,3,1889,0.8238199780461032,0.1761800219538968,0.035468501852832186,
2026-08-10 18:37:17,GUL,Gulf,203,694,18,1,6,922,0.2263099219620958,0.7736900780379041,0.027114967462039046,
2026-08-10 18:37:17,HEN,Hendry,419,950,91,7,10,1477,0.3060628195763331,0.6939371804236669,0.07312119160460392,
2026-08-10 18:37:17,HER,Hernando,4504,6011,1540,45,162,12262,0.428340466000951,0.571659533999049,0.14247267982384604,
2026-08-10 18:37:17,HIL,Hillsborough,33471,31810,10430,230,1008,76949,0.5127219252156063,0.4872780747843936,0.15163289971279678,
2026-08-10 18:37:17,JAC,Jackson,685,1222,38,4,3,1952,0.3592029365495542,0.6407970634504457,0.02305327868852459,
2026-08-10 18:37:17,LEE,Lee,18182,31254,8863,155,933,59387,0.3677886560401327,0.6322113439598673,0.1675619243268729,
2026-08-10 18:37:17,LEO,Leon,9706,4800,1824,49,181,16560,0.6691024403695023,0.3308975596304977,0.12403381642512078,
2026-08-10 18:37:17,MAD,Madison,311,380,35,3,2,731,0.4500723589001447,0.5499276410998553,0.05471956224350205,
2026-08-10 18:37:17,MAN,Manatee,9090,12122,1272,10,145,22639,0.4285310201772581,0.5714689798227418,0.06303281947082469,
2026-08-10 18:37:17,MRN,Marion,6938,8708,1785,43,263,17737,0.4434360219864502,0.5565639780135498,0.11788915825675142,
2026-08-10 18:37:17,DAD,Miami-Dade,47633,34648,17541,143,1167,101132,0.5789064304031307,0.4210935695968693,0.186399952537278,
2026-08-10 18:37:17,MON,Monroe,3006,3225,871,32,108,7242,0.4824265767934521,0.5175734232065479,0.1396023198011599,
2026-08-10 18:37:17,NAS,Nassau,1857,4148,850,23,137,7015,0.3092422980849292,0.6907577019150708,0.14397719173200285,
2026-08-10 18:37:17,OKA,Okaloosa,1675,4173,519,18,66,6451,0.2864227086183311,0.7135772913816689,0.09347388001860177,
2026-08-10 18:37:17,ORA,Orange,30822,18985,8762,217,731,59517,0.6188286786997812,0.3811713213002188,0.1631466639783591,
2026-08-10 18:37:17,OSC,Osceola,7079,5310,2650,67,193,15299,0.5713939785293406,0.4286060214706594,0.19020851036015426,
2026-08-10 18:37:17,PAL,Palm Beach,39196,21796,8669,114,1067,70842,0.6426416579223505,0.3573583420776495,0.139041811354846,
2026-08-10 18:37:17,PAS,Pasco,9538,10442,3199,68,363,23610,0.4773773773773774,0.5226226226226226,0.15374841168996187,
2026-08-10 18:37:17,PIN,Pinellas,28056,28459,12049,273,1106,69943,0.4964345748916217,0.5035654251083783,0.19198490199162174,
2026-08-10 18:37:17,POL,Polk,11384,12454,3142,74,407,27461,0.4775568420169477,0.5224431579830523,0.13193255890171515,
2026-08-10 18:37:17,PUT,Putnam,1077,2292,172,9,17,3567,0.3196794300979519,0.680320569902048,0.05550883095037847,
2026-08-10 18:37:17,SAR,Sarasota,17473,17194,5360,75,644,40746,0.504023999769233,0.495976000230767,0.14919255877877582,
2026-08-10 18:37:17,SEM,Seminole,7864,7343,2452,54,280,17993,0.5171302689550865,0.4828697310449135,0.15483799255265937,
2026-08-10 18:37:17,STJ,St. Johns,4725,7125,1058,27,108,13043,0.3987341772151899,0.6012658227848101,0.09146668711186076,
2026-08-10 18:37:17,STL,St. Lucie,7392,7024,2273,50,276,17015,0.5127635960044395,0.4872364039955605,0.15274757566852776,
2026-08-10 18:37:17,SUM,Sumter,5317,10502,1725,30,187,17761,0.3361147986598394,0.6638852013401606,0.1093406902764484,
2026-08-10 18:37:17,UNI,Union,70,310,9,2,3,394,0.1842105263157894,0.8157894736842105,0.03553299492385787,
2026-08-10 18:37:17,VOL,Volusia,13527,16859,5753,114,695,36948,0.4451721187388929,0.554827881261107,0.1776009526902674,
2026-08-10 18:37:17,WAS,Washington,194,670,24,3,5,896,0.224537037037037,0.7754629629629629,0.03571428571428571,
2026-08-10 19:34:52,BAY,Bay,1973,5211,691,23,80,7978,0.2746380846325167,0.7253619153674833,0.09952369014790674,
2026-08-10 19:34:52,ESC,Escambia,5461,7610,1581,36,203,14891,0.4177951189656491,0.5822048810343509,0.12222147605936472,
2026-08-10 19:34:52,GAD,Gadsden,1504,321,63,2,3,1893,0.8241095890410959,0.1758904109589041,0.03592181722134179,
2026-08-10 19:34:52,LAK,Lake,7113,9174,2429,29,238,18983,0.4367286793147909,0.563271320685209,0.14202180898698835,
2026-08-10 19:34:52,LEO,Leon,9803,4835,1834,49,181,16702,0.6696953135674273,0.3303046864325727,0.12357801460902886,
2026-08-10 19:34:52,DAD,Miami-Dade,47687,34689,17559,144,1167,101246,0.5788943381567447,0.4211056618432553,0.18637773344132114,
2026-08-10 19:34:52,MON,Monroe,3007,3227,871,32,108,7245,0.4823548283606031,0.5176451716393968,0.13954451345755695,
2026-08-10 19:34:52,OKA,Okaloosa,1679,4193,519,18,66,6475,0.285933242506812,0.714066757493188,0.09312741312741313,
2026-08-10 19:34:52,ORA,Orange,30919,19030,8789,219,732,59689,0.6190113916194518,0.3809886083805481,0.16317914523614066,
2026-08-10 19:34:52,PAL,Palm Beach,39283,21839,8679,115,1067,70983,0.6426982101371028,0.3573017898628972,0.13892058661933138,
2026-08-10 19:34:52,PAS,Pasco,9542,10448,3202,68,363,23623,0.4773386693346673,0.5226613306653327,0.1537907971045168,
2026-08-10 19:34:52,POL,Polk,11384,12455,3142,74,407,27462,0.4775368094299257,0.5224631905700743,0.13192775471560703,
2026-08-10 19:34:52,SAR,Sarasota,17475,17194,5361,75,644,40749,0.5040526118434336,0.4959473881565663,0.14920611548749663,
2026-08-10 19:34:52,SUM,Sumter,5317,10501,1725,30,187,17760,0.3361360475407763,0.6638639524592237,0.10934684684684684,
2026-08-10 21:44:35,LEO,Leon,9907,4898,1848,49,182,16884,0.6691658223573117,0.3308341776426883,0.12313432835820895,
2026-08-10 21:44:35,OKA,Okaloosa,1679,4194,519,18,66,6476,0.2858845564447471,0.7141154435552528,0.09311303273625694,
2026-08-10 21:44:35,ORA,Orange,31402,19211,8888,219,734,60454,0.6204334854681604,0.3795665145318396,0.16278492738280345,
2026-08-10 21:44:35,PAL,Palm Beach,40099,22109,8757,115,1074,72154,0.6445955504115226,0.3554044495884774,0.1378440557696039,
2026-08-10 21:44:35,STL,St. Lucie,7391,7024,2273,50,276,17014,0.5127297953520639,0.4872702046479362,0.15275655342658986,
2026-08-10 23:44:20,ORA,Orange,31408,19213,8888,219,734,60462,0.6204539617945122,0.3795460382054878,0.16276338857464193,
2026-08-11 07:43:12,IND,Indian River,4139,6483,1422,41,207,12292,0.3896629636603276,0.6103370363396724,0.13586072242108688,
2026-08-11 07:43:12,PAL,Palm Beach,40117,22123,8758,115,1074,72187,0.6445533419023136,0.3554466580976864,0.13779489381744636,
2026-08-11 07:43:12,SEM,Seminole,7864,7341,2452,54,280,17991,0.5171982900361723,0.4828017099638277,0.15485520538046801,
2026-08-11 09:05:18,BAK,Baker,181,1085,52,4,7,1329,0.1429699842022117,0.8570300157977883,0.04740406320541761,
2026-08-11 09:05:18,BRA,Bradford,215,746,18,0,2,981,0.2237252861602497,0.7762747138397502,0.020387359836901122,
2026-08-11 09:05:18,BRE,Brevard,13871,17585,4383,105,515,36459,0.4409651576805697,0.5590348423194303,0.13722263364327053,
2026-08-11 09:05:18,CHA,Charlotte,5534,9311,2376,68,350,17639,0.3727854496463456,0.6272145503536545,0.1583990022110097,
2026-08-11 09:05:18,CLA,Clay,2545,5936,834,19,92,9426,0.300082537436623,0.699917462563377,0.10025461489497135,
2026-08-11 09:05:18,CLL,Collier,6552,16354,2856,48,329,26139,0.286038592508513,0.713961407491487,0.12368491526072153,
2026-08-11 09:05:18,CLM,Columbia,964,2072,231,13,20,3300,0.3175230566534914,0.6824769433465085,0.08,
2026-08-11 09:05:18,DES,DeSoto,302,501,0,0,0,803,0.3760896637608966,0.6239103362391034,0.0,
2026-08-11 09:05:18,DIX,Dixie,200,907,73,5,8,1193,0.1806684733514001,0.8193315266485999,0.07208717518860017,
2026-08-11 09:05:18,DUV,Duval,14439,11066,2522,93,276,28396,0.5661242893550285,0.4338757106449716,0.10181011410057754,
2026-08-11 09:05:18,FRA,Franklin,194,321,66,3,17,601,0.3766990291262136,0.6233009708737864,0.14309484193011648,
2026-08-11 09:05:18,GIL,Gilchrist,194,673,53,3,6,929,0.223760092272203,0.776239907727797,0.06673842841765339,
2026-08-11 09:05:18,GLA,Glades,122,374,43,1,7,547,0.2459677419354838,0.7540322580645161,0.09323583180987204,
2026-08-11 09:05:18,GUL,Gulf,204,699,18,1,6,928,0.2259136212624584,0.7740863787375415,0.02693965517241379,
2026-08-11 09:05:18,HAR,Hardee,124,491,20,3,3,641,0.2016260162601626,0.7983739837398374,0.0405616224648986,
2026-08-11 09:05:18,HIG,Highlands,1236,2660,462,11,56,4425,0.3172484599589322,0.6827515400410678,0.11954802259887005,
2026-08-11 09:05:18,HIL,Hillsborough,33471,31809,10429,230,1008,76947,0.5127297794117647,0.4872702205882352,0.15162384498420992,
2026-08-11 09:05:18,IND,Indian River,4156,6527,1427,41,210,12361,0.3890292988860807,0.6109707011139193,0.13574953482727933,
2026-08-11 09:05:18,JEF,Jefferson,428,446,41,0,8,923,0.4897025171624714,0.5102974828375286,0.05308775731310943,
2026-08-11 09:05:18,LAF,Lafayette,52,273,4,0,0,329,0.16,0.84,0.0121580547112462,
2026-08-11 09:05:18,LAK,Lake,7115,9174,2429,29,239,18986,0.4367978390324759,0.5632021609675241,0.14205203834404298,
2026-08-11 09:05:18,LEE,Lee,18218,31305,8878,156,934,59491,0.3678694747894917,0.6321305252105083,0.1675547561816073,
2026-08-11 09:05:18,LEO,Leon,9917,4907,1853,49,182,16908,0.6689827307069617,0.3310172692930383,0.12325526378045895,
2026-08-11 09:05:18,LEV,Levy,671,1675,159,17,28,2550,0.2860187553282182,0.7139812446717817,0.08,
2026-08-11 09:05:18,LIB,Liberty,69,240,17,0,0,326,0.2233009708737864,0.7766990291262136,0.05214723926380368,
2026-08-11 09:05:18,MAD,Madison,314,386,36,3,2,741,0.4485714285714285,0.5514285714285714,0.0553306342780027,
2026-08-11 09:05:18,MAN,Manatee,9199,12334,1276,11,146,22966,0.427204755491571,0.5727952445084289,0.06239658625794653,
2026-08-11 09:05:18,MRN,Marion,6938,8710,1785,43,263,17739,0.4433793456032719,0.556620654396728,0.11787586673431422,
2026-08-11 09:05:18,MRT,Martin,2975,4349,866,15,128,8333,0.406198798470781,0.593801201529219,0.12108484339373575,
2026-08-11 09:05:18,DAD,Miami-Dade,47688,34689,17561,144,1167,101249,0.5788994500892239,0.421100549910776,0.18639196436508015,
2026-08-11 09:05:18,MON,Monroe,3011,3234,872,32,109,7258,0.4821457165732586,0.5178542834267414,0.13957012951226233,
2026-08-11 09:05:18,OKE,Okeechobee,319,765,0,0,0,1084,0.294280442804428,0.705719557195572,0.0,
2026-08-11 09:05:18,OSC,Osceola,7149,5362,2676,67,195,15449,0.5714171529054433,0.4285828470945568,0.19017412130234967,
2026-08-11 09:05:18,PAL,Palm Beach,40177,22207,8767,115,1078,72344,0.6440273146960759,0.355972685303924,0.13767555014928673,
2026-08-11 09:05:18,PIN,Pinellas,29846,29936,12518,277,1154,73731,0.4992472650630624,0.5007527349369375,0.18918772293879102,
2026-08-11 09:05:18,PUT,Putnam,1085,2302,174,9,17,3587,0.3203424859757898,0.6796575140242103,0.05575689991636465,
2026-08-11 09:05:18,SAR,Sarasota,17493,17244,5365,75,645,40822,0.5035840746178426,0.4964159253821573,0.14906178041252266,
2026-08-11 09:05:18,SEM,Seminole,7908,7514,2452,54,280,18208,0.5127739592789522,0.4872260407210478,0.1530096660808436,
2026-08-11 09:05:18,STJ,St. Johns,4733,7158,1061,27,108,13087,0.398032125136658,0.601967874863342,0.0913884007029877,
2026-08-11 09:05:18,SUM,Sumter,5331,10517,1726,30,187,17791,0.3363831398283695,0.6636168601716305,0.1092125231858805,
2026-08-11 09:05:18,SUW,Suwannee,425,1221,42,5,9,1702,0.2582017010935601,0.7417982989064399,0.03290246768507638,
2026-08-11 09:05:18,TAY,Taylor,152,373,6,0,3,534,0.2895238095238095,0.7104761904761905,0.016853932584269662,
2026-08-11 09:05:18,UNI,Union,72,310,9,2,3,396,0.1884816753926701,0.8115183246073299,0.03535353535353535,
2026-08-11 09:05:18,VOL,Volusia,13576,16972,5767,114,695,37124,0.4444153463401859,0.555584653659814,0.17713608447365586,
2026-08-11 09:05:18,WAK,Wakulla,427,875,89,2,14,1407,0.3279569892473118,0.6720430107526881,0.07462686567164178,
2026-08-11 10:57:27,ALA,Alachua,6980,3272,1349,37,140,11778,0.6808427623878268,0.3191572376121732,0.12956359313975208,
2026-08-11 10:57:27,BAK,Baker,195,1160,54,5,7,1421,0.1439114391143911,0.8560885608856088,0.04644616467276566,
2026-08-11 10:57:27,BAY,Bay,2045,5330,702,23,81,8181,0.2772881355932203,0.7227118644067797,0.09852096320743185,
2026-08-11 10:57:27,BRA,Bradford,218,758,20,0,2,998,0.2233606557377049,0.7766393442622951,0.022044088176352707,
2026-08-11 10:57:27,BRE,Brevard,14170,18051,4429,105,520,37275,0.4397753018217932,0.5602246981782067,0.1355868544600939,
2026-08-11 10:57:27,CAL,Calhoun,184,556,26,0,0,766,0.2486486486486486,0.7513513513513513,0.033942558746736295,
2026-08-11 10:57:27,CHA,Charlotte,5703,9775,2447,70,360,18355,0.3684584571650084,0.6315415428349916,0.15674203214383,
2026-08-11 10:57:27,CIT,Citrus,3978,8823,1872,48,277,14998,0.3107569721115538,0.6892430278884463,0.14648619815975464,
2026-08-11 10:57:27,CLA,Clay,2585,6153,849,19,94,9700,0.2958342870222019,0.7041657129777982,0.09917525773195876,
2026-08-11 10:57:27,CLL,Collier,6947,17263,2987,48,344,27589,0.2869475423378769,0.7130524576621231,0.12247634926963645,
2026-08-11 10:57:27,CLM,Columbia,990,2210,240,14,20,3474,0.309375,0.690625,0.07887161773172136,
2026-08-11 10:57:27,DES,DeSoto,306,528,0,0,0,834,0.3669064748201439,0.6330935251798561,0.0,
2026-08-11 10:57:27,DIX,Dixie,203,927,74,5,8,1217,0.179646017699115,0.820353982300885,0.0714872637633525,
2026-08-11 10:57:27,DUV,Duval,14835,11535,2571,98,281,29320,0.5625711035267349,0.437428896473265,0.10061391541609822,
2026-08-11 10:57:27,ESC,Escambia,5562,7812,1607,37,205,15223,0.4158815612382234,0.5841184387617766,0.1214609472508704,
2026-08-11 10:57:27,FLA,Flagler,3738,4768,1139,30,108,9783,0.4394545027039737,0.5605454972960263,0.13053255647551876,
2026-08-11 10:57:27,FRA,Franklin,211,336,66,3,17,633,0.3857404021937843,0.6142595978062158,0.1358609794628752,
2026-08-11 10:57:27,GAD,Gadsden,1568,334,68,2,3,1975,0.8243953732912723,0.1756046267087276,0.0369620253164557,
2026-08-11 10:57:27,GIL,Gilchrist,195,705,55,4,6,965,0.2166666666666666,0.7833333333333333,0.06735751295336788,
2026-08-11 10:57:27,GLA,Glades,124,389,43,1,7,564,0.2417153996101364,0.7582846003898636,0.09042553191489362,
2026-08-11 10:57:27,GUL,Gulf,210,723,19,1,6,959,0.22508038585209,0.77491961414791,0.027111574556830033,
2026-08-11 10:57:27,HAM,Hamilton,202,379,17,3,4,605,0.3476764199655766,0.6523235800344234,0.03966942148760331,
2026-08-11 10:57:27,HAR,Hardee,127,513,21,3,3,667,0.1984375,0.8015625,0.04047976011994003,
2026-08-11 10:57:27,HEN,Hendry,439,998,95,7,10,1549,0.3054975643702157,0.6945024356297843,0.07230471271788251,
2026-08-11 10:57:27,HER,Hernando,4631,6244,1572,47,163,12657,0.4258390804597701,0.5741609195402299,0.1407916567907087,
2026-08-11 10:57:27,HIG,Highlands,1265,2770,470,12,56,4573,0.3135068153655514,0.6864931846344485,0.11764705882352941,
2026-08-11 10:57:27,HIL,Hillsborough,33972,32397,10567,233,1017,78186,0.5118654793653664,0.4881345206346336,0.1511395902079656,
2026-08-11 10:57:27,HOL,Holmes,115,571,21,2,1,710,0.1676384839650145,0.8323615160349854,0.03380281690140845,
2026-08-11 10:57:27,IND,Indian River,4197,6746,1437,41,212,12633,0.3835328520515398,0.6164671479484602,0.13377661679727698,
2026-08-11 10:57:27,JAC,Jackson,701,1269,38,4,3,2015,0.3558375634517766,0.6441624365482234,0.022332506203473945,
2026-08-11 10:57:27,JEF,Jefferson,430,461,41,0,9,941,0.4826038159371493,0.5173961840628507,0.053134962805526036,
2026-08-11 10:57:27,LAF,Lafayette,54,287,5,0,0,346,0.158357771260997,0.841642228739003,0.014450867052023121,
2026-08-11 10:57:27,LAK,Lake,7115,9175,2429,29,239,18987,0.4367710251688152,0.5632289748311847,0.14204455680202244,
2026-08-11 10:57:27,LEE,Lee,19106,32825,9223,163,959,62276,0.3679112668733512,0.6320887331266488,0.16611535744106878,
2026-08-11 10:57:27,LEO,Leon,10050,5014,1864,50,184,17162,0.6671534784917684,0.3328465215082315,0.12224682437944295,
2026-08-11 10:57:27,LEV,Levy,680,1702,159,17,28,2586,0.2854743912678421,0.7145256087321579,0.07888631090487239,
2026-08-11 10:57:27,LIB,Liberty,71,250,17,0,0,338,0.2211838006230529,0.778816199376947,0.05029585798816568,
2026-08-11 10:57:27,MAD,Madison,336,415,37,3,2,793,0.4474034620505992,0.5525965379494008,0.05296343001261034,
2026-08-11 10:57:27,MAN,Manatee,9564,12860,1312,11,150,23897,0.4265073135925794,0.5734926864074206,0.06163953634347408,
2026-08-11 10:57:27,MRN,Marion,7019,8941,1796,43,263,18062,0.4397869674185464,0.5602130325814536,0.11637692392869006,
2026-08-11 10:57:27,MRT,Martin,3004,4443,869,15,131,8462,0.4033839129850947,0.5966160870149053,0.11994800283620893,
2026-08-11 10:57:27,DAD,Miami-Dade,49415,35845,18155,151,1198,104764,0.5795801079052311,0.4204198920947689,0.1861708220381047,
2026-08-11 10:57:27,MON,Monroe,3037,3276,882,32,111,7338,0.4810708062727705,0.5189291937272296,0.1396838375579177,
2026-08-11 10:57:27,NAS,Nassau,1886,4317,863,25,140,7231,0.3040464291471868,0.6959535708528132,0.14216567556354584,
2026-08-11 10:57:27,OKA,Okaloosa,1690,4209,523,18,66,6506,0.2864892354636379,0.7135107645363621,0.0932984936981248,
2026-08-11 10:57:27,OKE,Okeechobee,327,809,0,0,0,1136,0.2878521126760563,0.7121478873239436,0.0,
2026-08-11 10:57:27,ORA,Orange,31707,19441,8963,222,739,61072,0.6199069367326191,0.3800930632673809,0.16249672517684044,
2026-08-11 10:57:27,OSC,Osceola,7383,5539,2727,67,199,15915,0.5713511840272404,0.4286488159727596,0.18806157712849514,
2026-08-11 10:57:27,PAL,Palm Beach,40426,22508,8795,117,1084,72930,0.6423554835224203,0.3576445164775796,0.13706293706293707,
2026-08-11 10:57:27,PAS,Pasco,9646,10698,3220,69,366,23999,0.4741447109712937,0.5258552890287063,0.15229801241718405,
2026-08-11 10:57:27,PIN,Pinellas,29931,30047,12537,279,1154,73948,0.4990329787588782,0.5009670212411217,0.18891653594417698,
2026-08-11 10:57:27,POL,Polk,11515,12720,3166,76,413,27890,0.4751392613988033,0.5248607386011966,0.1310505557547508,
2026-08-11 10:57:27,PUT,Putnam,1107,2355,174,9,17,3662,0.3197573656845754,0.6802426343154246,0.054614964500273075,
2026-08-11 10:57:27,SAN,Santa Rosa,1561,5312,450,12,65,7400,0.2271206169067365,0.7728793830932635,0.07121621621621621,
2026-08-11 10:57:27,SAR,Sarasota,17578,17484,5393,76,647,41178,0.5013404825737265,0.4986595174262734,0.14852591189470105,
2026-08-11 10:57:27,SEM,Seminole,8360,7836,2553,57,285,19091,0.51617683378612,0.48382316621388,0.1516421350374522,
2026-08-11 10:57:27,STJ,St. Johns,4898,7649,1090,28,114,13779,0.3903722005260222,0.6096277994739778,0.08941142318020176,
2026-08-11 10:57:27,STL,St. Lucie,7510,7206,2290,50,277,17333,0.5103288937211199,0.4896711062788801,0.15098367276293775,
2026-08-11 10:57:27,SUM,Sumter,5421,10874,1741,30,188,18254,0.3326787358085302,0.6673212641914698,0.10731894379314123,
2026-08-11 10:57:27,SUW,Suwannee,440,1282,45,5,9,1781,0.2555168408826945,0.7444831591173054,0.03312745648512072,
2026-08-11 10:57:27,TAY,Taylor,157,390,6,0,3,556,0.2870201096892139,0.7129798903107861,0.01618705035971223,
2026-08-11 10:57:27,UNI,Union,78,330,9,2,3,422,0.1911764705882352,0.8088235294117647,0.03317535545023697,
2026-08-11 10:57:27,VOL,Volusia,13819,17423,5842,119,700,37903,0.4423212342359644,0.5576787657640356,0.17573806822678945,
2026-08-11 10:57:27,WAK,Wakulla,451,921,90,2,15,1479,0.3287172011661807,0.6712827988338192,0.07234617985125084,
2026-08-11 10:57:27,WAL,Walton,675,2761,184,7,30,3657,0.1964493597206053,0.8035506402793946,0.06043204812687995,
2026-08-11 10:57:27,WAS,Washington,201,696,26,3,5,931,0.2240802675585284,0.7759197324414716,0.036519871106337275,
2026-08-11 12:04:13,ALA,Alachua,7086,3357,1360,37,142,11982,0.6785406492387245,0.3214593507612755,0.128442663995994,
2026-08-11 12:04:13,BAK,Baker,198,1211,54,5,7,1475,0.1405251951738821,0.8594748048261178,0.04474576271186441,
2026-08-11 12:04:13,BAY,Bay,2096,5620,721,23,83,8543,0.2716433385173665,0.7283566614826334,0.0968044012641929,
2026-08-11 12:04:13,BRA,Bradford,222,775,20,0,2,1019,0.2226680040120361,0.7773319959879639,0.021589793915603533,
2026-08-11 12:04:13,BRE,Brevard,14398,18632,4523,107,534,38194,0.4359067514380866,0.5640932485619135,0.13520448237943133,
2026-08-11 12:04:13,CAL,Calhoun,185,563,27,0,0,775,0.2473262032085561,0.7526737967914439,0.03483870967741935,
2026-08-11 12:04:13,CHA,Charlotte,5733,9978,2454,71,360,18596,0.3649035707466107,0.6350964292533894,0.15514089051408905,
2026-08-11 12:04:13,CIT,Citrus,4030,9061,1906,48,284,15329,0.307845084409136,0.692154915590864,0.14599778198186444,
2026-08-11 12:04:13,CLA,Clay,2699,6487,865,21,98,10170,0.2938166775527977,0.7061833224472023,0.0967551622418879,
2026-08-11 12:04:13,CLL,Collier,6999,17560,3005,49,345,27958,0.2849871737448593,0.7150128262551407,0.12157521997281637,
2026-08-11 12:04:13,CLM,Columbia,1014,2287,245,14,20,3580,0.3071796425325659,0.6928203574674341,0.07793296089385475,
2026-08-11 12:04:13,DES,DeSoto,319,544,0,0,0,863,0.369640787949015,0.6303592120509849,0.0,
2026-08-11 12:04:13,DIX,Dixie,209,942,74,5,8,1238,0.1815812337098175,0.8184187662901824,0.07027463651050081,
2026-08-11 12:04:13,DUV,Duval,15227,11980,2610,99,286,30202,0.5596721431984416,0.4403278568015584,0.09916561817098206,
2026-08-11 12:04:13,ESC,Escambia,5640,8017,1624,37,205,15523,0.4129750311195724,0.5870249688804277,0.120208722540746,
2026-08-11 12:04:13,FLA,Flagler,3790,4929,1153,31,110,10013,0.4346828764766601,0.5653171235233398,0.1292319984020773,
2026-08-11 12:04:13,FRA,Franklin,217,346,67,3,17,650,0.3854351687388987,0.6145648312611013,0.13384615384615384,
2026-08-11 12:04:13,GAD,Gadsden,1608,352,68,2,3,2033,0.8204081632653061,0.1795918367346938,0.03590752582390556,
2026-08-11 12:04:13,GIL,Gilchrist,198,724,56,4,6,988,0.2147505422993492,0.7852494577006508,0.06680161943319839,
2026-08-11 12:04:13,GLA,Glades,125,396,43,1,7,572,0.2399232245681382,0.7600767754318618,0.08916083916083917,
2026-08-11 12:04:13,GUL,Gulf,217,741,19,1,6,984,0.2265135699373695,0.7734864300626305,0.026422764227642278,
2026-08-11 12:04:13,HAM,Hamilton,206,390,18,3,4,621,0.3456375838926174,0.6543624161073825,0.040257648953301126,
2026-08-11 12:04:13,HAR,Hardee,128,521,22,3,3,677,0.197226502311248,0.802773497688752,0.0413589364844904,
2026-08-11 12:04:13,HEN,Hendry,461,1027,97,7,11,1603,0.3098118279569892,0.6901881720430108,0.07174048658764816,
2026-08-11 12:04:13,HER,Hernando,4668,6367,1585,47,164,12831,0.4230176710466697,0.5769823289533303,0.13997350167562933,
2026-08-11 12:04:13,HIG,Highlands,1286,2872,476,12,57,4703,0.3092833092833092,0.6907166907166907,0.11588347863066129,
2026-08-11 12:04:13,HIL,Hillsborough,35702,33706,10985,242,1062,81697,0.5143787459658828,0.4856212540341171,0.15042168011065277,
2026-08-11 12:04:13,HOL,Holmes,118,586,21,2,1,728,0.1676136363636363,0.8323863636363636,0.03296703296703297,
2026-08-11 12:04:13,IND,Indian River,4249,6893,1439,42,214,12837,0.3813498474241608,0.6186501525758392,0.13204019630754849,
2026-08-11 12:04:13,JAC,Jackson,723,1299,38,5,3,2068,0.357566765578635,0.642433234421365,0.022243713733075435,
2026-08-11 12:04:13,JEF,Jefferson,432,475,41,0,9,957,0.4762954796030871,0.523704520396913,0.0522466039707419,
2026-08-11 12:04:13,LAF,Lafayette,54,304,5,0,0,363,0.1508379888268156,0.8491620111731844,0.013774104683195593,
2026-08-11 12:04:13,LAK,Lake,7117,9176,2429,29,239,18990,0.4368133554287117,0.5631866445712883,0.1420221169036335,
2026-08-11 12:04:13,LEE,Lee,19754,34326,9546,173,990,64789,0.3652736686390532,0.6347263313609467,0.16529040423528685,
2026-08-11 12:04:13,LEO,Leon,10255,5108,1881,50,186,17480,0.6675128555620647,0.3324871444379353,0.12110983981693364,
2026-08-11 12:04:13,LEV,Levy,702,1751,163,17,30,2663,0.286180187525479,0.713819812474521,0.07885843034171987,
2026-08-11 12:04:13,LIB,Liberty,79,271,17,0,0,367,0.2257142857142857,0.7742857142857142,0.04632152588555858,
2026-08-11 12:04:13,MAD,Madison,348,435,37,3,3,826,0.4444444444444444,0.5555555555555556,0.05205811138014528,
2026-08-11 12:04:13,MAN,Manatee,9711,13138,1327,11,151,24338,0.4250076589785111,0.5749923410214889,0.0611800476620922,
2026-08-11 12:04:13,MRN,Marion,7274,9320,1835,43,266,18738,0.438351211281186,0.5616487887188141,0.11441989539972248,
2026-08-11 12:04:13,MRT,Martin,3074,4610,886,16,132,8718,0.4000520562207184,0.5999479437792816,0.11860518467538426,
2026-08-11 12:04:13,DAD,Miami-Dade,49809,36303,18244,151,1204,105711,0.5784211259754738,0.4215788740245262,0.18540170843147827,
2026-08-11 12:04:13,MON,Monroe,3063,3302,887,32,111,7395,0.4812254516889238,0.5187745483110762,0.13928329952670723,
2026-08-11 12:04:13,NAS,Nassau,1920,4427,874,26,143,7390,0.3025051205293839,0.6974948794706161,0.14113667117726658,
2026-08-11 12:04:13,OKA,Okaloosa,1738,4447,530,20,66,6801,0.281002425222312,0.718997574777688,0.09057491545360977,
2026-08-11 12:04:13,OKE,Okeechobee,334,830,0,0,0,1164,0.2869415807560137,0.7130584192439863,0.0,
2026-08-11 12:04:13,ORA,Orange,31958,19625,9011,225,743,61562,0.6195451989996704,0.3804548010003296,0.16209674799389234,
2026-08-11 12:04:13,OSC,Osceola,7519,5632,2771,69,201,16192,0.5717435936430689,0.428256406356931,0.18780879446640317,
2026-08-11 12:04:13,PAL,Palm Beach,40685,22753,8818,117,1086,73459,0.6413348466218985,0.3586651533781014,0.13641623218393933,
2026-08-11 12:04:13,PAS,Pasco,9732,10925,3234,71,370,24332,0.4711235900663213,0.5288764099336787,0.1510356731875719,
2026-08-11 12:04:13,PIN,Pinellas,29975,30138,12552,280,1154,74099,0.4986442200522349,0.501355779947765,0.18874748647080258,
2026-08-11 12:04:13,POL,Polk,11618,12921,3176,77,417,28209,0.4734504258527242,0.5265495741472758,0.13010032259208054,
2026-08-11 12:04:13,PUT,Putnam,1126,2393,174,9,17,3719,0.3199772662688264,0.6800227337311736,0.05377789728421619,
2026-08-11 12:04:13,SAN,Santa Rosa,1582,5430,454,12,65,7543,0.2256132344552196,0.7743867655447804,0.07039639400768925,
2026-08-11 12:04:13,SAR,Sarasota,17695,17707,5436,78,656,41572,0.4998305180498277,0.5001694819501723,0.14841720388723179,
2026-08-11 12:04:13,SEM,Seminole,8513,8055,2596,57,289,19510,0.5138218252052149,0.4861781747947851,0.15079446437724245,
2026-08-11 12:04:13,STJ,St. Johns,5057,8024,1119,30,116,14346,0.3865912392018958,0.6134087607981041,0.08817788930712393,
2026-08-11 12:04:13,STL,St. Lucie,7678,7411,2306,51,281,17727,0.5088475048048247,0.4911524951951753,0.14881254583403847,
2026-08-11 12:04:13,SUM,Sumter,5483,11211,1765,30,190,18679,0.3284413561758715,0.6715586438241284,0.10626907222014026,
2026-08-11 12:04:13,SUW,Suwannee,451,1322,47,5,9,1834,0.2543711223914269,0.745628877608573,0.03326063249727372,
2026-08-11 12:04:13,TAY,Taylor,159,403,6,0,3,571,0.2829181494661921,0.7170818505338078,0.01576182136602452,
2026-08-11 12:04:13,UNI,Union,79,336,9,2,3,429,0.1903614457831325,0.8096385542168675,0.03263403263403263,
2026-08-11 12:04:13,VOL,Volusia,14434,18158,6011,120,719,39442,0.4428694158075601,0.5571305841924399,0.1736727346483444,
2026-08-11 12:04:13,WAK,Wakulla,468,954,94,2,16,1534,0.3291139240506329,0.6708860759493671,0.07301173402868318,
2026-08-11 12:04:13,WAL,Walton,688,2851,187,7,30,3763,0.194405199208816,0.805594800791184,0.059526973159713,
2026-08-11 12:04:13,WAS,Washington,206,727,30,3,5,971,0.2207931404072883,0.7792068595927116,0.03913491246138002,
2026-08-11 13:57:06,ALA,Alachua,7226,3448,1377,38,145,12234,0.6769720816938355,0.3230279183061645,0.12751348700343307,
2026-08-11 13:57:06,BAK,Baker,203,1283,55,5,8,1554,0.1366083445491251,0.8633916554508748,0.043758043758043756,
2026-08-11 13:57:06,BAY,Bay,2156,5942,736,24,86,8944,0.266238577426525,0.733761422573475,0.09458855098389982,
2026-08-11 13:57:06,BRA,Bradford,228,788,20,0,2,1038,0.2244094488188976,0.7755905511811023,0.02119460500963391,
2026-08-11 13:57:06,BRE,Brevard,14643,19188,4560,107,541,39039,0.432827879755254,0.567172120244746,0.13340505648197956,
2026-08-11 13:57:06,CAL,Calhoun,192,596,27,0,1,816,0.2436548223350254,0.7563451776649747,0.03431372549019608,
2026-08-11 13:57:06,CHA,Charlotte,5790,10189,2468,72,363,18882,0.3623505851430001,0.6376494148569998,0.1537443067471666,
2026-08-11 13:57:06,CIT,Citrus,4107,9355,1933,49,289,15733,0.3050809686525033,0.6949190313474967,0.14434627852285006,
2026-08-11 13:57:06,CLA,Clay,2770,6798,876,21,99,10564,0.2895066889632107,0.7104933110367893,0.09428246876183263,
2026-08-11 13:57:06,CLL,Collier,7071,17970,3027,50,349,28467,0.2823769018809153,0.7176230981190846,0.12034987880703973,
2026-08-11 13:57:06,CLM,Columbia,1092,2438,270,15,22,3837,0.3093484419263456,0.6906515580736544,0.08001042481105029,
2026-08-11 13:57:06,DES,DeSoto,325,574,0,0,0,899,0.3615127919911012,0.6384872080088988,0.0,
2026-08-11 13:57:06,DIX,Dixie,216,980,78,5,9,1288,0.1806020066889632,0.8193979933110368,0.07142857142857142,
2026-08-11 13:57:06,DUV,Duval,15861,12603,2715,100,295,31574,0.5572301854974705,0.4427698145025295,0.09849876480648635,
2026-08-11 13:57:06,ESC,Escambia,5813,8404,1664,37,211,16129,0.4088766969121474,0.5911233030878525,0.11854423708847418,
2026-08-11 13:57:06,FLA,Flagler,3862,5133,1173,32,114,10314,0.42934963868816,0.5706503613118399,0.12788442893154936,
2026-08-11 13:57:06,FRA,Franklin,224,358,69,3,17,671,0.3848797250859107,0.6151202749140894,0.13263785394932937,
2026-08-11 13:57:06,GAD,Gadsden,1665,365,70,2,3,2105,0.8201970443349754,0.1798029556650246,0.035629453681710214,
2026-08-11 13:57:06,GIL,Gilchrist,202,757,56,4,6,1025,0.2106360792492179,0.7893639207507821,0.06439024390243903,
2026-08-11 13:57:06,GLA,Glades,125,401,43,1,7,577,0.2376425855513308,0.7623574144486692,0.08838821490467938,
2026-08-11 13:57:06,GUL,Gulf,229,778,19,1,6,1033,0.2274081429990069,0.7725918570009931,0.02516940948693127,
2026-08-11 13:57:06,HAM,Hamilton,212,407,21,3,4,647,0.3424878836833602,0.6575121163166397,0.04327666151468315,
2026-08-11 13:57:06,HAR,Hardee,145,551,25,3,3,727,0.2083333333333333,0.7916666666666666,0.04264099037138927,
2026-08-11 13:57:06,HEN,Hendry,468,1050,98,7,11,1634,0.308300395256917,0.691699604743083,0.07099143206854346,
2026-08-11 13:57:06,HER,Hernando,4719,6515,1601,48,166,13049,0.4200640911518604,0.5799359088481396,0.1390911180933405,
2026-08-11 13:57:06,HIG,Highlands,1302,2984,481,12,58,4837,0.3037797480167988,0.6962202519832011,0.11391358279925573,
2026-08-11 13:57:06,HIL,Hillsborough,36793,35037,11304,249,1096,84479,0.5122233050257553,0.4877766949742447,0.14972951857858166,
2026-08-11 13:57:06,HOL,Holmes,124,614,22,2,1,763,0.1680216802168021,0.8319783197831978,0.0327653997378768,
2026-08-11 13:57:06,IND,Indian River,4352,7187,1458,43,216,13256,0.3771557327324725,0.6228442672675275,0.12952625226312614,
2026-08-11 13:57:06,JAC,Jackson,734,1358,38,5,3,2138,0.3508604206500956,0.6491395793499044,0.021515434985968196,
2026-08-11 13:57:06,JEF,Jefferson,436,497,41,0,10,984,0.4673097534833869,0.5326902465166131,0.051829268292682924,
2026-08-11 13:57:06,LAF,Lafayette,55,323,5,0,0,383,0.1455026455026455,0.8544973544973545,0.013054830287206266,
2026-08-11 13:57:06,LAK,Lake,7344,9471,2473,31,244,19563,0.4367528991971454,0.5632471008028546,0.1404692531820273,
2026-08-11 13:57:06,LEE,Lee,20026,35150,9687,176,1003,66042,0.3629476584022038,0.6370523415977961,0.16453166166984645,
2026-08-11 13:57:06,LEO,Leon,10870,5486,1988,53,201,18598,0.6645879188065542,0.3354120811934458,0.12055059683836972,
2026-08-11 13:57:06,LEV,Levy,714,1774,163,17,30,2698,0.2869774919614148,0.7130225080385852,0.07783543365455893,
2026-08-11 13:57:06,LIB,Liberty,82,295,17,0,0,394,0.2175066312997347,0.7824933687002652,0.04314720812182741,
2026-08-11 13:57:06,MAD,Madison,357,455,38,3,3,856,0.4396551724137931,0.5603448275862069,0.0514018691588785,
2026-08-11 13:57:06,MAN,Manatee,9969,13584,1354,11,151,25069,0.4232581836708699,0.57674181632913,0.06047309425984283,
2026-08-11 13:57:06,MRN,Marion,7412,9617,1853,45,273,19200,0.435257501908509,0.564742498091491,0.11307291666666666,
2026-08-11 13:57:06,MRT,Martin,3238,4882,917,16,139,9192,0.3987684729064039,0.6012315270935961,0.11662315056570931,
2026-08-11 13:57:06,DAD,Miami-Dade,50342,36772,18317,153,1209,106793,0.577886447643318,0.4221135523566821,0.1842723774030133,
2026-08-11 13:57:06,MON,Monroe,3148,3422,911,33,116,7630,0.4791476407914764,0.5208523592085236,0.13892529488859764,
2026-08-11 13:57:06,NAS,Nassau,2036,4674,918,26,150,7804,0.3034277198211624,0.6965722801788375,0.14018452075858534,
2026-08-11 13:57:06,OKA,Okaloosa,1788,4722,542,20,67,7139,0.2746543778801843,0.7253456221198157,0.08810757809216978,
2026-08-11 13:57:06,OKE,Okeechobee,336,865,0,0,0,1201,0.279766860949209,0.720233139050791,0.0,
2026-08-11 13:57:06,ORA,Orange,32514,20116,9163,230,751,62774,0.617784533536006,0.3822154664639939,0.16159556504285214,
2026-08-11 13:57:06,OSC,Osceola,7615,5717,2792,69,202,16395,0.5711821182118212,0.4288178817881788,0.1868252516010979,
2026-08-11 13:57:06,PAL,Palm Beach,42251,23731,9111,123,1120,76336,0.6403413052044497,0.3596586947955503,0.13563718298050723,
2026-08-11 13:57:06,PAS,Pasco,9832,11267,3268,74,374,24815,0.4659936489881037,0.5340063510118963,0.14974813620793875,
2026-08-11 13:57:06,PIN,Pinellas,30210,30389,12613,281,1159,74652,0.4985230779385798,0.5014769220614201,0.18824679847827253,
2026-08-11 13:57:06,POL,Polk,11758,13125,3197,77,422,28579,0.4725314471727685,0.5274685528272315,0.1293257286818993,
2026-08-11 13:57:06,PUT,Putnam,1153,2445,176,9,17,3800,0.320455808782657,0.679544191217343,0.053157894736842105,
2026-08-11 13:57:06,SAN,Santa Rosa,1627,5619,460,12,70,7788,0.2245376759591498,0.7754623240408501,0.06959424756034925,
2026-08-11 13:57:06,SAR,Sarasota,18462,18570,5651,83,681,43447,0.4985418016850291,0.5014581983149708,0.14765116118489194,
2026-08-11 13:57:06,SEM,Seminole,8725,8350,2636,57,300,20068,0.5109809663250366,0.4890190336749634,0.1491429140920869,
2026-08-11 13:57:06,STJ,St. Johns,5290,8547,1167,32,129,15165,0.382308303823083,0.617691696176917,0.08757006264424662,
2026-08-11 13:57:06,STL,St. Lucie,8228,7763,2332,54,286,18663,0.514539428428491,0.4854605715715089,0.1431709800139313,
2026-08-11 13:57:06,SUM,Sumter,5616,11656,1785,32,194,19283,0.3251505326540065,0.6748494673459935,0.10428875175024634,
2026-08-11 13:57:06,SUW,Suwannee,471,1390,48,5,9,1923,0.2530897367006985,0.7469102632993014,0.03224128965158606,
2026-08-11 13:57:06,TAY,Taylor,161,420,7,0,3,591,0.2771084337349397,0.7228915662650602,0.01692047377326565,
2026-08-11 13:57:06,UNI,Union,82,358,9,2,3,454,0.1863636363636363,0.8136363636363636,0.030837004405286344,
2026-08-11 13:57:06,VOL,Volusia,14626,18619,6075,121,729,40170,0.4399458565197774,0.5600541434802226,0.17239233258650735,
2026-08-11 13:57:06,WAK,Wakulla,488,1005,99,2,16,1610,0.3268586738111185,0.6731413261888815,0.07267080745341616,
2026-08-11 13:57:06,WAL,Walton,696,2995,192,7,31,3921,0.1885667840693579,0.8114332159306421,0.05865850548329508,
2026-08-11 13:57:06,WAS,Washington,215,778,31,3,5,1032,0.2165156092648539,0.783484390735146,0.0377906976744186,
2026-08-11 16:21:22,ALA,Alachua,7755,3663,1436,39,156,13049,0.6791907514450867,0.3208092485549133,0.1249904207218944,
2026-08-11 16:21:22,BAK,Baker,209,1349,58,6,8,1630,0.1341463414634146,0.8658536585365854,0.044171779141104296,
2026-08-11 16:21:22,BAY,Bay,2291,6410,776,28,93,9598,0.2633030686128031,0.7366969313871968,0.09345697020212544,
2026-08-11 16:21:22,BRA,Bradford,232,818,20,0,2,1072,0.2209523809523809,0.7790476190476191,0.020522388059701493,
2026-08-11 16:21:22,BRE,Brevard,14878,19696,4616,109,544,39843,0.4303233643778562,0.5696766356221438,0.1322440579273649,
2026-08-11 16:21:22,CAL,Calhoun,199,630,28,0,1,858,0.2400482509047044,0.7599517490952955,0.0337995337995338,
2026-08-11 16:21:22,CHA,Charlotte,5871,10438,2491,72,364,19236,0.3599852841989086,0.6400147158010914,0.15216261176959867,
2026-08-11 16:21:22,CIT,Citrus,4177,9592,1959,51,296,16075,0.3033626261892657,0.6966373738107342,0.143452566096423,
2026-08-11 16:21:22,CLA,Clay,2839,7083,900,24,99,10945,0.2861318282604314,0.7138681717395686,0.09346733668341708,
2026-08-11 16:21:22,CLL,Collier,7155,18367,3051,50,353,28976,0.280346367839511,0.7196536321604889,0.11920209828823854,
2026-08-11 16:21:22,CLM,Columbia,1131,2555,273,16,24,3999,0.3068366793271839,0.693163320672816,0.07826956739184796,
2026-08-11 16:21:22,DES,DeSoto,337,599,0,0,0,936,0.360042735042735,0.6399572649572649,0.0,
2026-08-11 16:21:22,DIX,Dixie,218,996,80,5,9,1308,0.1795716639209225,0.8204283360790774,0.07186544342507645,
2026-08-11 16:21:22,DUV,Duval,16692,13280,2791,105,306,33174,0.5569197918056853,0.4430802081943147,0.09652137215891964,
2026-08-11 16:21:22,ESC,Escambia,5969,8776,1691,40,212,16688,0.4048151915903696,0.5951848084096304,0.11643096836049856,
2026-08-11 16:21:22,FLA,Flagler,4153,5485,1254,34,122,11048,0.4308985266652833,0.5691014733347167,0.1276249094858798,
2026-08-11 16:21:22,FRA,Franklin,232,375,70,3,18,698,0.3822075782537067,0.6177924217462932,0.1303724928366762,
2026-08-11 16:21:22,GAD,Gadsden,1726,388,71,2,4,2191,0.8164616840113529,0.1835383159886471,0.03514376996805112,
2026-08-11 16:21:22,GIL,Gilchrist,206,787,59,5,6,1063,0.2074521651560926,0.7925478348439073,0.0658513640639699,
2026-08-11 16:21:22,GLA,Glades,133,422,43,1,7,606,0.2396396396396396,0.7603603603603604,0.08415841584158416,
2026-08-11 16:21:22,GUL,Gulf,237,827,21,1,6,1092,0.2227443609022556,0.7772556390977443,0.02564102564102564,
2026-08-11 16:21:22,HAM,Hamilton,214,417,21,3,4,659,0.3391442155309033,0.6608557844690967,0.042488619119878605,
2026-08-11 16:21:22,HAR,Hardee,149,575,25,3,4,756,0.2058011049723757,0.7941988950276243,0.042328042328042326,
2026-08-11 16:21:22,HEN,Hendry,478,1085,98,7,11,1679,0.3058221369161868,0.6941778630838131,0.06908874329958309,
2026-08-11 16:21:22,HER,Hernando,4759,6684,1621,49,166,13279,0.4158874421043432,0.5841125578956567,0.13826342345056103,
2026-08-11 16:21:22,HIG,Highlands,1355,3102,491,12,62,5022,0.3040161543639219,0.6959838456360781,0.11250497809637594,
2026-08-11 16:21:22,HIL,Hillsborough,37612,35787,11495,261,1122,86277,0.512432049482963,0.487567950517037,0.14926341898767923,
2026-08-11 16:21:22,HOL,Holmes,125,637,22,2,1,787,0.1640419947506561,0.8359580052493438,0.03176620076238882,
2026-08-11 16:21:22,IND,Indian River,4420,7409,1464,43,220,13556,0.3736579592526841,0.6263420407473159,0.12739746237828267,
2026-08-11 16:21:22,JAC,Jackson,793,1461,41,5,4,2304,0.3518189884649512,0.6481810115350488,0.021701388888888888,
2026-08-11 16:21:22,JEF,Jefferson,468,523,42,0,11,1044,0.4722502522704339,0.5277497477295661,0.05076628352490421,
2026-08-11 16:21:22,LAF,Lafayette,56,340,5,0,0,401,0.1414141414141414,0.8585858585858586,0.012468827930174564,
2026-08-11 16:21:22,LAK,Lake,7360,9472,2486,31,244,19593,0.4372623574144487,0.5627376425855514,0.14091767467973257,
2026-08-11 16:21:22,LEE,Lee,20175,35732,9743,177,1008,66835,0.3608671543813834,0.6391328456186166,0.1635071444602379,
2026-08-11 16:21:22,LEO,Leon,11229,5685,2027,55,205,19201,0.6638879035118836,0.3361120964881163,0.11910837977188687,
2026-08-11 16:21:22,LEV,Levy,724,1807,163,17,30,2741,0.2860529435005926,0.7139470564994074,0.07661437431594309,
2026-08-11 16:21:22,LIB,Liberty,88,316,19,0,0,423,0.2178217821782178,0.7821782178217822,0.04491725768321513,
2026-08-11 16:21:22,MAD,Madison,369,480,38,3,3,893,0.4346289752650176,0.5653710247349824,0.04927211646136618,
2026-08-11 16:21:22,MAN,Manatee,10280,14114,1403,11,152,25960,0.4214151020742805,0.5785848979257194,0.06032357473035439,
2026-08-11 16:21:22,MRN,Marion,7525,9916,1867,47,275,19630,0.4314546184278424,0.5685453815721575,0.11151299032093734,
2026-08-11 16:21:22,MRT,Martin,3287,5013,933,16,142,9391,0.3960240963855421,0.6039759036144579,0.11617506122883611,
2026-08-11 16:21:22,DAD,Miami-Dade,50825,37206,18396,155,1218,107800,0.5773534323136168,0.4226465676863832,0.18338589981447123,
2026-08-11 16:21:22,MON,Monroe,3246,3575,943,34,120,7918,0.4758833015686849,0.524116698431315,0.13854508714321798,
2026-08-11 16:21:22,NAS,Nassau,2076,4846,933,28,155,8038,0.2999133198497544,0.7000866801502456,0.13884050758895247,
2026-08-11 16:21:22,OKA,Okaloosa,1866,5049,553,21,69,7558,0.2698481561822126,0.7301518438177874,0.08507541677692511,
2026-08-11 16:21:22,OKE,Okeechobee,342,901,0,0,0,1243,0.2751407884151247,0.7248592115848753,0.0,
2026-08-11 16:21:22,ORA,Orange,33923,20958,9552,233,776,65442,0.6181192033672855,0.3818807966327144,0.16137954219003087,
2026-08-11 16:21:22,OSC,Osceola,7700,5792,2819,71,205,16587,0.5707085680403202,0.4292914319596798,0.18659190932658107,
2026-08-11 16:21:22,PAL,Palm Beach,42693,24148,9157,123,1127,77248,0.6387247348184497,0.3612752651815502,0.1347219345484673,
2026-08-11 16:21:22,PAS,Pasco,9953,11572,3308,76,376,25285,0.4623925667828107,0.5376074332171893,0.14870476567134666,
2026-08-11 16:21:22,PIN,Pinellas,30312,30532,12656,282,1163,74945,0.4981920978239432,0.5018079021760568,0.18815131096137166,
2026-08-11 16:21:22,POL,Polk,11897,13321,3216,77,428,28939,0.4717661987469268,0.5282338012530732,0.12858080790628565,
2026-08-11 16:21:22,PUT,Putnam,1191,2513,181,9,18,3912,0.3215442764578833,0.6784557235421166,0.053169734151329244,
2026-08-11 16:21:22,SAN,Santa Rosa,1679,5854,474,13,70,8090,0.2228859684056816,0.7771140315943184,0.0688504326328801,
2026-08-11 16:21:22,SAR,Sarasota,19352,19647,5895,88,711,45693,0.4962178517397882,0.5037821482602118,0.14649946381283785,
2026-08-11 16:21:22,SEM,Seminole,8907,8585,2696,57,306,20551,0.5092042076377773,0.4907957923622227,0.14884920441827648,
2026-08-11 16:21:22,STJ,St. Johns,5428,9011,1207,34,137,15817,0.3759263106863356,0.6240736893136644,0.08712145160270594,
2026-08-11 16:21:22,STL,St. Lucie,8379,8166,2466,59,313,19383,0.5064369900271986,0.4935630099728014,0.14641696331837176,
2026-08-11 16:21:22,SUM,Sumter,5740,12197,1819,33,198,19987,0.3200089201092713,0.6799910798907287,0.10256666833441737,
2026-08-11 16:21:22,SUW,Suwannee,517,1474,49,5,9,2054,0.2596685082872928,0.7403314917127072,0.030671859785783837,
2026-08-11 16:21:22,TAY,Taylor,164,445,8,0,3,620,0.2692939244663382,0.7307060755336617,0.017741935483870968,
2026-08-11 16:21:22,UNI,Union,86,373,12,2,3,476,0.1873638344226579,0.8126361655773421,0.03571428571428571,
2026-08-11 16:21:22,VOL,Volusia,14823,19064,6126,124,735,40872,0.4374243810310738,0.5625756189689262,0.1708993932276375,
2026-08-11 16:21:22,WAK,Wakulla,507,1058,106,2,16,1689,0.323961661341853,0.676038338658147,0.07341622261693309,
2026-08-11 16:21:22,WAL,Walton,718,3177,198,7,31,4131,0.1843388960205391,0.8156611039794609,0.05712902444928589,
2026-08-11 16:21:22,WAS,Washington,226,819,37,3,6,1091,0.216267942583732,0.783732057416268,0.04216315307057745,
2026-08-11 17:26:47,ALA,Alachua,7820,3686,1440,39,157,13142,0.6796454023987485,0.3203545976012515,0.12448637954649217,
2026-08-11 17:26:47,BAK,Baker,210,1357,58,6,8,1639,0.1340140395660497,0.8659859604339503,0.04392922513727883,
2026-08-11 17:26:47,BAY,Bay,2314,6530,779,29,94,9746,0.2616463138851198,0.7383536861148802,0.09255079006772009,
2026-08-11 17:26:47,BRA,Bradford,236,828,20,0,2,1086,0.2218045112781954,0.7781954887218046,0.020257826887661142,
2026-08-11 17:26:47,BRE,Brevard,14948,19842,4630,110,549,40079,0.4296636964645013,0.5703363035354987,0.13196437036852218,
2026-08-11 17:26:47,CAL,Calhoun,200,636,28,0,1,865,0.2392344497607655,0.7607655502392344,0.03352601156069364,
2026-08-11 17:26:47,CHA,Charlotte,5905,10501,2501,72,366,19345,0.3599292941606729,0.6400707058393271,0.15192556216076505,
2026-08-11 17:26:47,CIT,Citrus,4185,9650,1964,51,297,16147,0.3024936754607878,0.6975063245392121,0.14318449247538242,
2026-08-11 17:26:47,CLA,Clay,2870,7173,906,24,99,11072,0.2857711839091905,0.7142288160908096,0.0929371387283237,
2026-08-11 17:26:47,CLL,Collier,7171,18480,3058,51,354,29114,0.2795602510623367,0.7204397489376633,0.1189462114446658,
2026-08-11 17:26:47,CLM,Columbia,1145,2594,275,16,24,4054,0.3062316127306766,0.6937683872693233,0.07770103601381352,
2026-08-11 17:26:47,DES,DeSoto,343,604,0,0,0,947,0.3621964097148891,0.6378035902851109,0.0,
2026-08-11 17:26:47,DIX,Dixie,218,1003,80,5,9,1315,0.1785421785421785,0.8214578214578214,0.0714828897338403,
2026-08-11 17:26:47,DUV,Duval,16956,13447,2814,105,307,33629,0.5577081209091208,0.4422918790908792,0.09592910880490053,
2026-08-11 17:26:47,ESC,Escambia,6065,8936,1713,40,215,16969,0.404306379574695,0.5956936204253049,0.11597619187930933,
2026-08-11 17:26:47,FLA,Flagler,4182,5582,1262,34,124,11184,0.428308070462925,0.5716919295370749,0.12696709585121602,
2026-08-11 17:26:47,FRA,Franklin,233,378,70,3,19,703,0.381342062193126,0.618657937806874,0.13086770981507823,
2026-08-11 17:26:47,GAD,Gadsden,1761,393,71,2,4,2231,0.8175487465181058,0.1824512534818941,0.03451367099955177,
2026-08-11 17:26:47,GIL,Gilchrist,208,808,61,5,6,1088,0.2047244094488189,0.7952755905511811,0.0661764705882353,
2026-08-11 17:26:47,GUL,Gulf,240,835,21,1,6,1103,0.2232558139534883,0.7767441860465116,0.025385312783318223,
2026-08-11 17:26:47,HAM,Hamilton,217,420,21,3,4,665,0.3406593406593406,0.6593406593406593,0.042105263157894736,
2026-08-11 17:26:47,HAR,Hardee,149,580,25,3,4,761,0.2043895747599451,0.7956104252400549,0.04204993429697766,
2026-08-11 17:26:47,HEN,Hendry,485,1101,103,7,11,1707,0.3058007566204287,0.6941992433795713,0.07088459285295841,
2026-08-11 17:26:47,HER,Hernando,4770,6713,1622,49,166,13320,0.415396673343203,0.584603326656797,0.1379129129129129,
2026-08-11 17:26:47,HIG,Highlands,1355,3124,491,12,62,5044,0.3025228845724492,0.6974771154275508,0.11201427438540841,
2026-08-11 17:26:47,HIL,Hillsborough,37750,35954,11526,262,1125,86617,0.5121838706176055,0.4878161293823944,0.14908158906450236,
2026-08-11 17:26:47,HOL,Holmes,125,643,22,2,1,793,0.1627604166666666,0.8372395833333334,0.031525851197982346,
2026-08-11 17:26:47,JAC,Jackson,798,1483,41,5,4,2331,0.3498465585269618,0.6501534414730381,0.02145002145002145,
2026-08-11 17:26:47,JEF,Jefferson,471,529,42,0,11,1053,0.471,0.529,0.050332383665717,
2026-08-11 17:26:47,LAF,Lafayette,56,344,5,0,0,405,0.14,0.86,0.012345679012345678,
2026-08-11 17:26:47,LEE,Lee,20228,35896,9760,178,1009,67071,0.3604162212244316,0.6395837787755684,0.1632151004159771,
2026-08-11 17:26:47,LEO,Leon,11366,5745,2045,56,209,19421,0.6642510665653673,0.3357489334346327,0.1189434117707636,
2026-08-11 17:26:47,LEV,Levy,725,1812,163,17,30,2747,0.2857705951911706,0.7142294048088293,0.07644703312704769,
2026-08-11 17:26:47,MAD,Madison,371,490,38,3,3,905,0.4308943089430894,0.5691056910569106,0.04861878453038674,
2026-08-11 17:26:47,MAN,Manatee,10306,14185,1406,11,153,26061,0.4208076436241885,0.5791923563758116,0.06024327539234872,
2026-08-11 17:26:47,MRN,Marion,7545,9991,1872,47,275,19730,0.4302577554744525,0.5697422445255474,0.11120121642169285,
2026-08-11 17:26:47,MRT,Martin,3309,5027,937,16,143,9432,0.3969529750479846,0.6030470249520153,0.11620016963528414,
2026-08-11 17:26:47,DAD,Miami-Dade,50977,37363,18427,156,1221,108144,0.5770545619198552,0.4229454380801449,0.1831262021009025,
2026-08-11 17:26:47,MON,Monroe,3278,3591,951,35,122,7977,0.4772164798369486,0.5227835201630514,0.13889933558982073,
2026-08-11 17:26:47,NAS,Nassau,2088,4898,935,29,155,8105,0.2988834812482107,0.7011165187517893,0.138062924120913,
2026-08-11 17:26:47,OKA,Okaloosa,1879,5138,556,22,69,7664,0.2677782528145931,0.7322217471854069,0.08442066805845512,
2026-08-11 17:26:47,OKE,Okeechobee,355,934,0,0,0,1289,0.2754072924747867,0.7245927075252133,0.0,
2026-08-11 17:26:47,ORA,Orange,34104,21058,9581,234,778,65755,0.6182516950074326,0.3817483049925673,0.16109801536004867,
2026-08-11 17:26:47,OSC,Osceola,7721,5810,2825,71,205,16632,0.5706156233833419,0.429384376616658,0.18644781144781145,
2026-08-11 17:26:47,PAL,Palm Beach,42862,24299,9180,124,1128,77593,0.6381977635830318,0.3618022364169682,0.1344451174719369,
2026-08-11 17:26:47,PAS,Pasco,9990,11656,3315,77,377,25415,0.461517139425298,0.5384828605747021,0.1482982490655125,
2026-08-11 17:26:47,PIN,Pinellas,30334,30557,12660,284,1164,74999,0.4981688591088995,0.5018311408911005,0.1881091747889972,
2026-08-11 17:26:47,POL,Polk,11945,13381,3232,77,429,29064,0.4716496880675985,0.5283503119324015,0.12861271676300579,
2026-08-11 17:26:47,PUT,Putnam,1200,2528,183,9,18,3938,0.3218884120171674,0.6781115879828327,0.053326561706449976,
2026-08-11 17:26:47,SAN,Santa Rosa,1697,5927,484,13,70,8191,0.2225865687303252,0.7774134312696747,0.06922231717738982,
2026-08-11 17:26:47,SAR,Sarasota,19357,19666,5896,88,711,45718,0.4960407964533737,0.5039592035466264,0.14644122665033465,
2026-08-11 17:26:47,SEM,Seminole,8978,8670,2714,57,306,20725,0.5087262012692656,0.4912737987307343,0.1484680337756333,
2026-08-11 17:26:47,STJ,St. Johns,5473,9102,1219,34,140,15968,0.3755060034305317,0.6244939965694682,0.08723697394789579,
2026-08-11 17:26:47,STL,St. Lucie,8453,8231,2476,59,314,19533,0.5066530807959722,0.4933469192040278,0.14585573132647314,
2026-08-11 17:26:47,SUM,Sumter,5746,12310,1824,33,198,20111,0.3182321665928223,0.6817678334071776,0.10218288498831485,
2026-08-11 17:26:47,SUW,Suwannee,519,1483,49,5,9,2065,0.2592407592407592,0.7407592407592407,0.030508474576271188,
2026-08-11 17:26:47,TAY,Taylor,166,450,8,0,3,627,0.2694805194805195,0.7305194805194806,0.017543859649122806,
2026-08-11 17:26:47,UNI,Union,88,381,12,2,3,486,0.1876332622601279,0.8123667377398721,0.03497942386831276,
2026-08-11 17:26:47,VOL,Volusia,14873,19191,6155,124,736,41079,0.4366193048379521,0.5633806951620479,0.17076851919472236,
2026-08-11 17:26:47,WAK,Wakulla,509,1063,107,2,16,1697,0.3237913486005089,0.676208651399491,0.07365939893930465,
2026-08-11 17:26:47,WAL,Walton,746,3301,199,10,31,4287,0.1843340746231776,0.8156659253768224,0.05598320503848846,
2026-08-11 17:26:47,WAS,Washington,228,829,37,3,6,1103,0.2157048249763481,0.7842951750236519,0.04170444242973708,
2026-08-11 18:22:56,ALA,Alachua,7846,3701,1444,39,158,13188,0.6794838486186888,0.3205161513813112,0.12443130118289354,
2026-08-11 18:22:56,BAY,Bay,2347,6643,782,29,97,9898,0.2610678531701891,0.7389321468298109,0.09173570418266316,
2026-08-11 18:22:56,BRA,Bradford,240,832,20,0,2,1094,0.2238805970149253,0.7761194029850746,0.02010968921389397,
2026-08-11 18:22:56,BRE,Brevard,14987,19911,4644,110,549,40201,0.4294515445011175,0.5705484554988824,0.1319121414890177,
2026-08-11 18:22:56,CAL,Calhoun,200,640,28,0,1,869,0.238095238095238,0.7619047619047619,0.0333716915995397,
2026-08-11 18:22:56,CHA,Charlotte,5907,10524,2505,72,367,19375,0.3595033777615483,0.6404966222384517,0.1519483870967742,
2026-08-11 18:22:56,CIT,Citrus,4190,9674,1967,51,297,16179,0.3022215810732833,0.6977784189267167,0.14308671734965078,
2026-08-11 18:22:56,CLA,Clay,2883,7198,906,24,99,11110,0.285983533379625,0.714016466620375,0.09261926192619262,
2026-08-11 18:22:56,CLL,Collier,7185,18514,3058,51,355,29163,0.2795828631464259,0.7204171368535741,0.1187806467098721,
2026-08-11 18:22:56,CLM,Columbia,1153,2607,275,16,24,4075,0.3066489361702127,0.6933510638297873,0.07730061349693251,
2026-08-11 18:22:56,DIX,Dixie,226,1031,82,5,9,1353,0.1797931583134447,0.8202068416865553,0.07095343680709534,
2026-08-11 18:22:56,DUV,Duval,17128,13522,2833,106,308,33897,0.5588254486133768,0.4411745513866231,0.09579018792223501,
2026-08-11 18:22:56,ESC,Escambia,6149,9075,1730,41,217,17212,0.4039017341040462,0.5960982658959537,0.11550081338600976,
2026-08-11 18:22:56,FLA,Flagler,4194,5593,1267,34,124,11212,0.4285276387044038,0.5714723612955962,0.127095968605066,
2026-08-11 18:22:56,GAD,Gadsden,1797,400,71,3,4,2275,0.8179335457441966,0.1820664542558033,0.03428571428571429,
2026-08-11 18:22:56,GIL,Gilchrist,208,811,61,5,6,1091,0.2041216879293425,0.7958783120706575,0.06599450045829514,
2026-08-11 18:22:56,HEN,Hendry,490,1106,103,7,11,1717,0.3070175438596491,0.6929824561403509,0.07047175305765871,
2026-08-11 18:22:56,HER,Hernando,4775,6739,1623,49,166,13352,0.4147125238839673,0.5852874761160326,0.13765727980826842,
2026-08-11 18:22:56,HIL,Hillsborough,37849,36032,11537,263,1125,86806,0.5122968016134053,0.4877031983865946,0.1488952376563832,
2026-08-11 18:22:56,JAC,Jackson,804,1489,41,5,4,2343,0.3506323593545573,0.6493676406454426,0.021340162185232606,
2026-08-11 18:22:56,LAK,Lake,7361,9473,2486,31,244,19595,0.4372698110965902,0.5627301889034098,0.1409032916560347,
2026-08-11 18:22:56,LEE,Lee,20254,35948,9769,178,1009,67158,0.3603786342123056,0.6396213657876944,0.16313767533279727,
2026-08-11 18:22:56,LEO,Leon,11415,5777,2051,56,209,19508,0.6639716147045137,0.3360283852954863,0.11872052491285627,
2026-08-11 18:22:56,MAD,Madison,374,501,38,3,3,919,0.4274285714285714,0.5725714285714286,0.04787812840043525,
2026-08-11 18:22:56,MAN,Manatee,10315,14234,1408,11,154,26122,0.420180048067131,0.579819951932869,0.06021744123727127,
2026-08-11 18:22:56,MRN,Marion,7561,10021,1874,47,276,19779,0.4300420884996018,0.5699579115003981,0.11107740532888417,
2026-08-11 18:22:56,DAD,Miami-Dade,51163,37487,18466,156,1222,108494,0.5771347997743936,0.4228652002256063,0.18290412373034454,
2026-08-11 18:22:56,MON,Monroe,3284,3599,953,35,122,7993,0.4771175359581577,0.5228824640418422,0.1388715125735018,
2026-08-11 18:22:56,NAS,Nassau,2093,4934,937,29,156,8149,0.2978511455813291,0.7021488544186708,0.1376856055957786,
2026-08-11 18:22:56,OKA,Okaloosa,1921,5263,572,22,72,7850,0.2673997772828508,0.7326002227171492,0.0848407643312102,
2026-08-11 18:22:56,OKE,Okeechobee,357,937,0,0,0,1294,0.2758887171561051,0.7241112828438949,0.0,
2026-08-11 18:22:56,ORA,Orange,34319,21164,9611,235,779,66108,0.6185498260728511,0.3814501739271488,0.16072184909541962,
2026-08-11 18:22:56,OSC,Osceola,7736,5831,2826,71,205,16669,0.5702071202181764,0.4297928797818235,0.18609394684744135,
2026-08-11 18:22:56,PAL,Palm Beach,43016,24415,9192,124,1129,77876,0.6379261763877149,0.3620738236122851,0.13412347835019775,
2026-08-11 18:22:56,PAS,Pasco,10174,11847,3374,77,382,25854,0.4620135325371236,0.5379864674628764,0.14825558907712538,
2026-08-11 18:22:56,PIN,Pinellas,30347,30575,12661,284,1165,75032,0.4981287548012212,0.5018712451987788,0.18805309734513273,
2026-08-11 18:22:56,POL,Polk,11994,13424,3239,77,429,29163,0.471870328113935,0.528129671886065,0.12841614374378493,
2026-08-11 18:22:56,PUT,Putnam,1200,2530,184,9,18,3941,0.3217158176943699,0.67828418230563,0.05353971073331642,
2026-08-11 18:22:56,SAN,Santa Rosa,1699,5936,484,13,70,8202,0.222527832351015,0.777472167648985,0.06912948061448428,
2026-08-11 18:22:56,SEM,Seminole,9035,8731,2727,57,307,20857,0.5085556681301362,0.4914443318698638,0.14819964520304935,
2026-08-11 18:22:56,STJ,St. Johns,5485,9165,1231,34,140,16055,0.3744027303754266,0.6255972696245734,0.08751167860479601,
2026-08-11 18:22:56,STL,St. Lucie,8488,8250,2480,59,316,19593,0.5071095710359661,0.4928904289640339,0.14571530648701067,
2026-08-11 18:22:56,SUM,Sumter,5763,12369,1831,33,198,20194,0.3178358702845797,0.6821641297154203,0.10210953748638209,
2026-08-11 18:22:56,UNI,Union,88,383,12,2,3,488,0.1868365180467091,0.8131634819532909,0.03483606557377049,
2026-08-11 18:22:56,VOL,Volusia,14913,19249,6170,124,739,41195,0.4365376734383233,0.5634623265616767,0.17072460250030344,
2026-08-11 18:22:56,WAL,Walton,746,3310,200,10,31,4297,0.1839250493096647,0.8160749506903353,0.05608564114498487,
2026-08-11 18:22:56,WAS,Washington,229,836,37,3,6,1111,0.2150234741784037,0.7849765258215963,0.041404140414041404,
2026-08-11 19:21:38,BAY,Bay,2368,6678,786,29,97,9958,0.2617731594074729,0.7382268405925271,0.09158465555332396,
2026-08-11 19:21:38,BRA,Bradford,241,839,20,0,2,1102,0.2231481481481481,0.7768518518518519,0.019963702359346643,
2026-08-11 19:21:38,CAL,Calhoun,200,643,28,0,1,872,0.2372479240806643,0.7627520759193357,0.033256880733944956,
2026-08-11 19:21:38,CLM,Columbia,1155,2607,275,16,24,4077,0.3070175438596491,0.6929824561403509,0.0772626931567329,
2026-08-11 19:21:38,ESC,Escambia,6159,9083,1731,42,217,17232,0.404080829287495,0.5959191707125049,0.1154828226555246,
2026-08-11 19:21:38,GAD,Gadsden,1803,400,71,3,4,2281,0.8184294144348615,0.1815705855651384,0.03419552827707146,
2026-08-11 19:21:38,LEO,Leon,11421,5777,2052,56,209,19515,0.6640888475404116,0.3359111524595883,0.11872918267998975,
2026-08-11 19:21:38,DAD,Miami-Dade,51264,37570,18492,158,1225,108709,0.577076344642817,0.422923655357183,0.18282754877701018,
2026-08-11 19:21:38,MON,Monroe,3291,3605,955,35,122,8008,0.4772331786542923,0.5227668213457076,0.13886113886113885,
2026-08-11 19:21:38,OKA,Okaloosa,1934,5296,574,22,72,7898,0.2674965421853388,0.7325034578146611,0.08457837427196759,
2026-08-11 19:21:38,ORA,Orange,34447,21226,9642,235,782,66332,0.6187379878935929,0.381262012106407,0.16069167219441596,
2026-08-11 19:21:38,PAL,Palm Beach,43078,24468,9198,124,1130,77998,0.6377579723447725,0.3622420276552275,0.1340034359855381,
2026-08-11 19:21:38,PAS,Pasco,10173,11846,3374,77,382,25852,0.4620100822017348,0.5379899177982651,0.14826705864149775,
2026-08-11 19:21:38,POL,Polk,12129,13530,3268,77,430,29434,0.4726996375540745,0.5273003624459254,0.12825304070122986,
2026-08-11 19:21:38,WAS,Washington,229,839,37,3,6,1114,0.2144194756554307,0.7855805243445693,0.04129263913824058,
2026-08-11 20:39:48,ESC,Escambia,6165,9085,1732,42,217,17241,0.4042622950819672,0.5957377049180328,0.11548054057189258,
2026-08-11 20:39:48,LEO,Leon,11574,5838,2071,56,210,19749,0.6647139903514817,0.3352860096485183,0.11833510557496582,
2026-08-11 20:39:48,ORA,Orange,34486,21241,9653,236,782,66398,0.6188382651138586,0.3811617348861413,0.16071267206843579,
2026-08-11 20:39:48,PAL,Palm Beach,43515,24593,9252,124,1131,78615,0.6389117284313149,0.361088271568685,0.1336513388030274,
2026-08-11 23:10:05,LAK,Lake,7804,10600,2553,34,254,21245,0.4240382525537926,0.5759617474462073,0.13372558248999764,
2026-08-11 23:10:05,ORA,Orange,34936,21406,9759,239,792,67132,0.6200702850449044,0.3799297149550956,0.16072811773818746,
2026-08-11 23:10:05,PAL,Palm Beach,44118,24761,9298,124,1134,79435,0.6405145254722049,0.3594854745277951,0.13288852520929062,
2026-08-12 06:39:54,PAL,Palm Beach,44120,24761,9298,124,1134,79437,0.6405249633425764,0.3594750366574237,0.13288517945038206,
2026-08-12 06:39:54,TAY,Taylor,167,450,8,0,3,628,0.2706645056726094,0.7293354943273906,0.01751592356687898,
2026-08-12 07:28:48,IND,Indian River,4466,7460,1475,43,220,13664,0.3744759349320811,0.6255240650679188,0.12719555035128804,
2026-08-12 07:28:48,LEO,Leon,11649,5878,2081,56,211,19875,0.6646317110743425,0.3353682889256575,0.11813836477987422,
2026-08-12 07:28:48,PAL,Palm Beach,44134,24772,9300,124,1134,79464,0.6404957478303777,0.3595042521696224,0.1328651968186852,
2026-08-12 07:28:48,SUM,Sumter,5789,12422,1837,34,198,20280,0.3178847949041788,0.6821152050958212,0.10202169625246549,
2026-08-12 08:28:13,BRE,Brevard,15004,19948,4649,110,551,40262,0.429274433508812,0.5707255664911879,0.13188614574536783,
2026-08-12 08:28:13,CAL,Calhoun,201,643,28,0,1,873,0.2381516587677725,0.7618483412322274,0.033218785796105384,
2026-08-12 08:28:13,DES,DeSoto,343,609,0,0,0,952,0.3602941176470588,0.6397058823529411,0.0,
2026-08-12 08:28:13,DIX,Dixie,226,1032,82,5,9,1354,0.1796502384737678,0.8203497615262321,0.07090103397341212,
2026-08-12 08:28:13,GUL,Gulf,240,836,21,1,6,1104,0.2230483271375464,0.7769516728624535,0.025362318840579712,
2026-08-12 08:28:13,IND,Indian River,4501,7519,1477,43,222,13762,0.374459234608985,0.625540765391015,0.12658043888969628,
2026-08-12 08:28:13,JEF,Jefferson,472,531,42,0,11,1056,0.4705882352941176,0.5294117647058824,0.050189393939393936,
2026-08-12 08:28:13,LEO,Leon,11660,5884,2082,56,211,19893,0.6646146830825354,0.3353853169174646,0.11808173729452572,
2026-08-12 08:28:13,LEV,Levy,726,1818,163,17,30,2754,0.285377358490566,0.714622641509434,0.07625272331154684,
2026-08-12 08:28:13,LIB,Liberty,89,318,20,0,0,427,0.2186732186732186,0.7813267813267813,0.0468384074941452,
2026-08-12 08:28:13,MAD,Madison,378,505,38,3,3,927,0.4280860702151755,0.5719139297848245,0.04746494066882417,
2026-08-12 08:28:13,MAN,Manatee,10315,14237,1408,11,154,26125,0.420128706419029,0.579871293580971,0.06021052631578947,
2026-08-12 08:28:13,MRT,Martin,3318,5034,937,16,143,9448,0.3972701149425287,0.6027298850574713,0.11600338696020322,
2026-08-12 08:28:13,PAL,Palm Beach,44172,24807,9305,124,1135,79543,0.640368807898056,0.359631192101944,0.1328086695246596,
2026-08-12 08:28:13,PIN,Pinellas,30353,30736,12661,284,1165,75199,0.4968652294193717,0.5031347705806283,0.1876354738759824,
2026-08-12 08:28:13,SEM,Seminole,9036,8731,2727,57,307,20858,0.5085833286429898,0.4914166713570101,0.1481925400326014,
2026-08-12 08:28:13,STJ,St. Johns,5546,9194,1243,34,141,16158,0.3762550881953867,0.6237449118046133,0.08775838593885382,
2026-08-12 08:28:13,SUM,Sumter,5809,12464,1843,34,198,20348,0.3179007278498331,0.6820992721501669,0.10197562413996461,
2026-08-12 08:28:13,TAY,Taylor,170,464,8,0,3,645,0.2681388012618296,0.7318611987381703,0.017054263565891473,
2026-08-12 08:28:13,UNI,Union,89,385,12,2,3,491,0.1877637130801688,0.8122362869198312,0.034623217922606926,
2026-08-12 08:28:13,VOL,Volusia,14930,19280,6171,124,739,41244,0.43642209880152,0.56357790119848,0.17054601881485792,
2026-08-12 10:03:44,ALA,Alachua,7914,3753,1451,40,160,13318,0.6783234764721008,0.3216765235278992,0.12396756269710167,
2026-08-12 10:03:44,BAK,Baker,223,1423,62,6,8,1722,0.1354799513973268,0.8645200486026732,0.04413472706155633,
2026-08-12 10:03:44,BAY,Bay,2425,6740,790,29,98,10082,0.2645935624659029,0.7354064375340971,0.09095417575877802,
2026-08-12 10:03:44,BRA,Bradford,241,843,20,0,2,1106,0.2223247232472324,0.7776752767527675,0.019891500904159132,
2026-08-12 10:03:44,BRE,Brevard,15534,20548,4721,111,559,41473,0.4305193725403248,0.5694806274596752,0.1299881850842717,
2026-08-12 10:03:44,CAL,Calhoun,204,649,29,0,1,883,0.2391559202813599,0.7608440797186401,0.03397508493771234,
2026-08-12 10:03:44,CHA,Charlotte,6254,11041,2610,76,384,20365,0.361607400982943,0.6383925990170569,0.150748833783452,
2026-08-12 10:03:44,CLL,Collier,7185,19210,3058,51,355,29859,0.2722106459556734,0.7277893540443265,0.11601192270337252,
2026-08-12 10:03:44,CLM,Columbia,1172,2664,280,17,24,4157,0.305526590198123,0.694473409801877,0.07721914842434448,
2026-08-12 10:03:44,DES,DeSoto,353,624,0,0,0,977,0.3613101330603889,0.638689866939611,0.0,
2026-08-12 10:03:44,DIX,Dixie,227,1052,82,5,9,1375,0.1774824081313526,0.8225175918686474,0.06981818181818182,
2026-08-12 10:03:44,DUV,Duval,17131,13522,2833,106,308,33900,0.558868626235605,0.441131373764395,0.09578171091445428,
2026-08-12 10:03:44,ESC,Escambia,6221,9164,1740,42,217,17384,0.4043548911277218,0.5956451088722782,0.11499079613437643,
2026-08-12 10:03:44,FRA,Franklin,236,384,71,3,19,713,0.3806451612903225,0.6193548387096774,0.13043478260869565,
2026-08-12 10:03:44,GAD,Gadsden,1842,408,72,3,5,2330,0.8186666666666667,0.1813333333333333,0.034334763948497854,
2026-08-12 10:03:44,GIL,Gilchrist,210,839,62,5,6,1122,0.2001906577693041,0.7998093422306959,0.06506238859180036,
2026-08-12 10:03:44,GLA,Glades,133,433,44,1,7,618,0.234982332155477,0.765017667844523,0.08414239482200647,
2026-08-12 10:03:44,GUL,Gulf,245,853,21,1,6,1126,0.2231329690346083,0.7768670309653917,0.02486678507992895,
2026-08-12 10:03:44,HAM,Hamilton,219,430,21,3,4,677,0.337442218798151,0.662557781201849,0.0413589364844904,
2026-08-12 10:03:44,HAR,Hardee,150,595,25,3,4,777,0.2013422818791946,0.7986577181208053,0.04118404118404118,
2026-08-12 10:03:44,HEN,Hendry,501,1136,106,7,11,1761,0.3060476481368356,0.6939523518631643,0.0704145371947757,
2026-08-12 10:03:44,HER,Hernando,4797,6823,1632,49,169,13470,0.4128227194492255,0.5871772805507746,0.13734224201930215,
2026-08-12 10:03:44,HIG,Highlands,1373,3185,493,12,63,5126,0.3012286090390522,0.6987713909609478,0.11080764728833398,
2026-08-12 10:03:44,IND,Indian River,4528,7641,1479,43,222,13913,0.3720930232558139,0.627906976744186,0.1253503917199741,
2026-08-12 10:03:44,JAC,Jackson,814,1515,41,5,4,2379,0.3495062258480034,0.6504937741519966,0.021017234131988232,
2026-08-12 10:03:44,JEF,Jefferson,478,545,42,0,11,1076,0.4672531769305962,0.5327468230694037,0.04925650557620818,
2026-08-12 10:03:44,LAF,Lafayette,57,355,5,0,0,417,0.1383495145631068,0.8616504854368932,0.011990407673860911,
2026-08-12 10:03:44,LEE,Lee,20576,36481,9899,178,1018,68152,0.3606218343060448,0.6393781656939551,0.16279786359901396,
2026-08-12 10:03:44,LEO,Leon,11691,5897,2084,57,211,19940,0.6647145781214464,0.3352854218785535,0.11795386158475427,
2026-08-12 10:03:44,LEV,Levy,729,1838,167,17,30,2781,0.283989092325672,0.716010907674328,0.07695073714491191,
2026-08-12 10:03:44,LIB,Liberty,94,347,20,0,0,461,0.2131519274376417,0.7868480725623582,0.04338394793926247,
2026-08-12 10:03:44,MAD,Madison,392,529,38,3,3,965,0.4256243213897937,0.5743756786102063,0.04559585492227979,
2026-08-12 10:03:44,MAN,Manatee,10449,14489,1412,11,157,26518,0.4189991178121742,0.5810008821878259,0.05958217060110114,
2026-08-12 10:03:44,MRN,Marion,7562,10021,1874,47,276,19780,0.4300745037820622,0.5699254962179378,0.11107178968655207,
2026-08-12 10:03:44,MRT,Martin,3384,5137,947,17,145,9630,0.3971364863278958,0.6028635136721042,0.11516095534787124,
2026-08-12 10:03:44,DAD,Miami-Dade,53132,38864,18859,165,1251,112271,0.5775468498630375,0.4224531501369625,0.18058982283937972,
2026-08-12 10:03:44,MON,Monroe,3310,3625,963,35,123,8056,0.4772891131939437,0.5227108868060563,0.1391509433962264,
2026-08-12 10:03:44,NAS,Nassau,2113,5034,942,29,156,8274,0.2956485238561634,0.7043514761438365,0.1362098138747885,
2026-08-12 10:03:44,OKA,Okaloosa,1959,5329,575,22,74,7959,0.2687980241492865,0.7312019758507134,0.08430707375298405,
2026-08-12 10:03:44,OKE,Okeechobee,360,957,0,0,0,1317,0.2733485193621868,0.7266514806378133,0.0,
2026-08-12 10:03:44,ORA,Orange,35106,21518,9800,239,794,67457,0.6199844588866912,0.3800155411133088,0.16059119142564893,
2026-08-12 10:03:44,OSC,Osceola,7967,5978,2891,72,211,17119,0.5713158838293295,0.4286841161706705,0.1854080261697529,
2026-08-12 10:03:44,PAL,Palm Beach,44311,24973,9322,125,1138,79869,0.6395560302522949,0.3604439697477051,0.13252951708422542,
2026-08-12 10:03:44,PAS,Pasco,10175,11856,3375,77,382,25865,0.461849212473333,0.538150787526667,0.14823120046394742,
2026-08-12 10:03:44,PIN,Pinellas,31838,31856,13111,287,1197,78289,0.4998586994065375,0.5001413005934625,0.1864246573592714,
2026-08-12 10:03:44,POL,Polk,12210,13646,3281,77,432,29646,0.4722308168316831,0.5277691831683168,0.12784186736827902,
2026-08-12 10:03:44,PUT,Putnam,1212,2562,186,9,18,3987,0.3211446740858505,0.6788553259141494,0.05342362678705794,
2026-08-12 10:03:44,SAN,Santa Rosa,1704,5980,485,13,70,8252,0.2217595002602811,0.7782404997397189,0.06883179835191469,
2026-08-12 10:03:44,SAR,Sarasota,19435,19826,5919,89,713,45982,0.49502050380785,0.50497949619215,0.14616589100082641,
2026-08-12 10:03:44,SEM,Seminole,9134,8936,2731,58,307,21166,0.5054786939679026,0.4945213060320974,0.14627232353774922,
2026-08-12 10:03:44,STJ,St. Johns,5680,9488,1274,34,144,16620,0.3744725738396624,0.6255274261603375,0.08736462093862817,
2026-08-12 10:03:44,STL,St. Lucie,8489,8250,2480,59,316,19594,0.5071390166676624,0.4928609833323376,0.14570786975604777,
2026-08-12 10:03:44,SUM,Sumter,5826,12491,1847,34,198,20396,0.3180651853469454,0.6819348146530545,0.10193175132378898,
2026-08-12 10:03:44,SUW,Suwannee,525,1527,53,5,9,2119,0.2558479532163742,0.7441520467836257,0.03161868806040585,
2026-08-12 10:03:44,TAY,Taylor,175,484,8,0,3,670,0.2655538694992412,0.7344461305007587,0.016417910447761194,
2026-08-12 10:03:44,UNI,Union,91,399,12,2,3,507,0.1857142857142857,0.8142857142857143,0.03353057199211045,
2026-08-12 10:03:44,VOL,Volusia,15056,19514,6206,125,743,41644,0.4355221290135956,0.5644778709864045,0.1698684084141773,
2026-08-12 10:03:44,WAK,Wakulla,535,1110,108,2,16,1771,0.3252279635258359,0.6747720364741642,0.07114624505928854,
2026-08-12 10:03:44,WAL,Walton,747,3338,200,10,31,4326,0.1828641370869033,0.8171358629130967,0.05570966250577901,
2026-08-12 10:03:44,WAS,Washington,231,863,37,3,6,1140,0.2111517367458866,0.7888482632541134,0.04035087719298246,
2026-08-12 11:32:40,ALA,Alachua,8545,3995,1529,42,171,14282,0.6814194577352473,0.3185805422647528,0.12197171264528778,
2026-08-12 11:32:40,BAK,Baker,229,1513,65,7,8,1822,0.1314580941446613,0.8685419058553386,0.043907793633369926,
2026-08-12 11:32:40,BAY,Bay,2456,6887,798,29,99,10269,0.2628705983088943,0.7371294016911056,0.09017431103320674,
2026-08-12 11:32:40,BRA,Bradford,249,858,21,0,2,1130,0.2249322493224932,0.7750677506775068,0.020353982300884955,
2026-08-12 11:32:40,BRE,Brevard,16085,21401,4878,114,583,43061,0.4290935282505468,0.5709064717494531,0.12946749959359977,
2026-08-12 11:32:40,CAL,Calhoun,213,665,29,0,1,908,0.2425968109339407,0.7574031890660592,0.03303964757709251,
2026-08-12 11:32:40,CHA,Charlotte,6297,11254,2627,76,388,20642,0.3587829753290411,0.6412170246709589,0.14974324193392113,
2026-08-12 11:32:40,CIT,Citrus,4288,9997,2002,56,302,16645,0.3001750087504375,0.6998249912495624,0.14178431961550014,
2026-08-12 11:32:40,CLA,Clay,2957,7527,916,24,100,11524,0.2820488363220145,0.7179511636779855,0.09024644220756682,
2026-08-12 11:32:40,CLL,Collier,7620,19653,3226,54,374,30927,0.2793972060279397,0.7206027939720603,0.11814919002813076,
2026-08-12 11:32:40,CLM,Columbia,1199,2761,280,17,25,4282,0.3027777777777777,0.6972222222222222,0.0751985053713218,
2026-08-12 11:32:40,DES,DeSoto,363,645,0,0,0,1008,0.3601190476190476,0.6398809523809523,0.0,
2026-08-12 11:32:40,DIX,Dixie,236,1077,82,5,9,1409,0.1797410510281797,0.8202589489718203,0.06813342796309439,
2026-08-12 11:32:40,DUV,Duval,17792,14202,2911,109,315,35329,0.5561042695505407,0.4438957304494593,0.09439836961136744,
2026-08-12 11:32:40,ESC,Escambia,6364,9429,1772,44,217,17826,0.4029633381878047,0.5970366618121953,0.11404689778974532,
2026-08-12 11:32:40,FLA,Flagler,4265,5818,1289,38,127,11537,0.4229891897252801,0.5770108102747198,0.12602929704429228,
2026-08-12 11:32:40,FRA,Franklin,242,402,73,3,20,740,0.3757763975155279,0.6242236024844721,0.12972972972972974,
2026-08-12 11:32:40,GAD,Gadsden,1887,428,76,3,5,2399,0.8151187904967603,0.1848812095032397,0.035014589412255104,
2026-08-12 11:32:40,GIL,Gilchrist,213,861,62,6,6,1148,0.1983240223463687,0.8016759776536313,0.06445993031358885,
2026-08-12 11:32:40,GLA,Glades,137,438,44,1,7,627,0.2382608695652174,0.7617391304347826,0.08293460925039872,
2026-08-12 11:32:40,GUL,Gulf,249,872,21,1,6,1149,0.2221231043710972,0.7778768956289027,0.024369016536118365,
2026-08-12 11:32:40,HAM,Hamilton,222,448,23,3,4,700,0.3313432835820895,0.6686567164179105,0.04285714285714286,
2026-08-12 11:32:40,HAR,Hardee,150,606,26,3,4,789,0.1984126984126984,0.8015873015873016,0.04182509505703422,
2026-08-12 11:32:40,HEN,Hendry,508,1154,107,7,11,1787,0.3056558363417569,0.694344163658243,0.06994963626189143,
2026-08-12 11:32:40,HER,Hernando,4830,6955,1639,50,169,13643,0.4098430207891387,0.5901569792108613,0.1361870556329253,
2026-08-12 11:32:40,HIG,Highlands,1404,3266,506,13,64,5253,0.3006423982869379,0.699357601713062,0.11098419950504473,
2026-08-12 11:32:40,HIL,Hillsborough,38151,36498,11591,265,1131,87636,0.5110718160993449,0.488928183900655,0.14819252362042995,
2026-08-12 11:32:40,HOL,Holmes,135,665,22,2,1,825,0.16875,0.83125,0.030303030303030304,
2026-08-12 11:32:40,IND,Indian River,4589,7808,1489,44,222,14152,0.3701702024683391,0.6298297975316609,0.12401074053137366,
2026-08-12 11:32:40,JAC,Jackson,823,1567,41,5,4,2440,0.3443514644351464,0.6556485355648536,0.020491803278688523,
2026-08-12 11:32:40,JEF,Jefferson,483,558,42,0,11,1094,0.4639769452449567,0.5360230547550432,0.048446069469835464,
2026-08-12 11:32:40,LAF,Lafayette,58,366,5,0,0,429,0.1367924528301886,0.8632075471698113,0.011655011655011656,
2026-08-12 11:32:40,LAK,Lake,7806,10600,2553,34,254,21247,0.4241008366836901,0.5758991633163099,0.13371299477573304,
2026-08-12 11:32:40,LEE,Lee,21237,38138,10261,184,1048,70868,0.3576757894736842,0.6423242105263158,0.16217474741773438,
2026-08-12 11:32:40,LEO,Leon,11945,6077,2112,59,212,20405,0.6628010209743647,0.3371989790256353,0.11678510169076207,
2026-08-12 11:32:40,LEV,Levy,732,1886,168,17,30,2833,0.2796027501909854,0.7203972498090145,0.07589128132721497,
2026-08-12 11:32:40,LIB,Liberty,97,364,20,0,0,481,0.210412147505423,0.789587852494577,0.04158004158004158,
2026-08-12 11:32:40,MAD,Madison,406,554,39,3,3,1005,0.4229166666666666,0.5770833333333333,0.04477611940298507,
2026-08-12 11:32:40,MAN,Manatee,10526,14708,1416,11,157,26818,0.4171356106839978,0.5828643893160023,0.05906480721903199,
2026-08-12 11:32:40,MRN,Marion,7704,10419,1892,48,278,20341,0.4250951829167356,0.5749048170832644,0.10904085344869967,
2026-08-12 11:32:40,MRT,Martin,3429,5248,952,17,146,9792,0.3951826668203296,0.6048173331796703,0.11386846405228758,
2026-08-12 11:32:40,DAD,Miami-Dade,53415,39131,19179,166,1271,113162,0.5771724331683703,0.4228275668316297,0.1821812976087379,
2026-08-12 11:32:40,MON,Monroe,3330,3648,967,35,124,8104,0.4772141014617369,0.5227858985382631,0.13894373149062192,
2026-08-12 11:32:40,NAS,Nassau,2147,5168,954,29,158,8456,0.2935064935064935,0.7064935064935065,0.13493377483443708,
2026-08-12 11:32:40,OKA,Okaloosa,1988,5459,577,22,74,8120,0.2669531354908017,0.7330468645091983,0.08288177339901477,
2026-08-12 11:32:40,OKE,Okeechobee,370,970,0,0,0,1340,0.2761194029850746,0.7238805970149254,0.0,
2026-08-12 11:32:40,ORA,Orange,35399,21781,9864,242,796,68082,0.6190800979363413,0.3809199020636586,0.16013043095091214,
2026-08-12 11:32:40,OSC,Osceola,8060,6061,2909,72,211,17313,0.570781106153955,0.4292188938460449,0.18437012649454168,
2026-08-12 11:32:40,PAL,Palm Beach,44547,25251,9349,125,1144,80416,0.6382274563741082,0.3617725436258918,0.1320384003183446,
2026-08-12 11:32:40,PAS,Pasco,10451,12814,3401,79,385,27130,0.4492155598538577,0.5507844401461423,0.14246221894581643,
2026-08-12 11:32:40,PIN,Pinellas,31896,32358,13127,287,1197,78865,0.4964048930805864,0.5035951069194136,0.18526596081912128,
2026-08-12 11:32:40,POL,Polk,12320,13904,3293,77,434,30028,0.4697986577181208,0.5302013422818792,0.12668176368722525,
2026-08-12 11:32:40,PUT,Putnam,1232,2612,187,9,18,4058,0.3204994797086368,0.6795005202913632,0.0527353376047314,
2026-08-12 11:32:40,SAN,Santa Rosa,1728,6099,488,13,73,8401,0.2207742430049827,0.7792257569950173,0.06832519938102607,
2026-08-12 11:32:40,SAR,Sarasota,19964,20461,6071,90,730,47316,0.4938528138528139,0.5061471861471861,0.14563783920872433,
2026-08-12 11:32:40,SEM,Seminole,9615,9315,2850,61,312,22153,0.5079239302694136,0.4920760697305864,0.145488195729698,
2026-08-12 11:32:40,STJ,St. Johns,5800,9931,1302,34,147,17214,0.3686987476956328,0.6313012523043672,0.08615080748228186,
2026-08-12 11:32:40,STL,St. Lucie,8615,8523,2515,61,320,20034,0.5026840938265842,0.4973159061734158,0.14455425776180494,
2026-08-12 11:32:40,SUM,Sumter,5949,13049,1882,35,206,21121,0.3131382250763238,0.6868617749236762,0.10051607404952417,
2026-08-12 11:32:40,SUW,Suwannee,541,1564,54,5,9,2173,0.2570071258907363,0.7429928741092636,0.031293143120110445,
2026-08-12 11:32:40,TAY,Taylor,180,523,8,0,3,714,0.2560455192034139,0.7439544807965861,0.015406162464985995,
2026-08-12 11:32:40,UNI,Union,98,420,12,2,3,535,0.1891891891891892,0.8108108108108109,0.03177570093457944,
2026-08-12 11:32:40,VOL,Volusia,15587,20213,6351,128,763,43042,0.4353910614525139,0.5646089385474861,0.16825426327772874,
2026-08-12 11:32:40,WAK,Wakulla,552,1176,109,2,17,1856,0.3194444444444444,0.6805555555555556,0.06896551724137931,
2026-08-12 11:32:40,WAL,Walton,757,3438,202,11,31,4439,0.1804529201430274,0.8195470798569726,0.05496733498535706,
2026-08-12 11:32:40,WAS,Washington,236,893,38,3,6,1176,0.2090345438441098,0.7909654561558902,0.039965986394557826,
2026-08-12 12:31:27,ALA,Alachua,8618,4041,1536,43,171,14409,0.6807804723911841,0.3192195276088159,0.12145187035880353,
2026-08-12 12:31:27,BAK,Baker,236,1549,67,7,8,1867,0.1322128851540616,0.8677871148459384,0.04392072844134976,
2026-08-12 12:31:27,BAY,Bay,2492,7084,812,29,99,10516,0.260233918128655,0.7397660818713451,0.0893875998478509,
2026-08-12 12:31:27,BRA,Bradford,255,865,21,0,2,1143,0.2276785714285714,0.7723214285714286,0.020122484689413824,
2026-08-12 12:31:27,BRE,Brevard,16221,21690,4920,115,586,43532,0.4278705388937248,0.5721294611062753,0.129123403473307,
2026-08-12 12:31:27,CAL,Calhoun,216,684,29,0,1,930,0.24,0.76,0.03225806451612903,
2026-08-12 12:31:27,CHA,Charlotte,6321,11396,2638,76,391,20822,0.3567759778743579,0.643224022125642,0.14912112189030832,
2026-08-12 12:31:27,CIT,Citrus,4397,10272,2054,58,304,17085,0.2997477674006408,0.7002522325993592,0.1414105940883816,
2026-08-12 12:31:27,CLA,Clay,2998,7686,923,24,102,11733,0.2806065144140771,0.7193934855859229,0.08940594903264297,
2026-08-12 12:31:27,CLL,Collier,7677,19873,3235,54,376,31215,0.2786569872958258,0.7213430127041742,0.1174115008809867,
2026-08-12 12:31:27,CLM,Columbia,1212,2844,281,18,28,4383,0.2988165680473373,0.7011834319526628,0.07460643394934977,
2026-08-12 12:31:27,DES,DeSoto,366,659,0,0,0,1025,0.3570731707317073,0.6429268292682927,0.0,
2026-08-12 12:31:27,DIX,Dixie,239,1086,84,5,9,1423,0.180377358490566,0.819622641509434,0.06886858749121574,
2026-08-12 12:31:27,DUV,Duval,18150,14547,2961,110,328,36096,0.5550967978713643,0.4449032021286356,0.09416555851063829,
2026-08-12 12:31:27,ESC,Escambia,6557,9751,1807,46,223,18384,0.4020726024037282,0.5979273975962718,0.1129242819843342,
2026-08-12 12:31:27,FLA,Flagler,4313,5923,1296,38,130,11700,0.4213559984368894,0.5786440015631106,0.12512820512820513,
2026-08-12 12:31:27,FRA,Franklin,249,410,75,3,20,757,0.377845220030349,0.622154779969651,0.12945838837516513,
2026-08-12 12:31:27,GAD,Gadsden,1926,444,77,3,5,2455,0.8126582278481013,0.1873417721518987,0.034623217922606926,
2026-08-12 12:31:27,GIL,Gilchrist,215,875,62,6,7,1165,0.1972477064220183,0.8027522935779816,0.06437768240343347,
2026-08-12 12:31:27,GLA,Glades,138,445,44,1,7,635,0.2367066895368782,0.7632933104631218,0.08188976377952756,
2026-08-12 12:31:27,GUL,Gulf,251,886,21,1,6,1165,0.2207563764291996,0.7792436235708003,0.0240343347639485,
2026-08-12 12:31:27,HAM,Hamilton,222,454,23,3,4,706,0.3284023668639053,0.6715976331360947,0.042492917847025496,
2026-08-12 12:31:27,HAR,Hardee,151,614,26,3,4,798,0.1973856209150326,0.8026143790849674,0.041353383458646614,
2026-08-12 12:31:27,HEN,Hendry,511,1160,109,7,11,1798,0.3058049072411729,0.6941950927588271,0.07063403781979978,
2026-08-12 12:31:27,HER,Hernando,4861,7031,1650,50,171,13763,0.408762193070972,0.5912378069290279,0.135944198212599,
2026-08-12 12:31:27,HIG,Highlands,1431,3351,507,13,64,5366,0.2992471769134253,0.7007528230865746,0.10883339545285128,
2026-08-12 12:31:27,HIL,Hillsborough,38366,36759,11623,267,1138,88153,0.5106955074875208,0.4893044925124792,0.14778850407813687,
2026-08-12 12:31:27,HOL,Holmes,135,667,22,2,1,827,0.1683291770573566,0.8316708229426434,0.030229746070133012,
2026-08-12 12:31:27,IND,Indian River,4616,7920,1494,44,225,14299,0.368219527760051,0.6317804722399489,0.12329533533813554,
2026-08-12 12:31:27,JAC,Jackson,836,1598,42,5,4,2485,0.343467543138866,0.6565324568611339,0.020523138832997986,
2026-08-12 12:31:27,JEF,Jefferson,488,569,42,0,11,1110,0.4616840113528855,0.5383159886471145,0.047747747747747746,
2026-08-12 12:31:27,LAF,Lafayette,64,378,6,0,0,448,0.1447963800904977,0.8552036199095022,0.013392857142857142,
2026-08-12 12:31:27,LAK,Lake,7809,10600,2553,34,254,21250,0.4241946873811723,0.5758053126188277,0.13369411764705882,
2026-08-12 12:31:27,LEE,Lee,21527,39018,10421,187,1062,72215,0.3555537203732761,0.644446279626724,0.1616007754621616,
2026-08-12 12:31:27,LEO,Leon,12237,6264,2156,61,214,20932,0.661423706826658,0.338576293173342,0.11613797057137397,
2026-08-12 12:31:27,LEV,Levy,738,1910,171,17,30,2866,0.2787009063444108,0.7212990936555891,0.07606420097697139,
2026-08-12 12:31:27,LIB,Liberty,99,370,20,0,0,489,0.2110874200426439,0.7889125799573561,0.0408997955010225,
2026-08-12 12:31:27,MAD,Madison,412,587,39,3,3,1044,0.4124124124124124,0.5875875875875876,0.04310344827586207,
2026-08-12 12:31:27,MAN,Manatee,10629,14898,1420,11,157,27115,0.4163826536608297,0.5836173463391703,0.058565369721556335,
2026-08-12 12:31:27,MRN,Marion,8049,10910,1964,50,283,21256,0.4245477082124584,0.5754522917875415,0.10806360557019194,
2026-08-12 12:31:27,MRT,Martin,3531,5429,970,18,152,10100,0.3940848214285714,0.6059151785714286,0.11287128712871287,
2026-08-12 12:31:27,DAD,Miami-Dade,53762,39449,19241,166,1273,113891,0.5767774189741555,0.4232225810258446,0.18157712198505588,
2026-08-12 12:31:27,MON,Monroe,3353,3680,975,35,124,8167,0.4767524527228778,0.5232475472771222,0.13885147544998164,
2026-08-12 12:31:27,NAS,Nassau,2220,5332,981,30,161,8724,0.2939618644067797,0.7060381355932204,0.13434204493351673,
2026-08-12 12:31:27,OKA,Okaloosa,2018,5608,583,22,74,8305,0.2646210333071073,0.7353789666928927,0.08175797712221554,
2026-08-12 12:31:27,OKE,Okeechobee,378,989,0,0,0,1367,0.2765179224579371,0.723482077542063,0.0,
2026-08-12 12:31:27,ORA,Orange,35662,21912,9907,242,803,68526,0.619411539931219,0.380588460068781,0.15982254910544902,
2026-08-12 12:31:27,OSC,Osceola,8271,6213,2975,72,214,17745,0.5710439105219552,0.4289560894780447,0.18377007607776838,
2026-08-12 12:31:27,PAL,Palm Beach,44791,25455,9389,126,1152,80913,0.6376306124192125,0.3623693875807875,0.1318329563852533,
2026-08-12 12:31:27,PAS,Pasco,10987,12962,3600,83,403,28035,0.4587665455760157,0.5412334544239843,0.14574638844301765,
2026-08-12 12:31:27,PIN,Pinellas,33586,33656,13754,302,1246,82544,0.4994794919841765,0.5005205080158235,0.18537991858887382,
2026-08-12 12:31:27,POL,Polk,12393,14032,3304,79,434,30242,0.4689877010406811,0.5310122989593188,0.12621519740757886,
2026-08-12 12:31:27,PUT,Putnam,1240,2651,187,9,18,4105,0.3186841428938576,0.6813158571061424,0.05213154689403167,
2026-08-12 12:31:27,SAN,Santa Rosa,1765,6242,493,13,77,8590,0.2204321218933433,0.7795678781066567,0.06786961583236321,
2026-08-12 12:31:27,SAR,Sarasota,20389,20958,6203,92,751,48393,0.4931192105835973,0.5068807894164027,0.14559957018577066,
2026-08-12 12:31:27,SEM,Seminole,9737,9465,2908,63,321,22494,0.5070825955629622,0.4929174044370378,0.14635013781452832,
2026-08-12 12:31:27,STJ,St. Johns,5977,10368,1346,36,153,17880,0.3656775772407464,0.6343224227592535,0.08585011185682327,
2026-08-12 12:31:27,STL,St. Lucie,8707,8664,2528,62,320,20281,0.5012376950089229,0.4987623049910771,0.14348404911000442,
2026-08-12 12:31:27,SUM,Sumter,5981,13259,1888,35,207,21370,0.3108627858627859,0.6891372141372142,0.09967243799719233,
2026-08-12 12:31:27,SUW,Suwannee,547,1599,56,5,9,2216,0.2548928238583411,0.7451071761416589,0.0315884476534296,
2026-08-12 12:31:27,TAY,Taylor,183,546,8,0,3,740,0.2510288065843621,0.7489711934156379,0.014864864864864866,
2026-08-12 12:31:27,UNI,Union,101,426,12,2,3,544,0.191650853889943,0.8083491461100569,0.03125,
2026-08-12 12:31:27,VOL,Volusia,16016,20750,6483,130,787,44166,0.4356198661807104,0.5643801338192895,0.16754969886337906,
2026-08-12 12:31:27,WAK,Wakulla,563,1213,110,2,17,1905,0.3170045045045045,0.6829954954954955,0.06771653543307087,
2026-08-12 12:31:27,WAL,Walton,759,3509,203,11,31,4513,0.1778350515463917,0.8221649484536082,0.05428761356082429,
2026-08-12 12:31:27,WAS,Washington,239,923,39,3,6,1210,0.2056798623063683,0.7943201376936316,0.03966942148760331,
2026-08-12 13:36:31,ALA,Alachua,8699,4090,1541,44,171,14545,0.6801939166471186,0.3198060833528814,0.12072877277414919,
2026-08-12 13:36:31,BAK,Baker,239,1579,68,7,8,1901,0.1314631463146314,0.8685368536853685,0.0436612309310889,
2026-08-12 13:36:31,BAY,Bay,2527,7235,823,29,101,10715,0.2588608891620569,0.741139110837943,0.08894073728418106,
2026-08-12 13:36:31,BRA,Bradford,259,873,21,0,2,1155,0.2287985865724381,0.7712014134275619,0.019913419913419914,
2026-08-12 13:36:31,BRE,Brevard,16333,21990,4946,116,587,43972,0.4261931477180805,0.5738068522819195,0.12846811607386519,
2026-08-12 13:36:31,CAL,Calhoun,216,703,30,0,1,950,0.235038084874864,0.764961915125136,0.03263157894736842,
2026-08-12 13:36:31,CHA,Charlotte,6334,11477,2644,76,391,20922,0.3556229296502161,0.6443770703497839,0.14869515342701461,
2026-08-12 13:36:31,CIT,Citrus,4463,10442,2072,59,306,17342,0.2994297215699429,0.700570278430057,0.1405258909007035,
2026-08-12 13:36:31,CLA,Clay,3023,7850,935,25,102,11935,0.2780281431067782,0.7219718568932217,0.0889819857561793,
2026-08-12 13:36:31,CLL,Collier,7720,20039,3242,55,377,31433,0.2781080010086819,0.7218919989913182,0.11688353004803868,
2026-08-12 13:36:31,CLM,Columbia,1248,2929,289,18,28,4512,0.2987790280105338,0.7012209719894661,0.07424645390070922,
2026-08-12 13:36:31,DES,DeSoto,376,671,0,0,0,1047,0.3591212989493791,0.6408787010506208,0.0,
2026-08-12 13:36:31,DIX,Dixie,243,1104,86,5,9,1447,0.1804008908685968,0.8195991091314031,0.0691085003455425,
2026-08-12 13:36:31,DUV,Duval,18526,14892,3007,114,333,36872,0.5543718953857203,0.4456281046142797,0.09367541766109785,
2026-08-12 13:36:31,ESC,Escambia,6739,9993,1829,50,225,18836,0.4027611761893378,0.5972388238106622,0.1117009980887662,
2026-08-12 13:36:31,FLA,Flagler,4423,6076,1336,38,136,12009,0.421278216973045,0.578721783026955,0.1257390290615372,
2026-08-12 13:36:31,FRA,Franklin,253,417,76,3,20,769,0.3776119402985075,0.6223880597014926,0.12873862158647595,
2026-08-12 13:36:31,GAD,Gadsden,1953,457,77,3,5,2495,0.8103734439834025,0.1896265560165975,0.03406813627254509,
2026-08-12 13:36:31,GIL,Gilchrist,219,897,64,6,7,1193,0.1962365591397849,0.803763440860215,0.06454316848281642,
2026-08-12 13:36:31,GLA,Glades,139,450,45,1,7,642,0.2359932088285229,0.7640067911714771,0.08255451713395638,
2026-08-12 13:36:31,GUL,Gulf,252,905,21,1,6,1185,0.2178046672428694,0.7821953327571305,0.02362869198312236,
2026-08-12 13:36:31,HAM,Hamilton,224,459,23,3,4,713,0.3279648609077599,0.6720351390922401,0.04207573632538569,
2026-08-12 13:36:31,HAR,Hardee,151,622,26,3,4,806,0.1953428201811125,0.8046571798188874,0.04094292803970223,
2026-08-12 13:36:31,HEN,Hendry,516,1171,111,7,11,1816,0.3058684054534677,0.6941315945465323,0.0710352422907489,
2026-08-12 13:36:31,HER,Hernando,4923,7143,1669,51,175,13961,0.4080059671805072,0.5919940328194928,0.13573526251701168,
2026-08-12 13:36:31,HIG,Highlands,1439,3407,515,13,64,5438,0.2969459347915807,0.7030540652084193,0.10886355277675616,
2026-08-12 13:36:31,HIL,Hillsborough,38565,37035,11661,268,1139,88668,0.5101190476190476,0.4898809523809523,0.14738124238733252,
2026-08-12 13:36:31,IND,Indian River,4629,8030,1499,45,225,14428,0.3656686942096532,0.6343313057903468,0.12260881619074022,
2026-08-12 13:36:31,JAC,Jackson,842,1637,42,5,4,2530,0.3396530859217426,0.6603469140782574,0.02015810276679842,
2026-08-12 13:36:31,JEF,Jefferson,491,574,42,0,11,1118,0.4610328638497653,0.5389671361502347,0.04740608228980322,
2026-08-12 13:36:31,LAF,Lafayette,64,389,6,0,0,459,0.141280353200883,0.8587196467991169,0.013071895424836602,
2026-08-12 13:36:31,LAK,Lake,7947,10730,2591,36,259,21563,0.4254966000963752,0.5745033999036248,0.13384037471594862,
2026-08-12 13:36:31,LEE,Lee,21661,39384,10467,189,1068,72769,0.3548365959538045,0.6451634040461954,0.16111256166774313,
2026-08-12 13:36:31,LEO,Leon,12360,6347,2171,61,218,21157,0.6607152402843856,0.3392847597156145,0.11580091695419956,
2026-08-12 13:36:31,LEV,Levy,739,1926,171,17,30,2883,0.2772983114446529,0.7227016885553471,0.07561567811307665,
2026-08-12 13:36:31,LIB,Liberty,101,378,20,0,0,499,0.2108559498956158,0.7891440501043842,0.04008016032064128,
2026-08-12 13:36:31,MAD,Madison,420,603,39,3,3,1068,0.4105571847507331,0.5894428152492669,0.042134831460674156,
2026-08-12 13:36:31,MAN,Manatee,10681,15048,1422,11,158,27320,0.4151346729371526,0.5848653270628473,0.05823572474377745,
2026-08-12 13:36:31,MRN,Marion,8113,11080,1971,50,283,21497,0.422706194966915,0.577293805033085,0.10717774573196259,
2026-08-12 13:36:31,MRT,Martin,3591,5557,987,18,154,10307,0.3925448185395715,0.6074551814604285,0.11244785097506549,
2026-08-12 13:36:31,DAD,Miami-Dade,54082,39724,19314,166,1278,114564,0.5765302859092168,0.4234697140907831,0.18119129918648091,
2026-08-12 13:36:31,MON,Monroe,3380,3712,983,35,125,8235,0.4765933446136491,0.5234066553863508,0.13879781420765028,
2026-08-12 13:36:31,NAS,Nassau,2262,5456,995,31,163,8907,0.2930811090956206,0.7069188909043794,0.1334905130796003,
2026-08-12 13:36:31,OKA,Okaloosa,2041,5716,587,22,74,8440,0.2631171844785355,0.7368828155214645,0.08092417061611375,
2026-08-12 13:36:31,OKE,Okeechobee,379,999,0,0,0,1378,0.2750362844702467,0.7249637155297532,0.0,
2026-08-12 13:36:31,ORA,Orange,35850,22067,9941,244,807,68909,0.6189892432273771,0.3810107567726229,0.1595147223149371,
2026-08-12 13:36:31,OSC,Osceola,8334,6262,2980,72,215,17863,0.5709783502329405,0.4290216497670595,0.18289201142025416,
2026-08-12 13:36:31,PAL,Palm Beach,45721,26054,9575,130,1172,82652,0.6370045280390108,0.3629954719609892,0.13159996128345353,
2026-08-12 13:36:31,PAS,Pasco,11053,13129,3617,83,408,28290,0.4570755107104458,0.5429244892895542,0.1452103216684341,
2026-08-12 13:36:31,PIN,Pinellas,33647,33751,13779,308,1246,82731,0.4992284637526336,0.5007715362473664,0.18533560575842187,
2026-08-12 13:36:31,POL,Polk,12472,14160,3318,79,435,30464,0.4683088014418744,0.5316911985581255,0.12578781512605042,
2026-08-12 13:36:31,PUT,Putnam,1252,2688,187,9,18,4154,0.3177664974619289,0.682233502538071,0.05151661049590756,
2026-08-12 13:36:31,SAN,Santa Rosa,1802,6383,499,13,77,8774,0.2201588271227856,0.7798411728772144,0.06713015728288124,
2026-08-12 13:36:31,SAR,Sarasota,20463,21171,6231,92,753,48710,0.4914973339097853,0.5085026660902148,0.14526791213303222,
2026-08-12 13:36:31,SEM,Seminole,9821,9596,2935,65,322,22739,0.5057938919503527,0.4942061080496472,0.1460926162100356,
2026-08-12 13:36:31,STJ,St. Johns,6063,10622,1370,36,157,18248,0.3633802816901408,0.6366197183098592,0.0856532222709338,
2026-08-12 13:36:31,STL,St. Lucie,8964,8771,2546,62,321,20664,0.5054412179306457,0.4945587820693544,0.1417440960123887,
2026-08-12 13:36:31,SUM,Sumter,6015,13496,1893,35,207,21646,0.3082876326174978,0.6917123673825022,0.09863254180911023,
2026-08-12 13:36:31,SUW,Suwannee,565,1656,58,5,9,2293,0.2543899144529491,0.7456100855470509,0.03139991277802006,
2026-08-12 13:36:31,TAY,Taylor,183,552,8,0,3,746,0.2489795918367346,0.7510204081632653,0.014745308310991957,
2026-08-12 13:36:31,UNI,Union,102,432,12,2,3,551,0.1910112359550561,0.8089887640449438,0.030852994555353903,
2026-08-12 13:36:31,VOL,Volusia,16112,20941,6516,134,792,44495,0.4348365854316789,0.5651634145683211,0.16725474772446342,
2026-08-12 13:36:31,WAK,Wakulla,569,1244,112,2,18,1945,0.3138444567015995,0.6861555432984004,0.067866323907455,
2026-08-12 13:36:31,WAL,Walton,762,3584,203,11,31,4591,0.1753336401288541,0.8246663598711459,0.05336527989544761,
2026-08-12 13:36:31,WAS,Washington,249,958,42,3,6,1258,0.2062966031483015,0.7937033968516984,0.04054054054054054,
2026-08-12 14:31:58,ALA,Alachua,8798,4139,1551,45,171,14704,0.6800649300456056,0.3199350699543943,0.12017138193688792,
2026-08-12 14:31:58,BAK,Baker,240,1610,70,7,8,1935,0.1297297297297297,0.8702702702702703,0.04392764857881137,
2026-08-12 14:31:58,BAY,Bay,2553,7365,832,29,103,10882,0.2574107683000605,0.7425892316999395,0.08858665686454696,
2026-08-12 14:31:58,BRA,Bradford,260,879,21,0,2,1162,0.228270412642669,0.771729587357331,0.019793459552495698,
2026-08-12 14:31:58,BRE,Brevard,16441,22260,4980,116,588,44385,0.4248210640551924,0.5751789359448076,0.12806128196462768,
2026-08-12 14:31:58,CAL,Calhoun,218,720,30,0,1,969,0.232409381663113,0.767590618336887,0.03199174406604747,
2026-08-12 14:31:58,CHA,Charlotte,6358,11577,2653,77,394,21059,0.3545023696682464,0.6454976303317536,0.14834512559950616,
2026-08-12 14:31:58,CIT,Citrus,4488,10557,2086,59,309,17499,0.2983050847457627,0.7016949152542373,0.1402365849477113,
2026-08-12 14:31:58,CLA,Clay,3157,8130,973,27,105,12392,0.2797023123947905,0.7202976876052095,0.08917043253712072,
2026-08-12 14:31:58,CLL,Collier,7752,20233,3246,55,377,31663,0.2770055386814364,0.7229944613185635,0.1161608186211035,
2026-08-12 14:31:58,CLM,Columbia,1285,3003,297,18,31,4634,0.2996735074626865,0.7003264925373134,0.07466551575312905,
2026-08-12 14:31:58,DES,DeSoto,384,680,0,0,0,1064,0.3609022556390977,0.6390977443609023,0.0,
2026-08-12 14:31:58,DIX,Dixie,244,1129,88,5,9,1475,0.177713037144938,0.8222869628550619,0.06915254237288136,
2026-08-12 14:31:58,DUV,Duval,18813,15175,3043,116,334,37481,0.553518889019654,0.446481110980346,0.09319388490168352,
2026-08-12 14:31:58,ESC,Escambia,6823,10126,1839,50,225,19063,0.4025606230456074,0.5974393769543926,0.11089545192257252,
2026-08-12 14:31:58,FLA,Flagler,4598,6310,1375,40,144,12467,0.4215254858819215,0.5784745141180785,0.12505013234940243,
2026-08-12 14:31:58,FRA,Franklin,256,422,76,3,20,777,0.3775811209439528,0.6224188790560472,0.1274131274131274,
2026-08-12 14:31:58,GAD,Gadsden,1975,465,81,3,5,2529,0.8094262295081968,0.1905737704918032,0.03519177540529854,
2026-08-12 14:31:58,GIL,Gilchrist,220,912,64,6,7,1209,0.1943462897526501,0.8056537102473498,0.06368899917287014,
2026-08-12 14:31:58,GLA,Glades,140,451,46,1,7,645,0.2368866328257191,0.7631133671742809,0.08372093023255814,
2026-08-12 14:31:58,GUL,Gulf,262,922,21,1,6,1212,0.2212837837837837,0.7787162162162162,0.0231023102310231,
2026-08-12 14:31:58,HAM,Hamilton,234,482,23,3,5,747,0.3268156424581006,0.6731843575418994,0.041499330655957165,
2026-08-12 14:31:58,HAR,Hardee,153,628,26,3,4,814,0.1959026888604353,0.8040973111395646,0.04054054054054054,
2026-08-12 14:31:58,HEN,Hendry,520,1186,112,7,11,1836,0.3048065650644783,0.6951934349355217,0.07080610021786492,
2026-08-12 14:31:58,HER,Hernando,4983,7261,1678,52,177,14151,0.4069748448219536,0.5930251551780464,0.13476079429015617,
2026-08-12 14:31:58,HIG,Highlands,1443,3461,516,13,64,5497,0.2942495921696574,0.7057504078303426,0.10787702383118064,
2026-08-12 14:31:58,HIL,Hillsborough,39220,37557,11769,270,1149,89965,0.5108300662958959,0.4891699337041041,0.14659034068804536,
2026-08-12 14:31:58,IND,Indian River,4722,8239,1516,46,231,14754,0.3643237404521256,0.6356762595478744,0.1215263657313271,
2026-08-12 14:31:58,JAC,Jackson,869,1690,43,5,4,2611,0.3395857756936303,0.6604142243063696,0.01991574109536576,
2026-08-12 14:31:58,JEF,Jefferson,496,577,43,0,12,1128,0.4622553588070829,0.5377446411929171,0.04875886524822695,
2026-08-12 14:31:58,LAF,Lafayette,65,393,6,0,0,464,0.1419213973799126,0.8580786026200873,0.01293103448275862,
2026-08-12 14:31:58,LAK,Lake,8029,10848,2610,36,260,21783,0.4253324151083329,0.5746675848916671,0.13340678510765275,
2026-08-12 14:31:58,LEE,Lee,21728,39656,10494,191,1068,73137,0.3539684608367001,0.6460315391632999,0.16069841530278792,
2026-08-12 14:31:58,LEO,Leon,12565,6462,2193,61,219,21500,0.660377358490566,0.3396226415094339,0.11502325581395349,
2026-08-12 14:31:58,LEV,Levy,739,1938,171,17,30,2895,0.2760552857676503,0.7239447142323496,0.07530224525043178,
2026-08-12 14:31:58,LIB,Liberty,103,386,20,0,0,509,0.2106339468302658,0.7893660531697342,0.03929273084479371,
2026-08-12 14:31:58,MAD,Madison,426,624,41,3,3,1097,0.4057142857142857,0.5942857142857143,0.04284412032816773,
2026-08-12 14:31:58,MAN,Manatee,10724,15237,1424,11,158,27554,0.4130811602018412,0.5869188397981587,0.057813747550264936,
2026-08-12 14:31:58,MRN,Marion,8168,11213,1979,51,284,21695,0.4214436819565554,0.5785563180434447,0.1066605208573404,
2026-08-12 14:31:58,MRT,Martin,3656,5678,1010,19,154,10517,0.3916863081208485,0.6083136918791515,0.11248454882571075,
2026-08-12 14:31:58,DAD,Miami-Dade,54349,39947,19363,168,1283,115110,0.5763659115975227,0.4236340884024773,0.18081834766744853,
2026-08-12 14:31:58,MON,Monroe,3420,3765,999,35,126,8345,0.4759916492693111,0.524008350730689,0.1390053924505692,
2026-08-12 14:31:58,NAS,Nassau,2281,5490,1010,31,163,8975,0.2935272165744434,0.7064727834255565,0.13415041782729806,
2026-08-12 14:31:58,OKA,Okaloosa,2083,5840,593,22,74,8612,0.2629054651016029,0.737094534898397,0.0800046446818393,
2026-08-12 14:31:58,OKE,Okeechobee,383,1016,0,0,0,1399,0.2737669764117226,0.7262330235882773,0.0,
2026-08-12 14:31:58,ORA,Orange,36750,22688,10243,250,831,70762,0.6182913287795686,0.3817086712204314,0.16002939430767926,
2026-08-12 14:31:58,OSC,Osceola,8365,6295,2992,73,215,17940,0.570600272851296,0.4293997271487039,0.18283166109253066,
2026-08-12 14:31:58,PAL,Palm Beach,46402,26447,9697,130,1184,83860,0.6369613858803828,0.3630386141196173,0.13130217028380634,
2026-08-12 14:31:58,PAS,Pasco,11139,13291,3633,83,408,28554,0.4559557920589439,0.5440442079410561,0.14442810114169644,
2026-08-12 14:31:58,PIN,Pinellas,33692,33829,13790,309,1248,82868,0.4989855008071563,0.5010144991928437,0.18519814644977556,
2026-08-12 14:31:58,POL,Polk,12549,14297,3329,79,435,30689,0.4674439395068167,0.5325560604931834,0.12522402163641697,
2026-08-12 14:31:58,PUT,Putnam,1260,2716,187,9,18,4190,0.3169014084507042,0.6830985915492958,0.051073985680190934,
2026-08-12 14:31:58,SAN,Santa Rosa,1813,6465,502,13,78,8871,0.2190142546508818,0.7809857453491181,0.06684702964716492,
2026-08-12 14:31:58,SAR,Sarasota,20546,21357,6258,92,755,49008,0.4903228885759969,0.5096771114240031,0.14497633039503754,
2026-08-12 14:31:58,SEM,Seminole,9932,9729,2959,66,323,23009,0.5051625044504349,0.4948374955495651,0.1455082793689426,
2026-08-12 14:31:58,STJ,St. Johns,6191,10934,1409,38,160,18732,0.3615182481751824,0.6384817518248175,0.0857890241298313,
2026-08-12 14:31:58,STL,St. Lucie,9316,8915,2561,62,322,21176,0.5109977510833196,0.4890022489166803,0.139072534945221,
2026-08-12 14:31:58,SUM,Sumter,6057,13742,1906,35,208,21948,0.3059245416435173,0.6940754583564827,0.09791324949881539,
2026-08-12 14:31:58,SUW,Suwannee,570,1688,59,5,9,2331,0.2524357838795394,0.7475642161204605,0.03131703131703132,
2026-08-12 14:31:58,TAY,Taylor,183,565,8,0,3,759,0.2446524064171123,0.7553475935828877,0.014492753623188406,
2026-08-12 14:31:58,UNI,Union,102,433,12,2,3,552,0.1906542056074766,0.8093457943925234,0.030797101449275364,
2026-08-12 14:31:58,VOL,Volusia,16226,21188,6560,134,794,44902,0.4336879243064093,0.5663120756935907,0.1667631731325999,
2026-08-12 14:31:58,WAK,Wakulla,573,1276,113,2,18,1982,0.3098972417522985,0.6901027582477015,0.06710393541876893,
2026-08-12 14:31:58,WAL,Walton,767,3670,202,10,31,4680,0.1728645481180978,0.8271354518819022,0.051923076923076926,
2026-08-12 14:31:58,WAS,Washington,255,982,44,3,6,1290,0.206143896523848,0.793856103476152,0.04108527131782946,
2026-08-12 15:43:52,ALA,Alachua,8901,4176,1563,45,171,14856,0.6806607019958706,0.3193392980041294,0.11974959612277868,
2026-08-12 15:43:52,BAK,Baker,240,1645,71,7,8,1971,0.1273209549071618,0.8726790450928382,0.04363267376966007,
2026-08-12 15:43:52,BAY,Bay,2629,7549,845,31,106,11160,0.2583022204755354,0.7416977795244646,0.08799283154121863,
2026-08-12 15:43:52,BRA,Bradford,261,887,21,0,2,1171,0.2273519163763066,0.7726480836236934,0.01964133219470538,
2026-08-12 15:43:52,BRE,Brevard,16553,22503,5010,117,589,44772,0.4238273248668578,0.5761726751331422,0.12766907888859108,
2026-08-12 15:43:52,CAL,Calhoun,222,733,30,0,1,986,0.2324607329842932,0.7675392670157068,0.03144016227180527,
2026-08-12 15:43:52,CHA,Charlotte,6399,11729,2669,77,403,21277,0.3529898499558693,0.6470101500441306,0.14800018799642806,
2026-08-12 15:43:52,CIT,Citrus,4510,10645,2094,59,311,17619,0.2975915539425932,0.7024084460574068,0.13984902661899087,
2026-08-12 15:43:52,CLA,Clay,3179,8223,979,27,105,12513,0.2788107349587791,0.7211892650412208,0.08878766083273396,
2026-08-12 15:43:52,CLL,Collier,7794,20429,3259,55,377,31914,0.2761577436842292,0.7238422563157708,0.11565457166133986,
2026-08-12 15:43:52,CLM,Columbia,1297,3065,299,18,32,4711,0.2973406694176983,0.7026593305823017,0.0740819358947145,
2026-08-12 15:43:52,DES,DeSoto,389,687,0,0,0,1076,0.3615241635687732,0.6384758364312267,0.0,
2026-08-12 15:43:52,DIX,Dixie,247,1153,88,5,9,1502,0.1764285714285714,0.8235714285714286,0.06790945406125166,
2026-08-12 15:43:52,DUV,Duval,19475,15785,3067,117,336,38780,0.5523255813953488,0.4476744186046512,0.09076843733883445,
2026-08-12 15:43:52,ESC,Escambia,6901,10259,1847,51,226,19284,0.4021561771561771,0.5978438228438229,0.11014312383322962,
2026-08-12 15:43:52,FLA,Flagler,4637,6430,1398,41,144,12650,0.4189934038131381,0.5810065961868618,0.1251383399209486,
2026-08-12 15:43:52,FRA,Franklin,263,431,76,3,20,793,0.3789625360230547,0.6210374639769453,0.12484237074401008,
2026-08-12 15:43:52,GAD,Gadsden,2009,479,81,3,5,2577,0.807475884244373,0.192524115755627,0.03453628249902988,
2026-08-12 15:43:52,GIL,Gilchrist,220,927,64,7,7,1225,0.1918047079337402,0.8081952920662598,0.0636734693877551,
2026-08-12 15:43:52,GLA,Glades,141,453,46,1,7,648,0.2373737373737373,0.7626262626262627,0.08333333333333333,
2026-08-12 15:43:52,GUL,Gulf,268,930,21,1,6,1226,0.2237061769616026,0.7762938230383973,0.022838499184339316,
2026-08-12 15:43:52,HAM,Hamilton,237,490,24,3,6,760,0.3259972489683631,0.6740027510316369,0.04342105263157895,
2026-08-12 15:43:52,HAR,Hardee,154,638,26,3,4,825,0.1944444444444444,0.8055555555555556,0.04,
2026-08-12 15:43:52,HEN,Hendry,525,1196,113,7,11,1852,0.305055200464846,0.694944799535154,0.07073434125269978,
2026-08-12 15:43:52,HER,Hernando,5110,7460,1719,54,178,14521,0.4065234685759745,0.5934765314240255,0.13435713793815854,
2026-08-12 15:43:52,HIG,Highlands,1455,3493,517,13,64,5542,0.2940582053354891,0.7059417946645109,0.10718152291591483,
2026-08-12 15:43:52,HIL,Hillsborough,39422,37794,11806,272,1152,90446,0.510541856610029,0.489458143389971,0.1462751254892422,
2026-08-12 15:43:52,HOL,Holmes,144,767,27,3,1,942,0.1580680570801317,0.8419319429198683,0.032908704883227176,
2026-08-12 15:43:52,IND,Indian River,4784,8399,1536,46,231,14996,0.362891602821816,0.637108397178184,0.12089890637503334,
2026-08-12 15:43:52,JAC,Jackson,886,1726,43,5,4,2664,0.3392036753445635,0.6607963246554365,0.01951951951951952,
2026-08-12 15:43:52,JEF,Jefferson,503,592,43,0,12,1150,0.4593607305936073,0.5406392694063927,0.04782608695652174,
2026-08-12 15:43:52,LAF,Lafayette,66,403,6,0,0,475,0.1407249466950959,0.8592750533049041,0.01263157894736842,
2026-08-12 15:43:52,LAK,Lake,8097,10905,2637,36,262,21937,0.4261130407325544,0.5738869592674455,0.133792223184574,
2026-08-12 15:43:52,LEE,Lee,21797,39940,10533,191,1072,73533,0.3530621831316714,0.6469378168683285,0.16041777161274529,
2026-08-12 15:43:52,LEO,Leon,12724,6526,2210,61,219,21740,0.660987012987013,0.339012987012987,0.11453541858325667,
2026-08-12 15:43:52,LEV,Levy,746,1956,174,17,31,2924,0.2760917838638045,0.7239082161361954,0.0759233926128591,
2026-08-12 15:43:52,LIB,Liberty,110,394,22,0,0,526,0.2182539682539682,0.7817460317460317,0.04182509505703422,
2026-08-12 15:43:52,MAD,Madison,433,635,42,3,3,1116,0.4054307116104869,0.5945692883895131,0.043010752688172046,
2026-08-12 15:43:52,MAN,Manatee,10807,15420,1441,13,158,27839,0.4120562778815724,0.5879437221184276,0.05790437874923668,
2026-08-12 15:43:52,MRN,Marion,8237,11369,1986,52,284,21928,0.4201264918902377,0.5798735081097623,0.10589201021524991,
2026-08-12 15:43:52,MRT,Martin,3723,5792,1037,19,158,10729,0.3912769311613242,0.6087230688386758,0.11315127225277286,
2026-08-12 15:43:52,DAD,Miami-Dade,54614,40179,19413,168,1286,115660,0.5761395883662296,0.4238604116337704,0.18041673871692893,
2026-08-12 15:43:52,MON,Monroe,3432,3780,1006,36,126,8380,0.475873544093178,0.5241264559068219,0.13937947494033412,
2026-08-12 15:43:52,NAS,Nassau,2300,5543,1024,31,165,9063,0.2932551319648094,0.7067448680351907,0.13461326271653978,
2026-08-12 15:43:52,OKA,Okaloosa,2109,5947,601,22,75,8754,0.2617924528301887,0.7382075471698113,0.07973497829563628,
2026-08-12 15:43:52,OKE,Okeechobee,385,1026,0,0,0,1411,0.2728561304039688,0.7271438695960312,0.0,
2026-08-12 15:43:52,ORA,Orange,37370,22979,10384,254,843,71830,0.6192314702811977,0.3807685297188023,0.15983572323541695,
2026-08-12 15:43:52,OSC,Osceola,8407,6331,3003,75,215,18031,0.570430180485819,0.429569819514181,0.18262991514613722,
2026-08-12 15:43:52,PAL,Palm Beach,46651,26659,9723,131,1188,84352,0.6363524757877507,0.3636475242122493,0.1309038315629742,
2026-08-12 15:43:52,PAS,Pasco,11360,13551,3674,84,412,29081,0.456023443458713,0.543976556541287,0.14339259310202537,
2026-08-12 15:43:52,PIN,Pinellas,33738,33884,13802,309,1248,82981,0.4989204696696341,0.5010795303303659,0.18509056289994094,
2026-08-12 15:43:52,POL,Polk,12725,14559,3380,80,440,31184,0.4663905585691247,0.5336094414308752,0.12506413545407902,
2026-08-12 15:43:52,PUT,Putnam,1269,2746,188,9,18,4230,0.3160647571606476,0.6839352428393525,0.0508274231678487,
2026-08-12 15:43:52,SAN,Santa Rosa,1830,6554,505,13,79,8981,0.2182729007633587,0.7817270992366412,0.06647366662955127,
2026-08-12 15:43:52,SAR,Sarasota,20601,21552,6291,92,759,49295,0.4887196640808483,0.5112803359191517,0.1448828481590425,
2026-08-12 15:43:52,SEM,Seminole,10213,10137,3002,66,327,23745,0.5018673218673219,0.4981326781326781,0.14297746894082966,
2026-08-12 15:43:52,STJ,St. Johns,6272,11107,1426,38,161,19004,0.3608953334484147,0.6391046665515853,0.08550831403914966,
2026-08-12 15:43:52,STL,St. Lucie,9415,9319,2713,66,342,21855,0.5025621863990606,0.4974378136009394,0.1428048501487074,
2026-08-12 15:43:52,SUM,Sumter,6089,13927,1912,36,208,22172,0.3042066346922462,0.6957933653077538,0.09723976186180769,
2026-08-12 15:43:52,SUW,Suwannee,572,1722,60,5,9,2368,0.2493461203138622,0.7506538796861377,0.03125,
2026-08-12 15:43:52,TAY,Taylor,188,571,8,0,3,770,0.2476943346508563,0.7523056653491436,0.014285714285714285,
2026-08-12 15:43:52,UNI,Union,102,438,12,2,3,557,0.1888888888888888,0.8111111111111111,0.03052064631956912,
2026-08-12 15:43:52,VOL,Volusia,16323,21395,6592,134,800,45244,0.4327641974654011,0.5672358025345988,0.16634249845283353,
2026-08-12 15:43:52,WAK,Wakulla,596,1312,114,2,19,2043,0.3123689727463312,0.6876310272536688,0.06607929515418502,
2026-08-12 15:43:52,WAL,Walton,793,3814,205,10,33,4855,0.172129368352507,0.827870631647493,0.05108135942327498,
2026-08-12 15:43:52,WAS,Washington,257,999,44,3,6,1309,0.2046178343949044,0.7953821656050956,0.04048892284186402,
2026-08-12 17:24:56,ALA,Alachua,9009,4226,1577,47,172,15031,0.680695126558368,0.319304873441632,0.11948639478411284,
2026-08-12 17:24:56,BAK,Baker,257,1677,75,7,8,2024,0.1328852119958635,0.8671147880041365,0.044466403162055336,
2026-08-12 17:24:56,BAY,Bay,2702,7815,865,32,108,11522,0.2569173718741085,0.7430826281258914,0.08722444020135393,
2026-08-12 17:24:56,BRA,Bradford,261,899,21,0,2,1183,0.225,0.775,0.01944209636517329,
2026-08-12 17:24:56,BRE,Brevard,16679,22772,5052,118,591,45212,0.4227776228739449,0.5772223771260551,0.1274219233831726,
2026-08-12 17:24:56,CAL,Calhoun,224,761,31,0,1,1017,0.2274111675126903,0.7725888324873097,0.03146509341199607,
2026-08-12 17:24:56,CHA,Charlotte,6438,11837,2678,77,404,21434,0.3522845417236662,0.6477154582763338,0.1473826630586918,
2026-08-12 17:24:56,CIT,Citrus,4549,10757,2106,59,312,17783,0.297203710963021,0.702796289036979,0.13929033346454478,
2026-08-12 17:24:56,CLA,Clay,3205,8319,988,27,105,12644,0.278115237764665,0.7218847622353349,0.08857956342929453,
2026-08-12 17:24:56,CLL,Collier,7844,20626,3273,55,381,32179,0.2755180892167193,0.7244819107832806,0.11526150595108611,
2026-08-12 17:24:56,CLM,Columbia,1315,3146,305,18,32,4816,0.2947769558394978,0.7052230441605021,0.07371262458471761,
2026-08-12 17:24:56,DES,DeSoto,400,704,0,0,0,1104,0.3623188405797101,0.6376811594202898,0.0,
2026-08-12 17:24:56,DIX,Dixie,250,1179,90,5,9,1533,0.1749475157452764,0.8250524842547236,0.06784083496412263,
2026-08-12 17:24:56,DUV,Duval,19885,15992,3245,120,353,39595,0.5542548150625749,0.4457451849374251,0.0939007450435661,
2026-08-12 17:24:56,ESC,Escambia,7088,10489,1870,52,228,19727,0.4032542527166183,0.5967457472833817,0.10898768185735287,
2026-08-12 17:24:56,FLA,Flagler,4662,6522,1404,41,146,12775,0.4168454935622318,0.5831545064377682,0.12454011741682974,
2026-08-12 17:24:56,FRA,Franklin,272,437,76,3,20,808,0.383638928067701,0.616361071932299,0.12252475247524752,
2026-08-12 17:24:56,GAD,Gadsden,2051,489,82,3,5,2630,0.8074803149606299,0.1925196850393701,0.034220532319391636,
2026-08-12 17:24:56,GIL,Gilchrist,222,948,64,7,7,1248,0.1897435897435897,0.8102564102564103,0.0625,
2026-08-12 17:24:56,GLA,Glades,146,463,48,1,7,665,0.2397372742200328,0.7602627257799671,0.08421052631578947,
2026-08-12 17:24:56,GUL,Gulf,272,947,21,1,6,1247,0.2231337161607875,0.7768662838392125,0.022453889334402566,
2026-08-12 17:24:56,HAM,Hamilton,241,498,25,4,6,774,0.3261163734776725,0.6738836265223275,0.04521963824289406,
2026-08-12 17:24:56,HAR,Hardee,154,651,26,3,4,838,0.1913043478260869,0.808695652173913,0.03937947494033413,
2026-08-12 17:24:56,HEN,Hendry,534,1210,115,7,11,1877,0.3061926605504587,0.6938073394495413,0.07085775173148641,
2026-08-12 17:24:56,HER,Hernando,5149,7582,1735,55,178,14699,0.4044458408608907,0.5955541591391093,0.1338866589563916,
2026-08-12 17:24:56,HIG,Highlands,1494,3545,527,14,67,5647,0.2964873982933121,0.7035126017066878,0.10766778820612714,
2026-08-12 17:24:56,HIL,Hillsborough,39695,38046,11851,275,1154,91021,0.5106057292805598,0.4893942707194402,0.1459003966117709,
2026-08-12 17:24:56,HOL,Holmes,145,788,27,3,1,964,0.1554126473740621,0.8445873526259379,0.032157676348547715,
2026-08-12 17:24:56,IND,Indian River,4844,8469,1545,46,232,15136,0.3638548786900022,0.6361451213099978,0.12044133192389006,
2026-08-12 17:24:56,JAC,Jackson,898,1754,44,5,4,2705,0.3386123680241327,0.6613876319758673,0.019593345656192238,
2026-08-12 17:24:56,JEF,Jefferson,523,616,45,0,12,1196,0.4591747146619842,0.5408252853380158,0.047658862876254184,
2026-08-12 17:24:56,LAF,Lafayette,67,409,6,0,0,482,0.1407563025210084,0.8592436974789915,0.012448132780082987,
2026-08-12 17:24:56,LAK,Lake,8097,10907,2637,36,262,21939,0.4260681961692275,0.5739318038307725,0.1337800264369388,
2026-08-12 17:24:56,LEE,Lee,21910,40259,10573,195,1074,74011,0.3524264504817513,0.6475735495182486,0.16000324276121117,
2026-08-12 17:24:56,LEO,Leon,12899,6616,2232,61,224,22032,0.6609787343069434,0.3390212656930566,0.11424291938997821,
2026-08-12 17:24:56,LEV,Levy,781,2022,181,18,35,3037,0.2786300392436675,0.7213699607563325,0.07704972011853803,
2026-08-12 17:24:56,LIB,Liberty,111,397,22,0,0,530,0.218503937007874,0.781496062992126,0.04150943396226415,
2026-08-12 17:24:56,MAD,Madison,442,646,42,3,3,1136,0.40625,0.59375,0.04225352112676056,
2026-08-12 17:24:56,MAN,Manatee,10986,15646,1462,13,159,28266,0.4125112646440372,0.5874887353559628,0.05780796716903701,
2026-08-12 17:24:56,MRN,Marion,8308,11494,1994,52,286,22134,0.4195535804464195,0.5804464195535805,0.10535827234119455,
2026-08-12 17:24:56,MRT,Martin,3750,5840,1041,19,160,10810,0.3910323253388947,0.6089676746611054,0.11285846438482887,
2026-08-12 17:24:56,DAD,Miami-Dade,54937,40407,19490,170,1288,116292,0.5761977680818929,0.423802231918107,0.18013276923606095,
2026-08-12 17:24:56,MON,Monroe,3466,3810,1016,36,128,8456,0.4763606377130291,0.5236393622869708,0.13954588457899716,
2026-08-12 17:24:56,NAS,Nassau,2318,5617,1028,31,168,9162,0.2921235034656584,0.7078764965343415,0.13392272429600524,
2026-08-12 17:24:56,OKA,Okaloosa,2146,6094,608,22,75,8945,0.2604368932038834,0.7395631067961165,0.07881498043599776,
2026-08-12 17:24:56,OKE,Okeechobee,400,1054,0,0,0,1454,0.2751031636863824,0.7248968363136176,0.0,
2026-08-12 17:24:56,ORA,Orange,37695,23165,10452,256,852,72420,0.6193723299375616,0.3806276700624383,0.1596244131455399,
2026-08-12 17:24:56,OSC,Osceola,8461,6391,3019,76,215,18162,0.569687584163749,0.430312415836251,0.1822486510296223,
2026-08-12 17:24:56,PAL,Palm Beach,47095,26945,9780,131,1195,85146,0.63607509454349,0.36392490545651,0.13043478260869565,
2026-08-12 17:24:56,PAS,Pasco,11475,13715,3693,85,415,29383,0.4555379118697896,0.5444620881302104,0.14270156212776094,
2026-08-12 17:24:56,PIN,Pinellas,33820,33968,13837,309,1250,83184,0.498908361361893,0.501091638638107,0.18508366993652625,
2026-08-12 17:24:56,POL,Polk,13029,14915,3464,86,456,31950,0.4662539364443172,0.5337460635556828,0.12538341158059468,
2026-08-12 17:24:56,PUT,Putnam,1284,2809,194,9,19,4315,0.3137063278768629,0.6862936721231371,0.05144843568945539,
2026-08-12 17:24:56,SAN,Santa Rosa,1869,6708,510,13,80,9180,0.2179083595662819,0.782091640433718,0.06568627450980392,
2026-08-12 17:24:56,SAR,Sarasota,20672,21654,6302,93,760,49481,0.4883995652790247,0.5116004347209753,0.14460095794345304,
2026-08-12 17:24:56,SEM,Seminole,10503,10355,3133,68,334,24393,0.5035477994055039,0.4964522005944961,0.14491862419546592,
2026-08-12 17:24:56,STJ,St. Johns,6335,11255,1441,38,162,19231,0.3601478112563956,0.6398521887436043,0.08533097602828767,
2026-08-12 17:24:56,STL,St. Lucie,9530,9424,2731,67,344,22096,0.5027962435369843,0.4972037564630157,0.1421976828385228,
2026-08-12 17:24:56,SUM,Sumter,6136,14127,1924,36,209,22432,0.3028179440359275,0.6971820559640725,0.09669222539229672,
2026-08-12 17:24:56,SUW,Suwannee,576,1734,61,5,9,2385,0.2493506493506493,0.7506493506493507,0.031446540880503145,
2026-08-12 17:24:56,TAY,Taylor,189,574,8,0,3,774,0.2477064220183486,0.7522935779816514,0.014211886304909561,
2026-08-12 17:24:56,UNI,Union,103,457,13,2,3,578,0.1839285714285714,0.8160714285714286,0.031141868512110725,
2026-08-12 17:24:56,VOL,Volusia,16449,21632,6627,135,806,45649,0.4319476904493054,0.5680523095506945,0.16578676422265548,
2026-08-12 17:24:56,WAK,Wakulla,602,1329,115,2,19,2067,0.3117555670636975,0.6882444329363024,0.06579583938074504,
2026-08-12 17:24:56,WAL,Walton,809,3927,207,10,35,4988,0.1708192567567567,0.8291807432432432,0.05052125100240577,
2026-08-12 17:24:56,WAS,Washington,262,1027,44,3,6,1342,0.2032583397982932,0.7967416602017068,0.039493293591654245,
2026-08-12 18:22:13,ALA,Alachua,9038,4244,1585,47,173,15087,0.6804698087637404,0.3195301912362596,0.11963942467024591,
2026-08-12 18:22:13,BAY,Bay,2731,7896,872,32,108,11639,0.2569869201091559,0.7430130798908441,0.08694905060572214,
2026-08-12 18:22:13,BRA,Bradford,263,905,21,0,2,1191,0.2251712328767123,0.7748287671232876,0.019311502938706968,
2026-08-12 18:22:13,BRE,Brevard,16736,22847,5060,118,593,45354,0.4228077710128085,0.5771922289871915,0.12724346253913657,
2026-08-12 18:22:13,CAL,Calhoun,224,763,31,0,1,1019,0.226950354609929,0.7730496453900709,0.03140333660451423,
2026-08-12 18:22:13,CHA,Charlotte,6443,11866,2680,77,404,21470,0.3519034354688951,0.6480965645311049,0.1472286911970191,
2026-08-12 18:22:13,CIT,Citrus,4562,10781,2107,59,312,17821,0.2973342892524278,0.7026657107475722,0.13904943605858258,
2026-08-12 18:22:13,CLA,Clay,3210,8336,989,27,105,12667,0.2780183613372596,0.7219816386627403,0.08849767111391806,
2026-08-12 18:22:13,CLL,Collier,7848,20663,3279,55,382,32227,0.2752621795096629,0.7247378204903371,0.11530704068017501,
2026-08-12 18:22:13,CLM,Columbia,1316,3164,309,18,32,4839,0.29375,0.70625,0.0741888820004133,
2026-08-12 18:22:13,DIX,Dixie,255,1203,90,5,9,1562,0.1748971193415638,0.8251028806584362,0.06658130601792574,
2026-08-12 18:22:13,DUV,Duval,20036,16069,3265,120,354,39844,0.554936989336657,0.445063010663343,0.09384097982130309,
2026-08-12 18:22:13,ESC,Escambia,7149,10598,1885,52,229,19913,0.4028286470952837,0.5971713529047162,0.10877316326018178,
2026-08-12 18:22:13,FLA,Flagler,4671,6549,1409,41,146,12816,0.4163101604278075,0.5836898395721926,0.12453183520599251,
2026-08-12 18:22:13,GAD,Gadsden,2094,501,83,3,5,2686,0.8069364161849711,0.1930635838150289,0.033879374534623974,
2026-08-12 18:22:13,GIL,Gilchrist,222,954,64,7,7,1254,0.1887755102040816,0.8112244897959183,0.06220095693779904,
2026-08-12 18:22:13,HEN,Hendry,535,1218,115,7,11,1886,0.3051911009697661,0.6948088990302339,0.07051961823966066,
2026-08-12 18:22:13,HER,Hernando,5153,7598,1738,56,179,14724,0.4041251666535957,0.5958748333464042,0.13399891333876665,
2026-08-12 18:22:13,HIL,Hillsborough,39822,38167,11876,275,1159,91299,0.5106104707074075,0.4893895292925925,0.14578472929604924,
2026-08-12 18:22:13,JAC,Jackson,908,1770,44,5,4,2731,0.339058999253174,0.6609410007468259,0.019406810692054192,
2026-08-12 18:22:13,LAK,Lake,8099,10907,2637,36,262,21941,0.4261285909712722,0.5738714090287278,0.1337678319128572,
2026-08-12 18:22:13,LEE,Lee,21945,40315,10588,196,1074,74118,0.3524734982332155,0.6475265017667845,0.1599881270406649,
2026-08-12 18:22:13,LEO,Leon,12957,6647,2241,61,224,22130,0.6609365435625383,0.3390634564374617,0.11414369633981021,
2026-08-12 18:22:13,MAD,Madison,443,653,42,3,3,1144,0.4041970802919708,0.5958029197080292,0.04195804195804196,
2026-08-12 18:22:13,MAN,Manatee,11009,15686,1463,13,160,28331,0.4123993257164263,0.5876006742835737,0.057745932017930886,
2026-08-12 18:22:13,MRN,Marion,8329,11530,1998,52,286,22195,0.419406818067375,0.580593181932625,0.10524892993917549,
2026-08-12 18:22:13,DAD,Miami-Dade,55129,40565,19525,170,1293,116682,0.5760967249775325,0.4239032750224674,0.1798735023396925,
2026-08-12 18:22:13,MON,Monroe,3487,3829,1019,36,128,8499,0.4766265718972116,0.5233734281027884,0.13919284621720202,
2026-08-12 18:22:13,NAS,Nassau,2330,5645,1033,31,168,9207,0.2921630094043887,0.7078369905956113,0.13381123058542413,
2026-08-12 18:22:13,OKA,Okaloosa,2168,6157,614,22,75,9036,0.2604204204204204,0.7395795795795795,0.07868525896414343,
2026-08-12 18:22:13,OKE,Okeechobee,400,1060,0,0,0,1460,0.273972602739726,0.726027397260274,0.0,
2026-08-12 18:22:13,ORA,Orange,37913,23278,10501,257,854,72803,0.6195845794316157,0.3804154205683842,0.15949892174773017,
2026-08-12 18:22:13,OSC,Osceola,8493,6406,3022,76,216,18213,0.5700382576011813,0.4299617423988187,0.18195794212924835,
2026-08-12 18:22:13,PAL,Palm Beach,47245,27068,9802,131,1197,85443,0.6357568662279817,0.3642431337720183,0.13026228011656893,
2026-08-12 18:22:13,PAS,Pasco,11504,13770,3703,85,415,29477,0.4551713223075097,0.5448286776924903,0.1425857448179937,
2026-08-12 18:22:13,PIN,Pinellas,33835,33995,13842,309,1251,83232,0.4988205808639245,0.5011794191360754,0.18504901960784315,
2026-08-12 18:22:13,POL,Polk,13255,15141,3513,86,463,32458,0.4667910973376531,0.5332089026623468,0.1251463429662949,
2026-08-12 18:22:13,PUT,Putnam,1284,2810,194,9,19,4316,0.3136297020029311,0.6863702979970688,0.05143651529193698,
2026-08-12 18:22:13,SAN,Santa Rosa,1872,6713,511,13,80,9189,0.2180547466511357,0.7819452533488643,0.06573076504516269,
2026-08-12 18:22:13,SEM,Seminole,10575,10405,3147,69,335,24531,0.5040514775977121,0.4959485224022879,0.14475561534385065,
2026-08-12 18:22:13,STJ,St. Johns,6357,11296,1447,38,162,19300,0.3601087633829944,0.6398912366170056,0.08533678756476684,
2026-08-12 18:22:13,STL,St. Lucie,9566,9458,2739,68,345,22176,0.502838519764508,0.497161480235492,0.14213564213564214,
2026-08-12 18:22:13,SUM,Sumter,6142,14170,1926,36,209,22483,0.3023828278849941,0.697617172115006,0.09656184672863942,
2026-08-12 18:22:13,UNI,Union,103,461,13,2,3,582,0.1826241134751773,0.8173758865248227,0.030927835051546393,
2026-08-12 18:22:13,VOL,Volusia,16503,21688,6641,135,806,45773,0.4321175145976801,0.5678824854023199,0.16564350162759706,
2026-08-12 18:22:13,WAL,Walton,809,3931,207,10,35,4992,0.170675105485232,0.829324894514768,0.05048076923076923,
2026-08-12 18:22:13,WAS,Washington,263,1038,44,3,6,1354,0.202152190622598,0.797847809377402,0.03914327917282127,
2026-08-12 19:20:20,BAY,Bay,2740,7933,874,32,111,11690,0.2567225709734845,0.7432774290265155,0.08699743370402054,
2026-08-12 19:20:20,CAL,Calhoun,224,766,31,0,1,1022,0.2262626262626262,0.7737373737373737,0.03131115459882583,
2026-08-12 19:20:20,CLM,Columbia,1316,3165,309,18,32,4840,0.2936844454362865,0.7063155545637134,0.07417355371900826,
2026-08-12 19:20:20,ESC,Escambia,7159,10610,1886,52,229,19936,0.4028926782598908,0.5971073217401092,0.1086978330658106,
2026-08-12 19:20:20,GAD,Gadsden,2104,506,84,3,5,2702,0.8061302681992337,0.1938697318007662,0.034048852701702444,
2026-08-12 19:20:20,JAC,Jackson,908,1771,44,5,4,2732,0.3389324374766704,0.6610675625233297,0.019399707174231333,
2026-08-12 19:20:20,LEO,Leon,13211,6750,2263,63,226,22513,0.6618405891488403,0.3381594108511597,0.11335672722427043,
2026-08-12 19:20:20,MAD,Madison,443,654,42,3,3,1145,0.4038286235186873,0.5961713764813127,0.04192139737991266,
2026-08-12 19:20:20,DAD,Miami-Dade,55222,40612,19556,171,1294,116855,0.5762255566917796,0.4237744433082204,0.17988960677763038,
2026-08-12 19:20:20,OKA,Okaloosa,2174,6182,614,22,75,9067,0.2601723312589756,0.7398276687410245,0.07841623469725378,
2026-08-12 19:20:20,ORA,Orange,38096,23366,10543,259,855,73119,0.6198301389476425,0.3801698610523575,0.15942504684145023,
2026-08-12 19:20:20,PAL,Palm Beach,47315,27110,9813,131,1198,85567,0.6357406785354384,0.3642593214645616,0.13021375062816273,
2026-08-12 19:20:20,POL,Polk,13256,15144,3513,86,463,32462,0.4667605633802817,0.5332394366197183,0.12513092230916148,
2026-08-12 19:20:20,SUM,Sumter,6145,14175,1926,36,209,22491,0.3024114173228346,0.6975885826771654,0.09652749988884443,
2026-08-12 19:20:20,WAS,Washington,266,1040,44,3,6,1359,0.2036753445635528,0.7963246554364471,0.03899926416482708,
2026-08-12 20:41:36,LAK,Lake,8564,11919,2714,42,273,23512,0.4181028169701704,0.5818971830298296,0.12882783259612113,
2026-08-12 20:41:36,ORA,Orange,38213,23405,10573,261,859,73311,0.6201596935960272,0.3798403064039728,0.15949857456589053,
2026-08-12 20:41:36,PAL,Palm Beach,47927,27268,9860,132,1199,86386,0.6373695059511936,0.3626304940488064,0.12954645428657421,
2026-08-12 23:53:27,ORA,Orange,38644,23541,10670,263,866,73984,0.6214360376296535,0.3785639623703465,0.15948042820069205,
2026-08-12 23:53:27,PAL,Palm Beach,48007,27286,9862,132,1200,86487,0.6376024331611172,0.3623975668388827,0.12942985651022698,
2026-08-13 07:24:53,IND,Indian River,4847,8469,1545,46,232,15139,0.363998197656954,0.6360018023430459,0.12041746482594623,
2026-08-13 07:24:53,LEO,Leon,13227,6765,2266,63,227,22548,0.6616146458583433,0.3383853541416566,0.11335816923895689,
2026-08-13 07:24:53,PAL,Palm Beach,48013,27299,9862,133,1200,86507,0.6375212449543234,0.3624787550456766,0.12941149271157248,
2026-08-13 08:29:33,BRE,Brevard,17087,22902,5140,119,608,45856,0.4272925054389957,0.5727074945610042,0.1279439986043266,
2026-08-13 08:29:33,DES,DeSoto,400,705,0,0,0,1105,0.3619909502262443,0.6380090497737556,0.0,
2026-08-13 08:29:33,DIX,Dixie,255,1206,90,5,9,1565,0.1745379876796714,0.8254620123203286,0.06645367412140575,
2026-08-13 08:29:33,IND,Indian River,4886,8520,1555,46,233,15240,0.3644636729822467,0.6355363270177532,0.12034120734908137,
2026-08-13 08:29:33,JEF,Jefferson,524,617,45,0,12,1198,0.4592462751971954,0.5407537248028046,0.04757929883138564,
2026-08-13 08:29:33,LEO,Leon,13232,6766,2266,63,227,22554,0.6616661666166617,0.3383338333833383,0.11332801276935354,
2026-08-13 08:29:33,LEV,Levy,781,2027,181,18,36,3043,0.2781339031339031,0.7218660968660968,0.07722642129477489,
2026-08-13 08:29:33,LIB,Liberty,111,398,22,0,0,531,0.2180746561886051,0.7819253438113949,0.04143126177024482,
2026-08-13 08:29:33,MAD,Madison,446,662,42,3,3,1156,0.4025270758122743,0.5974729241877257,0.04152249134948097,
2026-08-13 08:29:33,MAN,Manatee,11011,15687,1463,13,160,28334,0.4124278972207656,0.5875721027792344,0.05773981788663796,
2026-08-13 08:29:33,MRN,Marion,8330,11531,1998,52,286,22197,0.4194149337898394,0.5805850662101606,0.10523944677208631,
2026-08-13 08:29:33,MRT,Martin,3757,5853,1041,19,160,10830,0.3909469302809573,0.6090530697190427,0.11265004616805172,
2026-08-13 08:29:33,PAL,Palm Beach,48052,27340,9866,133,1200,86591,0.6373620543293718,0.3626379456706282,0.1293321476827846,
2026-08-13 08:29:33,PAS,Pasco,11504,13771,3703,85,415,29478,0.4551533135509397,0.5448466864490603,0.1425809077956442,
2026-08-13 08:29:33,PIN,Pinellas,33850,34221,13842,309,1252,83474,0.4972749041442024,0.5027250958557976,0.18452452260584135,
2026-08-13 08:29:33,SEM,Seminole,10575,10407,3147,69,335,24533,0.5040034315127252,0.4959965684872748,0.14474381445400072,
2026-08-13 08:29:33,SUW,Suwannee,576,1735,61,5,9,2386,0.2492427520553873,0.7507572479446127,0.03143336127409891,
2026-08-13 08:29:33,TAY,Taylor,198,595,10,0,3,806,0.2496847414880201,0.7503152585119798,0.016129032258064516,
2026-08-13 08:29:33,UNI,Union,104,467,14,2,3,590,0.1821366024518388,0.8178633975481612,0.03220338983050847,
2026-08-13 08:29:33,VOL,Volusia,16524,21719,6641,135,806,45825,0.4320790732944591,0.5679209267055408,0.16545553737043098,
2026-08-13 10:05:08,ALA,Alachua,9119,4283,1591,47,175,15215,0.6804208327115356,0.3195791672884644,0.11915872494249097,
2026-08-13 10:05:08,BAK,Baker,260,1717,78,7,8,2070,0.1315123925139099,0.86848760748609,0.04492753623188406,
2026-08-13 10:05:08,BAY,Bay,2745,7941,879,32,111,11708,0.2568781583380123,0.7431218416619877,0.08729074137341988,
2026-08-13 10:05:08,BRA,Bradford,270,918,21,0,2,1211,0.2272727272727272,0.7727272727272727,0.018992568125516102,
2026-08-13 10:05:08,BRE,Brevard,17210,23417,5174,122,615,46538,0.4236099145888202,0.5763900854111798,0.12701448278825905,
2026-08-13 10:05:08,CAL,Calhoun,224,774,31,0,1,1030,0.2244488977955911,0.7755511022044088,0.031067961165048542,
2026-08-13 10:05:08,CHA,Charlotte,6713,12307,2770,78,423,22291,0.3529442691903259,0.647055730809674,0.14674083710914718,
2026-08-13 10:05:08,CLL,Collier,8208,21324,3385,55,397,33369,0.2779357984559122,0.7220642015440878,0.11498696394857502,
2026-08-13 10:05:08,CLM,Columbia,1341,3236,311,18,33,4939,0.2929866724928993,0.7070133275071008,0.07329418910710671,
2026-08-13 10:05:08,DES,DeSoto,401,723,0,0,0,1124,0.3567615658362989,0.6432384341637011,0.0,
2026-08-13 10:05:08,DIX,Dixie,258,1216,92,5,9,1580,0.175033921302578,0.824966078697422,0.0670886075949367,
2026-08-13 10:05:08,DUV,Duval,20049,16084,3265,120,354,39872,0.5548667423131209,0.445133257686879,0.09377508025682182,
2026-08-13 10:05:08,ESC,Escambia,7198,10695,1892,52,229,20066,0.4022802213155982,0.5977197786844017,0.1082926343067876,
2026-08-13 10:05:08,FLA,Flagler,4674,6553,1409,41,146,12823,0.4163178052908168,0.5836821947091833,0.12446385401232161,
2026-08-13 10:05:08,FRA,Franklin,275,441,77,3,20,816,0.3840782122905028,0.6159217877094972,0.12254901960784313,
2026-08-13 10:05:08,GAD,Gadsden,2118,522,85,3,5,2733,0.8022727272727272,0.1977272727272727,0.03402854006586169,
2026-08-13 10:05:08,GIL,Gilchrist,232,987,67,7,7,1300,0.1903199343724364,0.8096800656275636,0.06230769230769231,
2026-08-13 10:05:08,GLA,Glades,147,478,48,1,7,681,0.2352,0.7648,0.08223201174743025,
2026-08-13 10:05:08,GUL,Gulf,273,949,21,1,6,1250,0.2234042553191489,0.776595744680851,0.0224,
2026-08-13 10:05:08,HAM,Hamilton,248,513,26,4,6,797,0.3258869908015768,0.6741130091984231,0.0451693851944793,
2026-08-13 10:05:08,HAR,Hardee,158,666,28,3,4,859,0.1917475728155339,0.808252427184466,0.04074505238649592,
2026-08-13 10:05:08,HEN,Hendry,537,1234,116,7,11,1905,0.3032185206098249,0.6967814793901751,0.07034120734908136,
2026-08-13 10:05:08,HER,Hernando,5168,7665,1744,56,179,14812,0.4027117587469804,0.5972882412530196,0.13360788549824468,
2026-08-13 10:05:08,HIG,Highlands,1513,3624,530,14,68,5749,0.29452988125365,0.70547011874635,0.10645329622543051,
2026-08-13 10:05:08,HIL,Hillsborough,39825,38165,11874,275,1159,91298,0.5106423900500064,0.4893576099499936,0.14576441981204408,
2026-08-13 10:05:08,HOL,Holmes,145,797,27,3,1,973,0.1539278131634819,0.8460721868365181,0.03186022610483042,
2026-08-13 10:05:08,IND,Indian River,4914,8619,1557,47,235,15372,0.3631123919308357,0.6368876080691642,0.11963309914129586,
2026-08-13 10:05:08,JAC,Jackson,915,1798,44,5,4,2766,0.3372650202727608,0.6627349797272393,0.019161243673174257,
2026-08-13 10:05:08,JEF,Jefferson,529,625,45,0,12,1211,0.4584055459272097,0.5415944540727903,0.04706853839801817,
2026-08-13 10:05:08,LAF,Lafayette,67,424,6,0,0,497,0.1364562118126273,0.8635437881873728,0.012072434607645875,
2026-08-13 10:05:08,LAK,Lake,8757,12506,2752,45,276,24336,0.4118421671448055,0.5881578328551945,0.12627383300460224,
2026-08-13 10:05:08,LEE,Lee,22249,40864,10724,198,1083,75118,0.3525264208641643,0.6474735791358357,0.1598152240474986,
2026-08-13 10:05:08,LEO,Leon,13266,6780,2275,63,227,22611,0.6617779108051481,0.3382220891948518,0.11344036088629428,
2026-08-13 10:05:08,LEV,Levy,783,2037,181,18,37,3056,0.2776595744680851,0.7223404255319149,0.07722513089005235,
2026-08-13 10:05:08,LIB,Liberty,112,402,23,1,0,538,0.2178988326848249,0.7821011673151751,0.04460966542750929,
2026-08-13 10:05:08,MAD,Madison,459,686,44,3,3,1195,0.4008733624454148,0.5991266375545852,0.04184100418410042,
2026-08-13 10:05:08,MAN,Manatee,11201,15929,1479,13,162,28784,0.4128639882049392,0.5871360117950608,0.057462479155086156,
2026-08-13 10:05:08,MRN,Marion,8330,11532,1998,52,286,22198,0.4193938173396435,0.5806061826603565,0.105234705829354,
2026-08-13 10:05:08,MRT,Martin,3779,5912,1049,19,161,10920,0.3899494376225363,0.6100505623774636,0.11254578754578755,
2026-08-13 10:05:08,DAD,Miami-Dade,57055,41735,19811,173,1317,120091,0.5775382123696731,0.4224617876303269,0.17737382484948913,
2026-08-13 10:05:08,MON,Monroe,3500,3848,1024,36,129,8537,0.4763200870985302,0.5236799129014698,0.13927609230408808,
2026-08-13 10:05:08,NAS,Nassau,2357,5742,1048,31,169,9347,0.2910235831584146,0.7089764168415854,0.13351877607788595,
2026-08-13 10:05:08,OKA,Okaloosa,2207,6213,621,22,75,9138,0.2621140142517815,0.7378859857482185,0.07857299190194791,
2026-08-13 10:05:08,OKE,Okeechobee,402,1088,0,0,0,1490,0.2697986577181208,0.7302013422818792,0.0,
2026-08-13 10:05:08,ORA,Orange,38823,23667,10703,266,871,74330,0.6212674027844455,0.3787325972155544,0.15928965424458497,
2026-08-13 10:05:08,OSC,Osceola,8536,6457,3026,77,219,18315,0.5693323550990462,0.4306676449009537,0.18138138138138138,
2026-08-13 10:05:08,PAL,Palm Beach,48217,27477,9888,133,1203,86918,0.6369989695352339,0.363001030464766,0.12913320601026254,
2026-08-13 10:05:08,PIN,Pinellas,35454,35116,14200,312,1289,86371,0.5023947853195408,0.4976052146804591,0.182943349040766,
2026-08-13 10:05:08,POL,Polk,13324,15248,3534,87,464,32657,0.4663306733865323,0.5336693266134678,0.12508803625562667,
2026-08-13 10:05:08,PUT,Putnam,1306,2856,195,9,19,4385,0.3137914464199904,0.6862085535800097,0.0508551881413911,
2026-08-13 10:05:08,SAN,Santa Rosa,1879,6766,515,13,80,9253,0.2173510699826489,0.782648930017351,0.06570841889117043,
2026-08-13 10:05:08,SAR,Sarasota,20739,21809,6316,94,762,49720,0.4874259659678481,0.512574034032152,0.14424778761061946,
2026-08-13 10:05:08,SEM,Seminole,10658,10572,3148,69,335,24782,0.5020254357041922,0.4979745642958078,0.14332983617141473,
2026-08-13 10:05:08,STJ,St. Johns,6424,11542,1469,38,164,19637,0.3575642880997439,0.6424357119002561,0.08509446453124205,
2026-08-13 10:05:08,SUM,Sumter,6182,14231,1937,36,210,22596,0.3028462254445696,0.6971537745554304,0.09661001947247301,
2026-08-13 10:05:08,SUW,Suwannee,582,1788,61,5,9,2445,0.2455696202531645,0.7544303797468355,0.03067484662576687,
2026-08-13 10:05:08,TAY,Taylor,204,606,10,0,3,823,0.2518518518518518,0.7481481481481481,0.015795868772782502,
2026-08-13 10:05:08,UNI,Union,104,479,14,2,3,602,0.1783876500857633,0.8216123499142367,0.03156146179401993,
2026-08-13 10:05:08,VOL,Volusia,16629,21944,6667,135,811,46186,0.43110465869909,0.56889534130091,0.16483349932880093,
2026-08-13 10:05:08,WAK,Wakulla,614,1377,117,2,19,2129,0.3083877448518332,0.6916122551481667,0.06481916392672617,
2026-08-13 10:05:08,WAL,Walton,811,3967,207,10,35,5030,0.1697362913352867,0.8302637086647132,0.05009940357852883,
2026-08-13 10:05:08,WAS,Washington,267,1050,44,3,6,1370,0.2027334851936218,0.7972665148063781,0.03868613138686131,
2026-08-13 11:33:55,ALA,Alachua,9219,4368,1608,47,176,15418,0.678516228748068,0.321483771251932,0.11875729666623427,
2026-08-13 11:33:55,BAK,Baker,269,1765,81,7,12,2134,0.1322517207472959,0.867748279252704,0.046860356138706656,
2026-08-13 11:33:55,BAY,Bay,2811,8144,884,33,114,11986,0.2565951620264719,0.7434048379735281,0.08601701985649925,
2026-08-13 11:33:55,BRA,Bradford,283,952,22,0,2,1259,0.2291497975708502,0.7708502024291498,0.019062748212867357,
2026-08-13 11:33:55,BRE,Brevard,17880,24174,5369,124,641,48188,0.4251676416036524,0.5748323583963475,0.1272931020170997,
2026-08-13 11:33:55,CAL,Calhoun,230,794,33,0,1,1058,0.224609375,0.775390625,0.03213610586011342,
2026-08-13 11:33:55,CHA,Charlotte,6744,12487,2783,78,424,22516,0.3506837917944985,0.6493162082055015,0.14589625155445016,
2026-08-13 11:33:55,CIT,Citrus,4646,11093,2141,60,314,18254,0.2951902916322511,0.7048097083677489,0.1377780212556152,
2026-08-13 11:33:55,CLA,Clay,3287,8643,1009,27,106,13072,0.2755238893545683,0.7244761106454317,0.08736230110159118,
2026-08-13 11:33:55,CLL,Collier,8283,21648,3404,55,398,33788,0.2767364939360529,0.7232635060639471,0.11415295371137682,
2026-08-13 11:33:55,CLM,Columbia,1379,3367,318,18,34,5116,0.2905604719764011,0.7094395280235988,0.07232212666145427,
2026-08-13 11:33:55,DES,DeSoto,404,737,0,0,0,1141,0.3540753724802805,0.6459246275197196,0.0,
2026-08-13 11:33:55,DIX,Dixie,260,1238,93,5,9,1605,0.1735647530040053,0.8264352469959947,0.06666666666666667,
2026-08-13 11:33:55,DUV,Duval,20720,16830,3357,122,361,41390,0.551797603195739,0.448202396804261,0.0927760328581783,
2026-08-13 11:33:55,ESC,Escambia,7465,11126,1947,53,233,20824,0.4015383787854338,0.5984616212145661,0.10723203995389935,
2026-08-13 11:33:55,FLA,Flagler,4739,6822,1434,41,149,13185,0.4099126373151111,0.5900873626848888,0.12317026924535457,
2026-08-13 11:33:55,FRA,Franklin,296,471,79,3,20,869,0.3859191655801825,0.6140808344198174,0.11737629459148446,
2026-08-13 11:33:55,GAD,Gadsden,2137,533,86,3,5,2764,0.800374531835206,0.199625468164794,0.03400868306801737,
2026-08-13 11:33:55,GIL,Gilchrist,236,1004,68,7,7,1322,0.1903225806451612,0.8096774193548387,0.06202723146747353,
2026-08-13 11:33:55,GLA,Glades,147,481,49,1,7,685,0.2340764331210191,0.7659235668789809,0.08321167883211679,
2026-08-13 11:33:55,HAM,Hamilton,256,524,28,4,6,818,0.3282051282051282,0.6717948717948717,0.04645476772616137,
2026-08-13 11:33:55,HAR,Hardee,160,686,28,3,4,881,0.1891252955082742,0.8108747044917257,0.039727582292849034,
2026-08-13 11:33:55,HEN,Hendry,544,1264,119,7,11,1945,0.3008849557522124,0.6991150442477876,0.07043701799485862,
2026-08-13 11:33:55,HER,Hernando,5271,7844,1772,57,180,15124,0.4019062142584826,0.5980937857415174,0.13283522877545623,
2026-08-13 11:33:55,HIG,Highlands,1579,3720,549,14,69,5931,0.2979807510851104,0.7020192489148896,0.10655875906255269,
2026-08-13 11:33:55,HIL,Hillsborough,40686,38986,12045,280,1175,93172,0.5106687418415503,0.4893312581584496,0.14489331558837418,
2026-08-13 11:33:55,HOL,Holmes,156,824,30,3,1,1014,0.1591836734693877,0.8408163265306122,0.03353057199211045,
2026-08-13 11:33:55,IND,Indian River,5048,8922,1596,48,242,15856,0.3613457408732999,0.6386542591267,0.11894550958627649,
2026-08-13 11:33:55,JAC,Jackson,923,1839,44,5,4,2815,0.334178131788559,0.665821868211441,0.018827708703374777,
2026-08-13 11:33:55,JEF,Jefferson,537,636,46,0,12,1231,0.4578005115089514,0.5421994884910486,0.047116165718927704,
2026-08-13 11:33:55,LAF,Lafayette,67,435,6,0,0,508,0.1334661354581673,0.8665338645418327,0.011811023622047244,
2026-08-13 11:33:55,LEE,Lee,22936,42449,11013,201,1114,77713,0.3507838189187122,0.6492161810812878,0.1586349774169058,
2026-08-13 11:33:55,LEO,Leon,13457,6945,2315,64,230,23011,0.6595921968434467,0.3404078031565533,0.11338055712485333,
2026-08-13 11:33:55,LEV,Levy,793,2071,181,18,37,3100,0.2768854748603352,0.7231145251396648,0.07612903225806451,
2026-08-13 11:33:55,LIB,Liberty,112,409,23,2,0,546,0.2149712092130518,0.7850287907869482,0.045787545787545784,
2026-08-13 11:33:55,MAD,Madison,473,718,45,3,3,1242,0.3971452560873216,0.6028547439126785,0.04106280193236715,
2026-08-13 11:33:55,MAN,Manatee,11315,16259,1486,13,163,29236,0.4103503300210343,0.5896496699789657,0.056847721986591875,
2026-08-13 11:33:55,MRN,Marion,8445,11922,2020,53,290,22730,0.4146413315657681,0.5853586684342319,0.10395952485701716,
2026-08-13 11:33:55,MRT,Martin,3898,6086,1074,21,166,11245,0.3904246794871794,0.6095753205128205,0.11213872832369942,
2026-08-13 11:33:55,DAD,Miami-Dade,57338,42034,20175,175,1339,121061,0.577003582498088,0.422996417501912,0.1791576147561973,
2026-08-13 11:33:55,MON,Monroe,3531,3881,1030,36,130,8608,0.476389638424177,0.523610361575823,0.13894052044609664,
2026-08-13 11:33:55,NAS,Nassau,2385,5870,1060,32,173,9520,0.288915808600848,0.711084191399152,0.1328781512605042,
2026-08-13 11:33:55,OKA,Okaloosa,2279,6430,639,22,77,9447,0.2616833161097715,0.7383166838902285,0.07812003810733566,
2026-08-13 11:33:55,OKE,Okeechobee,407,1108,0,0,0,1515,0.2686468646864686,0.7313531353135313,0.0,
2026-08-13 11:33:55,ORA,Orange,39146,23899,10779,267,884,74975,0.6209215639622492,0.3790784360377508,0.1591197065688563,
2026-08-13 11:33:55,OSC,Osceola,8608,6553,3042,77,219,18499,0.5677725743684453,0.4322274256315546,0.18044218606411158,
2026-08-13 11:33:55,PAL,Palm Beach,48475,27746,9920,134,1205,87480,0.6359795856784876,0.3640204143215124,0.1287037037037037,
2026-08-13 11:33:55,PAS,Pasco,11649,14136,3737,86,419,30027,0.4517742873763816,0.5482257126236184,0.1412728544310121,
2026-08-13 11:33:55,PIN,Pinellas,35513,35216,14216,313,1290,86548,0.5020995631212091,0.4979004368787909,0.1827771872255858,
2026-08-13 11:33:55,POL,Polk,13422,15468,3560,87,466,33003,0.4645898234683281,0.5354101765316719,0.1246250340878102,
2026-08-13 11:33:55,PUT,Putnam,1321,2927,202,9,19,4478,0.310969868173258,0.689030131826742,0.051362215274676194,
2026-08-13 11:33:55,SAN,Santa Rosa,1914,6936,529,13,80,9472,0.2162711864406779,0.783728813559322,0.06566722972972973,
2026-08-13 11:33:55,SAR,Sarasota,21225,22278,6440,97,770,50810,0.4878973863871457,0.5121026136128543,0.14381027356819523,
2026-08-13 11:33:55,SEM,Seminole,11032,11008,3228,69,343,25680,0.5005444646098004,0.4994555353901996,0.14174454828660435,
2026-08-13 11:33:55,STJ,St. Johns,6556,11946,1493,41,169,20205,0.3543400713436385,0.6456599286563615,0.08428606780499877,
2026-08-13 11:33:55,STL,St. Lucie,9723,9691,2763,68,354,22599,0.5008241475224066,0.4991758524775935,0.14093543962122218,
2026-08-13 11:33:55,SUM,Sumter,6302,14733,1957,39,214,23245,0.2995959115759448,0.7004040884240551,0.09507420950742095,
2026-08-13 11:33:55,SUW,Suwannee,618,1885,66,5,11,2585,0.2469037155413503,0.7530962844586496,0.03172147001934236,
2026-08-13 11:33:55,TAY,Taylor,210,623,10,0,3,846,0.2521008403361344,0.7478991596638656,0.015366430260047281,
2026-08-13 11:33:55,UNI,Union,108,504,17,2,3,634,0.1764705882352941,0.8235294117647058,0.03470031545741325,
2026-08-13 11:33:55,VOL,Volusia,17046,22506,6810,138,820,47320,0.4309769417475728,0.5690230582524272,0.16415891800507185,
2026-08-13 11:33:55,WAK,Wakulla,636,1424,122,2,19,2203,0.3087378640776699,0.6912621359223301,0.064911484339537,
2026-08-13 11:33:55,WAL,Walton,821,4052,212,11,36,5132,0.1684793761543197,0.8315206238456803,0.05046765393608729,
2026-08-13 11:33:55,WAS,Washington,276,1082,45,3,6,1412,0.203240058910162,0.7967599410898379,0.03824362606232295,
2026-08-13 12:30:20,ALA,Alachua,9333,4430,1621,47,176,15607,0.6781225023614038,0.3218774976385962,0.11815211123213942,
2026-08-13 12:30:20,BAK,Baker,275,1790,81,7,12,2165,0.1331719128329297,0.8668280871670703,0.046189376443418015,
2026-08-13 12:30:20,BAY,Bay,2855,8323,894,33,115,12220,0.255412417248166,0.744587582751834,0.08527004909983633,
2026-08-13 12:30:20,BRA,Bradford,290,956,22,0,2,1270,0.232744783306581,0.7672552166934189,0.01889763779527559,
2026-08-13 12:30:20,BRE,Brevard,17983,24865,5400,125,646,49019,0.4196928678117999,0.5803071321882002,0.12588996103551683,
2026-08-13 12:30:20,CAL,Calhoun,238,809,33,0,1,1081,0.2273161413562559,0.772683858643744,0.03145235892691952,
2026-08-13 12:30:20,CHA,Charlotte,6768,12611,2801,78,426,22684,0.3492440270395789,0.6507559729604211,0.14569740786457414,
2026-08-13 12:30:20,CIT,Citrus,4669,11176,2157,60,320,18382,0.2946670874092774,0.7053329125907226,0.13801544989663803,
2026-08-13 12:30:20,CLA,Clay,3480,9054,1040,29,110,13713,0.2776448061273336,0.7223551938726663,0.08597681032596806,
2026-08-13 12:30:20,CLL,Collier,8320,21846,3411,55,399,34031,0.2758072001591195,0.7241927998408805,0.11357291880932091,
2026-08-13 12:30:20,CLM,Columbia,1426,3499,333,18,34,5310,0.2895431472081218,0.7104568527918782,0.07250470809792843,
2026-08-13 12:30:20,DES,DeSoto,409,738,0,0,0,1147,0.3565823888404533,0.6434176111595467,0.0,
2026-08-13 12:30:20,DIX,Dixie,260,1261,94,5,9,1629,0.1709401709401709,0.8290598290598291,0.06629834254143646,
2026-08-13 12:30:20,DUV,Duval,21127,17213,3405,123,365,42233,0.5510432968179447,0.4489567031820553,0.09217910165036819,
2026-08-13 12:30:20,ESC,Escambia,7537,11261,1960,55,235,21048,0.4009469092456644,0.5990530907543355,0.10689851767388825,
2026-08-13 12:30:20,FLA,Flagler,4781,6931,1445,41,151,13349,0.4082137978142076,0.5917862021857924,0.1226309086822983,
2026-08-13 12:30:20,FRA,Franklin,300,476,79,3,20,878,0.3865979381443299,0.6134020618556701,0.11617312072892938,
2026-08-13 12:30:20,GAD,Gadsden,2162,536,86,3,5,2792,0.8013343217197925,0.1986656782802075,0.0336676217765043,
2026-08-13 12:30:20,GIL,Gilchrist,237,1018,68,7,8,1338,0.1888446215139442,0.8111553784860558,0.06203288490284006,
2026-08-13 12:30:20,GLA,Glades,148,488,50,1,7,694,0.2327044025157232,0.7672955974842768,0.08357348703170028,
2026-08-13 12:30:20,HAM,Hamilton,256,531,28,4,6,825,0.3252858958068615,0.6747141041931385,0.04606060606060606,
2026-08-13 12:30:20,HAR,Hardee,165,706,29,3,4,907,0.1894374282433984,0.8105625717566016,0.03969128996692393,
2026-08-13 12:30:20,HEN,Hendry,544,1276,119,7,11,1957,0.2989010989010989,0.701098901098901,0.07000510986203373,
2026-08-13 12:30:20,HER,Hernando,5368,8004,1798,57,180,15407,0.4014358360753814,0.5985641639246186,0.13208281949763095,
2026-08-13 12:30:20,HIG,Highlands,1605,3843,553,15,70,6086,0.2946035242290749,0.7053964757709251,0.10483075911929017,
2026-08-13 12:30:20,HIL,Hillsborough,41287,39672,12206,282,1182,94629,0.5099741844637409,0.490025815536259,0.14445888681059718,
2026-08-13 12:30:20,HOL,Holmes,159,841,31,3,1,1035,0.159,0.841,0.033816425120772944,
2026-08-13 12:30:20,IND,Indian River,5116,9102,1608,48,246,16120,0.3598255732170488,0.6401744267829512,0.11799007444168734,
2026-08-13 12:30:20,JAC,Jackson,929,1856,44,5,4,2838,0.333572710951526,0.6664272890484739,0.018675123326286118,
2026-08-13 12:30:20,JEF,Jefferson,541,648,47,0,12,1248,0.4550042052144659,0.5449957947855341,0.047275641025641024,
2026-08-13 12:30:20,LAF,Lafayette,68,443,6,0,0,517,0.1330724070450097,0.8669275929549902,0.01160541586073501,
2026-08-13 12:30:20,LAK,Lake,8810,12601,2771,45,276,24503,0.4114707393395918,0.5885292606604082,0.1261886299636779,
2026-08-13 12:30:20,LEE,Lee,23133,43049,11098,203,1123,78606,0.3495361276480009,0.650463872351999,0.15805409256290867,
2026-08-13 12:30:20,LEO,Leon,13854,7146,2386,66,236,23688,0.6597142857142857,0.3402857142857143,0.11347517730496454,
2026-08-13 12:30:20,LEV,Levy,800,2090,181,18,37,3126,0.2768166089965398,0.7231833910034602,0.07549584133077415,
2026-08-13 12:30:20,MAD,Madison,476,728,45,3,3,1255,0.3953488372093023,0.6046511627906976,0.04063745019920319,
2026-08-13 12:30:20,MAN,Manatee,11368,16443,1491,13,163,29478,0.4087591240875912,0.5912408759124088,0.05655064794083724,
2026-08-13 12:30:20,MRN,Marion,8934,12520,2116,56,298,23924,0.4164258413349492,0.5835741586650508,0.10324360474836984,
2026-08-13 12:30:20,MRT,Martin,3953,6220,1088,21,170,11452,0.3885776073921164,0.6114223926078836,0.11168354872511352,
2026-08-13 12:30:20,DAD,Miami-Dade,57718,42357,20246,175,1348,121844,0.5767474394204347,0.4232525605795653,0.1786628804044516,
2026-08-13 12:30:20,MON,Monroe,3552,3902,1035,36,130,8655,0.4765226723906627,0.5234773276093373,0.13876372039283652,
2026-08-13 12:30:20,NAS,Nassau,2441,6026,1085,33,176,9761,0.2882957363883311,0.7117042636116688,0.13256838438684562,
2026-08-13 12:30:20,OKA,Okaloosa,2296,6604,645,22,79,9646,0.2579775280898876,0.7420224719101124,0.0773377565830396,
2026-08-13 12:30:20,OKE,Okeechobee,407,1132,0,0,0,1539,0.2644574398960364,0.7355425601039636,0.0,
2026-08-13 12:30:20,ORA,Orange,39652,24288,10945,271,896,76052,0.6201438848920864,0.3798561151079136,0.15925945405774997,
2026-08-13 12:30:20,OSC,Osceola,9064,6827,3197,80,226,19394,0.5703857529419168,0.4296142470580832,0.1806228730535217,
2026-08-13 12:30:20,PAL,Palm Beach,48651,27930,9946,135,1212,87874,0.6352881262976456,0.3647118737023543,0.1285135534970526,
2026-08-13 12:30:20,PAS,Pasco,11730,14329,3758,86,420,30323,0.4501323918799647,0.5498676081200353,0.14061933186030406,
2026-08-13 12:30:20,PIN,Pinellas,35957,36869,14237,314,1293,88670,0.4937384999862686,0.5062615000137314,0.17868501184166008,
2026-08-13 12:30:20,POL,Polk,13510,15617,3571,88,469,33255,0.4638308099014659,0.536169190098534,0.12413170951736581,
2026-08-13 12:30:20,PUT,Putnam,1344,2987,205,9,19,4564,0.3103209420457169,0.6896790579542831,0.05105170902716915,
2026-08-13 12:30:20,SAN,Santa Rosa,1959,7113,540,14,82,9708,0.2159391534391534,0.7840608465608465,0.06551297898640297,
2026-08-13 12:30:20,SAR,Sarasota,21900,22929,6638,98,786,52351,0.4885230542729037,0.5114769457270963,0.14368397929361426,
2026-08-13 12:30:20,SEM,Seminole,11215,11147,3272,69,345,26048,0.5015204364546999,0.4984795635453,0.14150798525798525,
2026-08-13 12:30:20,STJ,St. Johns,6733,12252,1519,42,173,20719,0.3546484066368185,0.6453515933631815,0.08369129784255996,
2026-08-13 12:30:20,STL,St. Lucie,10311,10062,2783,69,358,23583,0.50611102930349,0.4938889706965101,0.13611499809184582,
2026-08-13 12:30:20,SUM,Sumter,6350,14968,1970,39,216,23543,0.2978703443099728,0.7021296556900272,0.09450792167523256,
2026-08-13 12:30:20,SUW,Suwannee,627,1914,67,5,11,2624,0.2467532467532467,0.7532467532467533,0.03163109756097561,
2026-08-13 12:30:20,TAY,Taylor,225,655,10,0,3,893,0.2556818181818182,0.7443181818181818,0.014557670772676373,
2026-08-13 12:30:20,UNI,Union,114,512,17,2,3,648,0.182108626198083,0.8178913738019169,0.033950617283950615,
2026-08-13 12:30:20,VOL,Volusia,17571,23177,6946,141,839,48674,0.4312113477962108,0.5687886522037892,0.16283847639396803,
2026-08-13 12:30:20,WAK,Wakulla,654,1464,124,2,19,2263,0.3087818696883853,0.6912181303116147,0.06407423773751657,
2026-08-13 12:30:20,WAL,Walton,831,4129,215,11,36,5222,0.1675403225806451,0.8324596774193549,0.050172347759479125,
2026-08-13 12:30:20,WAS,Washington,290,1113,47,3,6,1459,0.2066999287241625,0.7933000712758375,0.03838245373543523,
2026-08-13 13:35:46,ALA,Alachua,9415,4484,1631,47,178,15755,0.6773868623641989,0.3226131376358011,0.11780387178673438,
2026-08-13 13:35:46,BAK,Baker,279,1815,86,7,12,2199,0.1332378223495702,0.8667621776504298,0.047748976807639835,
2026-08-13 13:35:46,BAY,Bay,2890,8468,901,34,115,12408,0.2544462053178376,0.7455537946821623,0.08462282398452611,
2026-08-13 13:35:46,BRA,Bradford,295,970,22,0,2,1289,0.233201581027668,0.766798418972332,0.018619084561675717,
2026-08-13 13:35:46,BRE,Brevard,18110,25178,5426,126,650,49490,0.4183607466272408,0.5816392533727592,0.12531824611032533,
2026-08-13 13:35:46,CAL,Calhoun,238,818,34,0,1,1091,0.2253787878787878,0.7746212121212122,0.032080659945004586,
2026-08-13 13:35:46,CHA,Charlotte,6791,12725,2815,79,430,22840,0.3479708956753433,0.6520291043246567,0.1455341506129597,
2026-08-13 13:35:46,CIT,Citrus,4795,11451,2209,60,328,18843,0.2951495752800689,0.7048504247199311,0.1378230642678979,
2026-08-13 13:35:46,CLA,Clay,3516,9184,1048,29,111,13888,0.2768503937007874,0.7231496062992125,0.08554147465437788,
2026-08-13 13:35:46,CLL,Collier,8360,22022,3425,55,399,34261,0.2751629254163649,0.724837074583635,0.11321911210997927,
2026-08-13 13:35:46,CLM,Columbia,1442,3548,336,18,34,5378,0.2889779559118236,0.7110220440881764,0.0721457791000372,
2026-08-13 13:35:46,DES,DeSoto,410,743,0,0,0,1153,0.3555941023417172,0.6444058976582827,0.0,
2026-08-13 13:35:46,DIX,Dixie,265,1278,94,5,9,1651,0.1717433570965651,0.8282566429034348,0.06541490006056935,
2026-08-13 13:35:46,DUV,Duval,21515,17614,3454,125,372,43080,0.5498479388688696,0.4501520611311304,0.09171309192200557,
2026-08-13 13:35:46,ESC,Escambia,7593,11419,1974,55,236,21277,0.3993793393646118,0.6006206606353882,0.10645297739342953,
2026-08-13 13:35:46,FLA,Flagler,4817,7048,1458,42,153,13518,0.40598398651496,0.5940160134850401,0.12228140257434532,
2026-08-13 13:35:46,FRA,Franklin,302,482,79,3,20,886,0.3852040816326531,0.6147959183673469,0.11512415349887133,
2026-08-13 13:35:46,GAD,Gadsden,2186,543,86,3,5,2823,0.8010260168559912,0.1989739831440088,0.03329791002479632,
2026-08-13 13:35:46,GIL,Gilchrist,237,1026,68,7,8,1346,0.1876484560570071,0.8123515439429929,0.061664190193164936,
2026-08-13 13:35:46,GLA,Glades,150,495,50,1,7,703,0.2325581395348837,0.7674418604651163,0.08250355618776671,
2026-08-13 13:35:46,GUL,Gulf,282,964,22,1,6,1275,0.2263242375601926,0.7736757624398074,0.022745098039215685,
2026-08-13 13:35:46,HAM,Hamilton,256,541,28,4,6,835,0.3212045169385194,0.6787954830614805,0.045508982035928146,
2026-08-13 13:35:46,HAR,Hardee,169,722,29,3,4,927,0.1896745230078563,0.8103254769921436,0.038834951456310676,
2026-08-13 13:35:46,HEN,Hendry,550,1289,122,8,11,1980,0.2990755845568243,0.7009244154431756,0.07121212121212121,
2026-08-13 13:35:46,HER,Hernando,5489,8217,1836,58,187,15787,0.4004815409309791,0.5995184590690209,0.13181731804649396,
2026-08-13 13:35:46,HIG,Highlands,1620,3907,554,15,72,6168,0.2931065677582775,0.7068934322417224,0.10392347600518807,
2026-08-13 13:35:46,HIL,Hillsborough,42007,40341,12393,286,1208,96235,0.5101156069364162,0.4898843930635838,0.14430300826102768,
2026-08-13 13:35:46,HOL,Holmes,159,855,31,3,1,1049,0.1568047337278106,0.8431952662721893,0.03336510962821735,
2026-08-13 13:35:46,IND,Indian River,5140,9212,1617,48,246,16263,0.3581382385730212,0.6418617614269788,0.11750599520383694,
2026-08-13 13:35:46,JAC,Jackson,935,1881,46,5,4,2871,0.33203125,0.66796875,0.019157088122605363,
2026-08-13 13:35:46,JEF,Jefferson,544,658,49,0,12,1263,0.4525790349417637,0.5474209650582362,0.04829770387965162,
2026-08-13 13:35:46,LAF,Lafayette,68,450,6,0,0,524,0.1312741312741312,0.8687258687258688,0.011450381679389313,
2026-08-13 13:35:46,LAK,Lake,8844,12634,2776,45,277,24576,0.4117701834435236,0.5882298165564764,0.12605794270833334,
2026-08-13 13:35:46,LEE,Lee,23241,43373,11133,203,1125,79075,0.3488906235926381,0.6511093764073618,0.15758457160923175,
2026-08-13 13:35:46,LEO,Leon,13994,7248,2402,66,236,23946,0.6587891912249317,0.3412108087750682,0.11292073832790445,
2026-08-13 13:35:46,LEV,Levy,820,2134,188,18,39,3199,0.2775897088693297,0.7224102911306702,0.07658643326039387,
2026-08-13 13:35:46,LIB,Liberty,112,411,23,2,0,548,0.2141491395793499,0.7858508604206501,0.04562043795620438,
2026-08-13 13:35:46,MAD,Madison,481,738,45,3,3,1270,0.3945857260049221,0.605414273995078,0.04015748031496063,
2026-08-13 13:35:46,MAN,Manatee,11444,16640,1505,14,164,29767,0.4074918102834354,0.5925081897165646,0.05653912050256996,
2026-08-13 13:35:46,MRN,Marion,9021,12686,2129,58,299,24193,0.4155802275763579,0.5844197724236422,0.1027569958252387,
2026-08-13 13:35:46,MRT,Martin,4069,6422,1117,21,172,11801,0.3878562577447336,0.6121437422552665,0.11100754173375138,
2026-08-13 13:35:46,DAD,Miami-Dade,58007,42633,20301,178,1352,122471,0.576381160572337,0.4236188394276629,0.17825444390917033,
2026-08-13 13:35:46,MON,Monroe,3566,3924,1041,36,130,8697,0.4761014686248331,0.5238985313751668,0.1387834885592733,
2026-08-13 13:35:46,NAS,Nassau,2505,6200,1108,34,178,10025,0.2877656519241815,0.7122343480758185,0.1316708229426434,
2026-08-13 13:35:46,OKA,Okaloosa,2332,6727,646,22,79,9806,0.2574235566839607,0.7425764433160393,0.0761778502957373,
2026-08-13 13:35:46,OKE,Okeechobee,408,1145,0,0,0,1553,0.2627173213135866,0.7372826786864134,0.0,
2026-08-13 13:35:46,ORA,Orange,40519,24766,11177,276,914,77652,0.6206479283143141,0.3793520716856858,0.1592618348529336,
2026-08-13 13:35:46,OSC,Osceola,9120,6889,3211,80,227,19527,0.5696795552501718,0.4303204447498282,0.18016080299073078,
2026-08-13 13:35:46,PAL,Palm Beach,49418,28398,10081,137,1225,89259,0.6350621980055515,0.3649378019944484,0.12819995742726223,
2026-08-13 13:35:46,PAS,Pasco,11795,14820,3772,86,422,30895,0.4431711440916776,0.5568288559083224,0.1385337433241625,
2026-08-13 13:35:46,PIN,Pinellas,37260,36947,14950,326,1354,90837,0.5021089654614794,0.4978910345385206,0.183075178616643,
2026-08-13 13:35:46,POL,Polk,13612,15743,3591,88,472,33506,0.4637029466871061,0.5362970533128939,0.12388825881931595,
2026-08-13 13:35:46,PUT,Putnam,1354,3017,206,9,19,4605,0.3097689315946008,0.6902310684053993,0.050814332247557006,
2026-08-13 13:35:46,SAN,Santa Rosa,2000,7254,556,15,83,9908,0.2161227577263886,0.7838772422736114,0.06600726685506661,
2026-08-13 13:35:46,SAR,Sarasota,22098,23272,6711,98,793,52972,0.487061935199471,0.512938064800529,0.1435097787510383,
2026-08-13 13:35:46,SEM,Seminole,11382,11291,3343,69,349,26434,0.5020067922198209,0.4979932077801791,0.1422788832564122,
2026-08-13 13:35:46,STJ,St. Johns,6871,12560,1553,44,180,21208,0.3536102104883948,0.6463897895116052,0.0837891361750283,
2026-08-13 13:35:46,STL,St. Lucie,10390,10241,2803,71,359,23864,0.5036110707188212,0.4963889292811788,0.1354760308414348,
2026-08-13 13:35:46,SUM,Sumter,6440,15241,1995,39,217,23932,0.2970342696370093,0.7029657303629906,0.09405816480026742,
2026-08-13 13:35:46,SUW,Suwannee,634,1945,67,6,11,2663,0.2458317177200465,0.7541682822799535,0.031543372136687946,
2026-08-13 13:35:46,TAY,Taylor,232,674,10,0,3,919,0.2560706401766004,0.7439293598233996,0.014145810663764961,
2026-08-13 13:35:46,UNI,Union,115,518,17,2,3,655,0.1816745655608214,0.8183254344391785,0.03358778625954199,
2026-08-13 13:35:46,VOL,Volusia,17676,23393,6977,143,843,49032,0.4303976235116511,0.5696023764883489,0.16240414423233807,
2026-08-13 13:35:46,WAK,Wakulla,662,1483,124,3,19,2291,0.3086247086247086,0.6913752913752914,0.06372762985595809,
2026-08-13 13:35:46,WAL,Walton,841,4187,215,11,36,5290,0.1672633253778838,0.8327366746221162,0.04952741020793951,
2026-08-13 13:35:46,WAS,Washington,295,1148,48,3,6,1500,0.2044352044352044,0.7955647955647955,0.038,
2026-08-13 14:32:42,ALA,Alachua,9497,4529,1634,48,179,15887,0.6770996720376444,0.3229003279623556,0.11713979983634418,
2026-08-13 14:32:42,BAK,Baker,283,1845,87,7,12,2234,0.1329887218045112,0.8670112781954887,0.047448522829006266,
2026-08-13 14:32:42,BAY,Bay,2924,8603,910,34,115,12586,0.2536653075388219,0.7463346924611781,0.08414110916891784,
2026-08-13 14:32:42,BRA,Bradford,300,990,23,0,2,1315,0.2325581395348837,0.7674418604651163,0.019011406844106463,
2026-08-13 14:32:42,BRE,Brevard,18218,25463,5448,126,651,49906,0.4170692062910647,0.5829307937089352,0.12473450086161984,
2026-08-13 14:32:42,CAL,Calhoun,254,844,34,0,1,1133,0.2313296903460837,0.7686703096539163,0.03089143865842895,
2026-08-13 14:32:42,CHA,Charlotte,6819,12825,2824,80,431,22979,0.347128894318876,0.652871105681124,0.1451325122938335,
2026-08-13 14:32:42,CIT,Citrus,4850,11617,2232,63,337,19099,0.2945284508410761,0.705471549158924,0.1378082622126813,
2026-08-13 14:32:42,CLA,Clay,3542,9314,1054,29,112,14051,0.2755133789670193,0.7244866210329807,0.08504732759234218,
2026-08-13 14:32:42,CLL,Collier,8411,22233,3441,56,401,34542,0.2744746116694948,0.7255253883305052,0.11284812691795496,
2026-08-13 14:32:42,CLM,Columbia,1458,3603,338,18,35,5452,0.2880853586247777,0.7119146413752223,0.07171680117388114,
2026-08-13 14:32:42,DES,DeSoto,416,748,0,0,0,1164,0.3573883161512027,0.6426116838487973,0.0,
2026-08-13 14:32:42,DIX,Dixie,266,1299,95,5,9,1674,0.1699680511182108,0.8300319488817891,0.06511350059737156,
2026-08-13 14:32:42,DUV,Duval,21843,18377,3492,126,375,44213,0.5430880159124813,0.4569119840875186,0.09031280392644697,
2026-08-13 14:32:42,ESC,Escambia,7655,11522,1979,55,236,21447,0.3991760963654377,0.6008239036345623,0.10584230894763837,
2026-08-13 14:32:42,FLA,Flagler,4932,7277,1493,45,157,13904,0.4039642886395282,0.5960357113604717,0.12190736478711162,
2026-08-13 14:32:42,FRA,Franklin,310,487,79,3,20,899,0.3889585947302384,0.6110414052697616,0.11345939933259176,
2026-08-13 14:32:42,GAD,Gadsden,2243,565,90,4,5,2907,0.7987891737891738,0.2012108262108262,0.034055727554179564,
2026-08-13 14:32:42,GIL,Gilchrist,239,1044,68,7,8,1366,0.186282151208106,0.813717848791894,0.06076134699853587,
2026-08-13 14:32:42,GLA,Glades,152,503,52,1,7,715,0.23206106870229,0.76793893129771,0.08391608391608392,
2026-08-13 14:32:42,GUL,Gulf,319,1075,23,1,6,1424,0.2288378766140602,0.7711621233859397,0.021067415730337078,
2026-08-13 14:32:42,HAM,Hamilton,261,553,29,4,6,853,0.3206388206388206,0.6793611793611793,0.04572098475967175,
2026-08-13 14:32:42,HAR,Hardee,172,736,29,3,4,944,0.1894273127753304,0.8105726872246696,0.038135593220338986,
2026-08-13 14:32:42,HEN,Hendry,555,1308,122,8,11,2004,0.2979066022544283,0.7020933977455717,0.07035928143712575,
2026-08-13 14:32:42,HER,Hernando,5507,8291,1839,59,187,15883,0.3991158138860704,0.6008841861139296,0.13127242964175534,
2026-08-13 14:32:42,HIG,Highlands,1638,3966,557,15,72,6248,0.2922912205567451,0.7077087794432548,0.10307298335467349,
2026-08-13 14:32:42,HIL,Hillsborough,42886,41137,12630,292,1227,98172,0.510407864513288,0.489592135486712,0.14412459764494967,
2026-08-13 14:32:42,HOL,Holmes,160,870,33,3,1,1067,0.1553398058252427,0.8446601941747572,0.03467666354264293,
2026-08-13 14:32:42,IND,Indian River,5170,9320,1625,48,247,16410,0.3567977915804002,0.6432022084195997,0.1170018281535649,
2026-08-13 14:32:42,JAC,Jackson,984,1957,46,5,5,2997,0.3345800748044882,0.6654199251955117,0.01868535201868535,
2026-08-13 14:32:42,JEF,Jefferson,546,679,49,0,12,1286,0.4457142857142857,0.5542857142857143,0.04743390357698289,
2026-08-13 14:32:42,LAF,Lafayette,69,465,6,0,0,540,0.1292134831460674,0.8707865168539326,0.011111111111111112,
2026-08-13 14:32:42,LAK,Lake,8977,12733,2805,46,278,24839,0.4134960847535698,0.5865039152464302,0.12597125488143646,
2026-08-13 14:32:42,LEE,Lee,23346,43706,11159,206,1131,79548,0.348177533854322,0.651822466145678,0.15708754462714336,
2026-08-13 14:32:42,LEO,Leon,14108,7339,2428,66,237,24178,0.6578076187811815,0.3421923812188185,0.11295392505583589,
2026-08-13 14:32:42,LEV,Levy,843,2199,194,18,40,3294,0.277120315581854,0.722879684418146,0.07650273224043716,
2026-08-13 14:32:42,LIB,Liberty,121,454,26,2,0,603,0.2104347826086956,0.7895652173913044,0.04643449419568822,
2026-08-13 14:32:42,MAD,Madison,498,755,45,3,3,1304,0.3974461292897047,0.6025538707102953,0.039110429447852764,
2026-08-13 14:32:42,MAN,Manatee,11548,16892,1516,14,165,30135,0.4060478199718706,0.5939521800281294,0.05624688899950224,
2026-08-13 14:32:42,MRN,Marion,9069,12832,2133,59,300,24393,0.4140906807908314,0.5859093192091686,0.10216045586848686,
2026-08-13 14:32:42,MRT,Martin,4132,6517,1123,21,175,11968,0.3880176542398347,0.6119823457601653,0.1102105614973262,
2026-08-13 14:32:42,DAD,Miami-Dade,58250,42858,20342,180,1354,122984,0.5761166277643708,0.4238833722356292,0.1778767969817212,
2026-08-13 14:32:42,MON,Monroe,3622,4003,1067,36,132,8860,0.475016393442623,0.5249836065573771,0.13939051918735892,
2026-08-13 14:32:42,NAS,Nassau,2525,6295,1118,34,178,10150,0.286281179138322,0.713718820861678,0.1310344827586207,
2026-08-13 14:32:42,OKA,Okaloosa,2357,6848,654,22,79,9960,0.2560564910374796,0.7439435089625204,0.07580321285140562,
2026-08-13 14:32:42,OKE,Okeechobee,413,1157,0,0,0,1570,0.2630573248407643,0.7369426751592356,0.0,
2026-08-13 14:32:42,ORA,Orange,40745,24924,11215,276,916,78076,0.6204601866938738,0.3795398133061262,0.15890926789282236,
2026-08-13 14:32:42,OSC,Osceola,9174,6947,3225,80,227,19653,0.5690713975559829,0.4309286024440171,0.17971810919452502,
2026-08-13 14:32:42,PAL,Palm Beach,50449,29010,10253,139,1256,91107,0.6349060521778527,0.3650939478221472,0.12784967126565466,
2026-08-13 14:32:42,PAS,Pasco,12280,15013,3904,92,435,31724,0.4499322170519914,0.5500677829480086,0.13967343336275376,
2026-08-13 14:32:42,PIN,Pinellas,37347,37054,14975,326,1356,91058,0.5019690595556512,0.4980309404443488,0.18292736497616904,
2026-08-13 14:32:42,POL,Polk,13700,15887,3615,88,475,33765,0.4630412005272586,0.5369587994727414,0.12373759810454613,
2026-08-13 14:32:42,PUT,Putnam,1362,3035,206,9,19,4631,0.3097566522629065,0.6902433477370935,0.05052904340315267,
2026-08-13 14:32:42,SAN,Santa Rosa,2021,7346,560,16,83,10026,0.2157574463542222,0.7842425536457778,0.06572910432874526,
2026-08-13 14:32:42,SAR,Sarasota,22187,23437,6732,98,799,53253,0.4863010696124846,0.5136989303875154,0.14325953467410288,
2026-08-13 14:32:42,SEM,Seminole,11490,11574,3373,72,354,26863,0.4981789802289282,0.5018210197710719,0.1414212857834196,
2026-08-13 14:32:42,STJ,St. Johns,7016,12867,1583,45,186,21697,0.3528642558969974,0.6471357441030026,0.08360602848320044,
2026-08-13 14:32:42,STL,St. Lucie,10462,10400,2937,74,369,24242,0.5014859553254721,0.4985140446745278,0.13942743998019966,
2026-08-13 14:32:42,SUM,Sumter,6578,15670,2039,39,221,24547,0.2956670262495505,0.7043329737504495,0.09365706603658289,
2026-08-13 14:32:42,SUW,Suwannee,645,1965,68,6,11,2695,0.2471264367816092,0.7528735632183908,0.03153988868274583,
2026-08-13 14:32:42,TAY,Taylor,234,691,10,0,3,938,0.252972972972973,0.7470270270270271,0.013859275053304905,
2026-08-13 14:32:42,UNI,Union,117,527,17,2,3,666,0.1816770186335403,0.8183229813664596,0.03303303303303303,
2026-08-13 14:32:42,VOL,Volusia,17774,23609,6999,145,843,49370,0.4295000362467679,0.570499963753232,0.16177840794004456,
2026-08-13 14:32:42,WAK,Wakulla,668,1510,125,3,19,2325,0.3067033976124885,0.6932966023875115,0.06322580645161291,
2026-08-13 14:32:42,WAL,Walton,847,4281,216,11,36,5391,0.1651716068642745,0.8348283931357254,0.04878501205713226,
2026-08-13 14:32:42,WAS,Washington,298,1171,49,3,6,1527,0.20285908781484,0.7971409121851599,0.03798297314996726,
2026-08-13 15:39:50,ALA,Alachua,10209,4750,1742,52,192,16945,0.6824654054415402,0.3175345945584598,0.11720271466509295,
2026-08-13 15:39:50,BAK,Baker,288,1865,88,7,12,2260,0.1337668369716674,0.8662331630283325,0.047345132743362835,
2026-08-13 15:39:50,BAY,Bay,2982,8803,920,35,117,12857,0.2530335171828595,0.7469664828171404,0.08337870420782453,
2026-08-13 15:39:50,BRA,Bradford,303,1002,23,0,2,1330,0.232183908045977,0.767816091954023,0.018796992481203006,
2026-08-13 15:39:50,BRE,Brevard,18313,25679,5471,126,653,50242,0.4162802327695944,0.5837197672304055,0.12439791409577644,
2026-08-13 15:39:50,CAL,Calhoun,257,852,34,0,1,1144,0.2317403065825067,0.7682596934174932,0.030594405594405596,
2026-08-13 15:39:50,CHA,Charlotte,6834,12944,2829,80,433,23120,0.345535443421984,0.6544645565780159,0.14455017301038062,
2026-08-13 15:39:50,CIT,Citrus,4870,11691,2239,63,339,19202,0.2940643680937141,0.7059356319062858,0.13753775648369962,
2026-08-13 15:39:50,CLA,Clay,3560,9413,1062,29,114,14178,0.2744160949664688,0.7255839050335312,0.08499083086472,
2026-08-13 15:39:50,CLL,Collier,8452,22397,3455,57,402,34763,0.2739797076080262,0.7260202923919739,0.11259097316111959,
2026-08-13 15:39:50,CLM,Columbia,1470,3636,340,18,35,5499,0.2878965922444183,0.7121034077555817,0.07146753955264594,
2026-08-13 15:39:50,DES,DeSoto,420,755,0,0,0,1175,0.3574468085106383,0.6425531914893617,0.0,
2026-08-13 15:39:50,DIX,Dixie,270,1314,97,5,9,1695,0.1704545454545454,0.8295454545454546,0.06548672566371681,
2026-08-13 15:39:50,DUV,Duval,22845,18759,3683,133,399,45819,0.5491058552062301,0.4508941447937698,0.09199240489753159,
2026-08-13 15:39:50,ESC,Escambia,7722,11657,1990,55,238,21662,0.3984725734042004,0.6015274265957996,0.10539193056966116,
2026-08-13 15:39:50,FLA,Flagler,5057,7453,1530,46,160,14246,0.4042366107114308,0.5957633892885691,0.12185876737329777,
2026-08-13 15:39:50,FRA,Franklin,313,492,80,3,20,908,0.3888198757763975,0.6111801242236025,0.11343612334801761,
2026-08-13 15:39:50,GAD,Gadsden,2266,577,91,4,5,2943,0.7970453746042913,0.2029546253957087,0.03397893306150187,
2026-08-13 15:39:50,GIL,Gilchrist,239,1058,68,7,8,1380,0.1842713955281418,0.8157286044718581,0.060144927536231886,
2026-08-13 15:39:50,GLA,Glades,152,507,52,1,7,719,0.2306525037936267,0.7693474962063733,0.08344923504867872,
2026-08-13 15:39:50,GUL,Gulf,326,1098,23,1,6,1454,0.2289325842696629,0.7710674157303371,0.02063273727647868,
2026-08-13 15:39:50,HAM,Hamilton,262,557,29,4,6,858,0.3199023199023199,0.6800976800976801,0.045454545454545456,
2026-08-13 15:39:50,HAR,Hardee,174,755,29,4,4,966,0.1872981700753498,0.8127018299246501,0.038302277432712216,
2026-08-13 15:39:50,HEN,Hendry,562,1318,122,9,11,2022,0.298936170212766,0.701063829787234,0.0702274975272008,
2026-08-13 15:39:50,HER,Hernando,5531,8360,1848,59,189,15987,0.3981714779353538,0.6018285220646462,0.13110652405079126,
2026-08-13 15:39:50,HIG,Highlands,1651,4010,559,15,72,6307,0.2916445857622328,0.7083554142377672,0.10242587601078167,
2026-08-13 15:39:50,HIL,Hillsborough,43497,41752,12831,295,1236,99611,0.5102347241609873,0.4897652758390127,0.14418086355924548,
2026-08-13 15:39:50,HOL,Holmes,163,886,33,3,1,1086,0.1553860819828408,0.8446139180171592,0.03406998158379374,
2026-08-13 15:39:50,IND,Indian River,5190,9407,1630,48,249,16524,0.3555525107898883,0.6444474892101116,0.11661825223916727,
2026-08-13 15:39:50,JAC,Jackson,1001,1970,46,5,5,3027,0.3369235947492426,0.6630764052507573,0.01850016518004625,
2026-08-13 15:39:50,JEF,Jefferson,549,687,49,0,12,1297,0.4441747572815534,0.5558252427184466,0.047031611410948346,
2026-08-13 15:39:50,LAF,Lafayette,69,472,6,0,1,548,0.1275415896487985,0.8724584103512015,0.012773722627737226,
2026-08-13 15:39:50,LAK,Lake,9100,12849,2849,46,283,25127,0.4145974759670144,0.5854025240329855,0.12647749432880964,
2026-08-13 15:39:50,LEE,Lee,23423,43947,11178,208,1131,79887,0.3476770075701351,0.6523229924298649,0.15668381588994454,
2026-08-13 15:39:50,LEO,Leon,14223,7410,2450,66,238,24387,0.6574677575925669,0.3425322424074331,0.11292901955960143,
2026-08-13 15:39:50,LEV,Levy,878,2252,197,19,40,3386,0.2805111821086262,0.7194888178913738,0.07560543414057885,
2026-08-13 15:39:50,LIB,Liberty,123,462,26,2,0,613,0.2102564102564102,0.7897435897435897,0.04567699836867863,
2026-08-13 15:39:50,MAD,Madison,510,768,47,3,3,1331,0.3990610328638497,0.6009389671361502,0.039819684447783624,
2026-08-13 15:39:50,MAN,Manatee,11824,17291,1543,14,171,30843,0.4061136871028679,0.593886312897132,0.05602567843594981,
2026-08-13 15:39:50,MRN,Marion,9115,13003,2137,60,301,24616,0.4121077855140609,0.5878922144859391,0.10147871303217419,
2026-08-13 15:39:50,MRT,Martin,4148,6589,1129,21,175,12062,0.3863276520443326,0.6136723479556673,0.10984911291659757,
2026-08-13 15:39:50,DAD,Miami-Dade,58464,43065,20407,180,1356,123472,0.5758354755784062,0.4241645244215938,0.17771640533886227,
2026-08-13 15:39:50,MON,Monroe,3663,4058,1080,37,133,8971,0.4744204118637482,0.5255795881362518,0.13933786645858878,
2026-08-13 15:39:50,NAS,Nassau,2539,6392,1122,34,180,10267,0.2842906729369611,0.7157093270630388,0.13012564527125742,
2026-08-13 15:39:50,OKA,Okaloosa,2380,6983,657,22,79,10121,0.2541920324682259,0.745807967531774,0.074893785199091,
2026-08-13 15:39:50,OKE,Okeechobee,413,1173,0,0,0,1586,0.2604035308953342,0.7395964691046658,0.0,
2026-08-13 15:39:50,ORA,Orange,40989,25092,11265,277,919,78542,0.6202841966677259,0.379715803332274,0.1586539685773217,
2026-08-13 15:39:50,OSC,Osceola,9221,6993,3233,80,228,19755,0.5687060564943875,0.4312939435056124,0.17924576056694508,
2026-08-13 15:39:50,PAL,Palm Beach,50702,29245,10291,140,1259,91637,0.634195154289717,0.365804845710283,0.12756855855167673,
2026-08-13 15:39:50,PAS,Pasco,12522,15289,3959,93,440,32303,0.4502534968178059,0.5497465031821941,0.13905829179952325,
2026-08-13 15:39:50,PIN,Pinellas,37395,37124,14989,330,1356,91194,0.501818328211597,0.4981816717884029,0.18285194201372898,
2026-08-13 15:39:50,POL,Polk,13936,16204,3668,90,481,34379,0.4623755806237558,0.5376244193762442,0.1233020157654382,
2026-08-13 15:39:50,PUT,Putnam,1380,3076,207,9,19,4691,0.3096947935368043,0.6903052064631957,0.05009592837348113,
2026-08-13 15:39:50,SAN,Santa Rosa,2055,7492,570,16,84,10217,0.2152508641458049,0.784749135854195,0.06557697954389742,
2026-08-13 15:39:50,SAR,Sarasota,22258,23632,6746,100,801,53537,0.4850294181738941,0.5149705818261059,0.14283579580477054,
2026-08-13 15:39:50,SEM,Seminole,11756,11778,3410,73,361,27378,0.4995325911447267,0.5004674088552732,0.1404047045072686,
2026-08-13 15:39:50,STJ,St. Johns,7159,13216,1612,45,188,22220,0.351361963190184,0.6486380368098159,0.08303330333033303,
2026-08-13 15:39:50,STL,St. Lucie,10576,10519,2957,74,371,24497,0.5013510310500119,0.4986489689499881,0.13887414785483937,
2026-08-13 15:39:50,SUM,Sumter,6619,15876,2049,39,223,24806,0.2942431651478106,0.7057568348521894,0.09316294444892365,
2026-08-13 15:39:50,SUW,Suwannee,649,1992,69,6,11,2727,0.2457402499053388,0.7542597500946611,0.031536486982031535,
2026-08-13 15:39:50,TAY,Taylor,235,705,11,0,3,954,0.25,0.75,0.014675052410901468,
2026-08-13 15:39:50,UNI,Union,117,542,18,2,3,682,0.1775417298937784,0.8224582701062215,0.03372434017595308,
2026-08-13 15:39:50,VOL,Volusia,17896,23841,7022,147,848,49754,0.4287802189903443,0.5712197810096556,0.16113277324436226,
2026-08-13 15:39:50,WAK,Wakulla,689,1542,127,3,19,2380,0.3088301210219632,0.6911698789780367,0.06260504201680672,
2026-08-13 15:39:50,WAL,Walton,868,4416,220,13,38,5555,0.1642694928084784,0.8357305071915215,0.048784878487848786,
2026-08-13 15:39:50,WAS,Washington,303,1184,50,4,6,1547,0.2037659717552118,0.7962340282447882,0.03878474466709761,
2026-08-13 16:19:00,ALA,Alachua,10275,4785,1748,53,192,17053,0.6822709163346613,0.3177290836653386,0.11687093180085616,
2026-08-13 16:19:00,BAK,Baker,290,1900,90,7,13,2300,0.1324200913242009,0.867579908675799,0.04782608695652174,
2026-08-13 16:19:00,BAY,Bay,3041,8947,929,35,119,13071,0.2536703370036703,0.7463296629963296,0.0828551755795272,
2026-08-13 16:19:00,BRA,Bradford,305,1005,23,0,2,1335,0.232824427480916,0.767175572519084,0.018726591760299626,
2026-08-13 16:19:00,BRE,Brevard,18385,25811,5484,126,654,50460,0.4159878722056295,0.5840121277943705,0.12413793103448276,
2026-08-13 16:19:00,CAL,Calhoun,258,865,35,0,1,1159,0.2297417631344612,0.7702582368655387,0.031061259706643658,
2026-08-13 16:19:00,CHA,Charlotte,6897,13023,2845,80,434,23279,0.3462349397590361,0.6537650602409638,0.14429313973967953,
2026-08-13 16:19:00,CIT,Citrus,4882,11727,2245,64,339,19257,0.2939370220964537,0.7060629779035462,0.13750843848989977,
2026-08-13 16:19:00,CLA,Clay,3581,9492,1064,29,114,14280,0.2739233534766312,0.7260766465233688,0.08452380952380953,
2026-08-13 16:19:00,CLL,Collier,8470,22473,3458,58,402,34861,0.2737291148240313,0.7262708851759687,0.11238920283411262,
2026-08-13 16:19:00,CLM,Columbia,1477,3670,341,19,35,5542,0.286963279580338,0.7130367204196619,0.07127390833634067,
2026-08-13 16:19:00,DES,DeSoto,420,756,0,0,0,1176,0.3571428571428571,0.6428571428571429,0.0,
2026-08-13 16:19:00,DIX,Dixie,274,1327,98,5,9,1713,0.1711430356027483,0.8288569643972518,0.06538237011091652,
2026-08-13 16:19:00,DUV,Duval,23076,18946,3711,135,404,46272,0.549140926181524,0.450859073818476,0.09184820193637622,
2026-08-13 16:19:00,ESC,Escambia,7772,11713,1996,56,243,21780,0.3988709263536053,0.6011290736463947,0.10537190082644628,
2026-08-13 16:19:00,FLA,Flagler,5090,7515,1544,46,161,14356,0.4038080126933756,0.5961919873066244,0.12196990805238228,
2026-08-13 16:19:00,FRA,Franklin,319,498,80,3,20,920,0.390452876376989,0.609547123623011,0.11195652173913044,
2026-08-13 16:19:00,GAD,Gadsden,2284,579,91,4,5,2963,0.7977645826056584,0.2022354173943416,0.03374957813027337,
2026-08-13 16:19:00,GIL,Gilchrist,241,1059,68,7,8,1383,0.1853846153846154,0.8146153846153846,0.060014461315979754,
2026-08-13 16:19:00,GLA,Glades,163,527,53,1,7,751,0.236231884057971,0.763768115942029,0.08122503328894808,
2026-08-13 16:19:00,GUL,Gulf,328,1098,23,1,6,1456,0.2300140252454418,0.7699859747545582,0.020604395604395604,
2026-08-13 16:19:00,HAM,Hamilton,263,557,29,4,6,859,0.3207317073170732,0.6792682926829269,0.04540162980209546,
2026-08-13 16:19:00,HAR,Hardee,175,764,29,5,4,977,0.1863684771033013,0.8136315228966986,0.038894575230296824,
2026-08-13 16:19:00,HEN,Hendry,564,1327,124,9,11,2035,0.2982548915917504,0.7017451084082496,0.07076167076167077,
2026-08-13 16:19:00,HER,Hernando,5544,8388,1852,59,190,16033,0.3979328165374677,0.6020671834625323,0.1310422254100917,
2026-08-13 16:19:00,HIG,Highlands,1679,4083,565,16,72,6415,0.2913918778202013,0.7086081221797986,0.10179267342166796,
2026-08-13 16:19:00,HIL,Hillsborough,43659,41928,12859,295,1239,99980,0.5101125170878755,0.4898874829121245,0.14395879175835166,
2026-08-13 16:19:00,HOL,Holmes,163,892,34,3,1,1093,0.1545023696682464,0.8454976303317535,0.03476669716376944,
2026-08-13 16:19:00,IND,Indian River,5227,9468,1634,49,249,16627,0.3556992174208914,0.6443007825791085,0.11619654778372526,
2026-08-13 16:19:00,JAC,Jackson,1010,1986,46,5,5,3052,0.3371161548731642,0.6628838451268357,0.01834862385321101,
2026-08-13 16:19:00,JEF,Jefferson,553,688,49,0,12,1302,0.4456083803384367,0.5543916196615633,0.04685099846390169,
2026-08-13 16:19:00,LAF,Lafayette,69,476,6,0,1,552,0.1266055045871559,0.8733944954128441,0.012681159420289856,
2026-08-13 16:19:00,LEE,Lee,23470,44062,11201,210,1136,80079,0.347538944500385,0.652461055499615,0.15668277575893805,
2026-08-13 16:19:00,LEO,Leon,14288,7464,2461,66,238,24517,0.6568591393894814,0.3431408606105185,0.11277888811844843,
2026-08-13 16:19:00,LEV,Levy,878,2265,197,19,40,3399,0.2793509385937003,0.7206490614062997,0.07531626949102677,
2026-08-13 16:19:00,LIB,Liberty,123,466,26,2,0,617,0.2088285229202037,0.7911714770797963,0.04538087520259319,
2026-08-13 16:19:00,MAD,Madison,514,773,47,3,3,1340,0.3993783993783993,0.6006216006216006,0.03955223880597015,
2026-08-13 16:19:00,MAN,Manatee,12014,17472,1564,15,175,31240,0.4074476022519162,0.5925523977480839,0.05614596670934699,
2026-08-13 16:19:00,MRN,Marion,9145,13064,2139,60,301,24709,0.4117700031518753,0.5882299968481246,0.10117770852725727,
2026-08-13 16:19:00,MRT,Martin,4162,6631,1134,21,175,12123,0.385620309459835,0.614379690540165,0.10970881794935247,
2026-08-13 16:19:00,DAD,Miami-Dade,58559,43158,20428,180,1356,123681,0.5757051426998436,0.4242948573001563,0.17758588627194152,
2026-08-13 16:19:00,MON,Monroe,3668,4071,1084,37,133,8993,0.4739630443209717,0.5260369556790283,0.13944178805737797,
2026-08-13 16:19:00,NAS,Nassau,2545,6433,1124,34,180,10316,0.2834707061706393,0.7165292938293607,0.12970143466459869,
2026-08-13 16:19:00,OKA,Okaloosa,2388,7028,660,22,79,10177,0.2536108751062022,0.7463891248937978,0.0747764567161246,
2026-08-13 16:19:00,OKE,Okeechobee,429,1197,0,0,0,1626,0.2638376383763837,0.7361623616236163,0.0,
2026-08-13 16:19:00,ORA,Orange,41102,25165,11282,277,920,78746,0.6202483890926102,0.3797516109073898,0.15847154141162725,
2026-08-13 16:19:00,OSC,Osceola,9243,7012,3240,80,228,19803,0.5686250384497078,0.4313749615502922,0.17916477301418976,
2026-08-13 16:19:00,PAL,Palm Beach,50810,29317,10302,142,1260,91831,0.6341183371397906,0.3658816628602094,0.12745151419455303,
2026-08-13 16:19:00,PAS,Pasco,12552,15343,3962,94,442,32393,0.4499731134611938,0.5500268865388063,0.13885716049763838,
2026-08-13 16:19:00,PIN,Pinellas,37416,37148,14996,331,1356,91247,0.5017971138887398,0.4982028861112601,0.18283340822164015,
2026-08-13 16:19:00,POL,Polk,14039,16344,3697,90,481,34651,0.4620676035941151,0.5379323964058849,0.12317104845459005,
2026-08-13 16:19:00,PUT,Putnam,1384,3090,208,9,19,4710,0.3093428699150648,0.6906571300849352,0.05010615711252654,
2026-08-13 16:19:00,SAN,Santa Rosa,2066,7541,571,16,84,10278,0.2150515249297387,0.7849484750702612,0.06528507491729908,
2026-08-13 16:19:00,SAR,Sarasota,22289,23698,6750,101,804,53642,0.4846804531715485,0.5153195468284515,0.14270534282838074,
2026-08-13 16:19:00,SEM,Seminole,11879,11887,3474,74,366,27680,0.4998316923335858,0.5001683076664142,0.14140173410404624,
2026-08-13 16:19:00,STJ,St. Johns,7217,13357,1631,45,188,22438,0.350782541071255,0.649217458928745,0.08307335769676442,
2026-08-13 16:19:00,STL,St. Lucie,10621,10578,2974,74,372,24619,0.5010141987829615,0.4989858012170385,0.13891709655144402,
2026-08-13 16:19:00,SUM,Sumter,6647,15983,2055,39,223,24947,0.2937251436146708,0.7062748563853292,0.09287689902593498,
2026-08-13 16:19:00,SUW,Suwannee,652,2006,69,6,11,2744,0.2452972159518434,0.7547027840481565,0.03134110787172012,
2026-08-13 16:19:00,TAY,Taylor,239,714,11,0,3,967,0.2507869884575026,0.7492130115424974,0.014477766287487074,
2026-08-13 16:19:00,UNI,Union,117,546,18,2,3,686,0.1764705882352941,0.8235294117647058,0.033527696793002916,
2026-08-13 16:19:00,VOL,Volusia,17932,23935,7036,148,850,49901,0.4283086918097786,0.5716913081902214,0.16099877757960762,
2026-08-13 16:19:00,WAK,Wakulla,697,1555,128,3,19,2402,0.3095026642984014,0.6904973357015985,0.06244796003330558,
2026-08-13 16:19:00,WAL,Walton,871,4439,226,13,38,5587,0.164030131826742,0.835969868173258,0.04957938070520852,
2026-08-13 16:19:00,WAS,Washington,304,1189,50,4,6,1553,0.203616878767582,0.796383121232418,0.038634900193174504,
2026-08-13 17:26:18,ALA,Alachua,10346,4828,1763,53,192,17182,0.6818241729273757,0.3181758270726242,0.1168664881853102,
2026-08-13 17:26:18,BAK,Baker,306,1960,91,7,13,2377,0.1350397175639894,0.8649602824360106,0.04669751787968027,
2026-08-13 17:26:18,BAY,Bay,3067,9064,941,35,121,13228,0.2528233451487923,0.7471766548512077,0.08293014817054732,
2026-08-13 17:26:18,BRA,Bradford,311,1016,23,0,2,1352,0.2343632253202713,0.7656367746797287,0.01849112426035503,
2026-08-13 17:26:18,BRE,Brevard,18490,26008,5514,129,660,50801,0.4155242932266618,0.5844757067733382,0.1240723607802996,
2026-08-13 17:26:18,CAL,Calhoun,261,886,35,0,1,1183,0.2275501307759372,0.7724498692240628,0.030431107354184278,
2026-08-13 17:26:18,CIT,Citrus,4899,11801,2251,64,340,19355,0.2933532934131737,0.7066467065868264,0.13717385688452596,
2026-08-13 17:26:18,CLA,Clay,3622,9657,1084,30,116,14509,0.2727615031252353,0.7272384968747647,0.08477496726169964,
2026-08-13 17:26:18,CLL,Collier,8501,22576,3467,59,402,35005,0.2735463526080381,0.7264536473919619,0.11221254106556207,
2026-08-13 17:26:18,CLM,Columbia,1494,3728,344,19,35,5620,0.2860972807353504,0.7139027192646495,0.07081850533807829,
2026-08-13 17:26:18,DES,DeSoto,431,784,0,0,0,1215,0.3547325102880658,0.6452674897119342,0.0,
2026-08-13 17:26:18,DIX,Dixie,292,1381,107,6,9,1795,0.1745367603108188,0.8254632396891811,0.06796657381615599,
2026-08-13 17:26:18,DUV,Duval,23512,19184,3758,139,411,47004,0.5506839048154394,0.4493160951845606,0.0916517743170794,
2026-08-13 17:26:18,ESC,Escambia,7837,11844,2010,59,243,21993,0.3982013109089985,0.6017986890910014,0.10512435775019324,
2026-08-13 17:26:18,FLA,Flagler,5115,7611,1557,47,161,14491,0.4019330504479019,0.598066949552098,0.12179973776826997,
2026-08-13 17:26:18,FRA,Franklin,319,499,80,3,20,921,0.3899755501222494,0.6100244498777506,0.11183496199782844,
2026-08-13 17:26:18,GAD,Gadsden,2323,583,92,4,5,3007,0.7993805918788713,0.2006194081211287,0.03358829398071167,
2026-08-13 17:26:18,GIL,Gilchrist,244,1068,68,7,8,1395,0.1859756097560975,0.8140243902439024,0.05949820788530466,
2026-08-13 17:26:18,GUL,Gulf,330,1113,23,1,6,1473,0.2286902286902287,0.7713097713097713,0.020366598778004074,
2026-08-13 17:26:18,HAM,Hamilton,265,562,29,4,6,866,0.3204353083434099,0.6795646916565901,0.04503464203233257,
2026-08-13 17:26:18,HAR,Hardee,179,765,29,5,4,982,0.1896186440677966,0.8103813559322034,0.038696537678207736,
2026-08-13 17:26:18,HEN,Hendry,570,1341,124,9,11,2055,0.2982731554160125,0.7017268445839875,0.07007299270072993,
2026-08-13 17:26:18,HER,Hernando,5563,8462,1856,59,191,16131,0.3966488413547237,0.6033511586452763,0.13055607215919657,
2026-08-13 17:26:18,HIG,Highlands,1690,4093,572,17,73,6445,0.292235863738544,0.707764136261456,0.10271528316524438,
2026-08-13 17:26:18,HIL,Hillsborough,43866,42151,12901,295,1241,100454,0.5099689596242604,0.4900310403757397,0.1437175224480857,
2026-08-13 17:26:18,HOL,Holmes,166,909,34,3,1,1113,0.1544186046511627,0.8455813953488373,0.034141958670260555,
2026-08-13 17:26:18,IND,Indian River,5313,9598,1644,49,252,16856,0.3563141305076789,0.6436858694923211,0.11538917892738491,
2026-08-13 17:26:18,JAC,Jackson,1023,2027,46,5,5,3106,0.3354098360655738,0.6645901639344263,0.0180296200901481,
2026-08-13 17:26:18,JEF,Jefferson,556,690,49,0,12,1307,0.4462279293739968,0.5537720706260032,0.046671767406273906,
2026-08-13 17:26:18,LAF,Lafayette,72,483,6,0,1,562,0.1297297297297297,0.8702702702702703,0.012455516014234875,
2026-08-13 17:26:18,LEE,Lee,23584,44248,11231,210,1137,80410,0.347682509729921,0.652317490270079,0.15642333043153836,
2026-08-13 17:26:18,LEO,Leon,14580,7573,2499,66,242,24960,0.6581501376788697,0.3418498623211303,0.1124599358974359,
2026-08-13 17:26:18,LEV,Levy,879,2274,197,19,40,3409,0.2787821122740247,0.7212178877259753,0.07509533587562335,
2026-08-13 17:26:18,MAD,Madison,518,786,48,3,3,1358,0.3972392638036809,0.602760736196319,0.039764359351988215,
2026-08-13 17:26:18,MAN,Manatee,12063,17571,1567,15,175,31391,0.4070662077343592,0.5929337922656408,0.05597145678697716,
2026-08-13 17:26:18,MRN,Marion,9183,13168,2146,60,304,24861,0.4108541004876739,0.5891458995123261,0.10096134507863723,
2026-08-13 17:26:18,MRT,Martin,4178,6678,1140,21,176,12193,0.3848563006632277,0.6151436993367723,0.10965307963585665,
2026-08-13 17:26:18,DAD,Miami-Dade,58810,43351,20464,181,1361,124167,0.5756599876665264,0.4243400123334736,0.17722905441864586,
2026-08-13 17:26:18,MON,Monroe,3703,4106,1093,38,136,9076,0.4741964400051223,0.5258035599948777,0.1395989422653151,
2026-08-13 17:26:18,NAS,Nassau,2567,6519,1132,35,180,10433,0.2825225621835791,0.7174774378164208,0.12910955621585354,
2026-08-13 17:26:18,OKA,Okaloosa,2441,7220,674,22,81,10438,0.2526653555532553,0.7473346444467447,0.07443954780609312,
2026-08-13 17:26:18,OKE,Okeechobee,439,1228,0,0,0,1667,0.2633473305338932,0.7366526694661067,0.0,
2026-08-13 17:26:18,ORA,Orange,41374,25325,11329,280,929,79237,0.6203091500622199,0.3796908499377802,0.15823415828463974,
2026-08-13 17:26:18,OSC,Osceola,9284,7046,3249,80,228,19887,0.5685241886099204,0.4314758113900796,0.17886056217629606,
2026-08-13 17:26:18,PAL,Palm Beach,51038,29477,10330,144,1264,92253,0.63389430540893,0.36610569459107,0.12723705462152993,
2026-08-13 17:26:18,PAS,Pasco,12619,15468,3980,95,443,32605,0.4492825862498665,0.5507174137501335,0.13856770433982518,
2026-08-13 17:26:18,PIN,Pinellas,37475,37225,15001,332,1360,91393,0.5016733601070951,0.4983266398929049,0.18265075005744422,
2026-08-13 17:26:18,POL,Polk,14284,16611,3752,92,490,35229,0.4623401844958731,0.5376598155041269,0.12302364529223084,
2026-08-13 17:26:18,PUT,Putnam,1389,3122,209,9,19,4748,0.3079139880292618,0.6920860119707382,0.04991575400168492,
2026-08-13 17:26:18,SAN,Santa Rosa,2097,7621,583,16,85,10402,0.2157851409755093,0.7842148590244906,0.06575658527206306,
2026-08-13 17:26:18,SAR,Sarasota,22310,23733,6756,102,804,53705,0.4845470538409747,0.5154529461590253,0.14266828042081742,
2026-08-13 17:26:18,SEM,Seminole,12032,12050,3506,76,369,28033,0.4996262768873017,0.5003737231126982,0.14094103378161452,
2026-08-13 17:26:18,STJ,St. Johns,7411,13608,1662,45,196,22922,0.3525857557448023,0.6474142442551977,0.08302067882383736,
2026-08-13 17:26:18,STL,St. Lucie,10714,10687,2999,77,377,24854,0.5006308116443157,0.4993691883556843,0.13893135913736218,
2026-08-13 17:26:18,SUM,Sumter,6666,16087,2059,39,225,25076,0.2929723552938074,0.7070276447061926,0.09263837932684639,
2026-08-13 17:26:18,SUW,Suwannee,672,2045,71,7,11,2806,0.2473316157526683,0.7526683842473316,0.03171774768353528,
2026-08-13 17:26:18,TAY,Taylor,240,718,11,2,3,974,0.2505219206680584,0.7494780793319415,0.01642710472279261,
2026-08-13 17:26:18,UNI,Union,118,553,18,2,3,694,0.1758569299552906,0.8241430700447094,0.03314121037463977,
2026-08-13 17:26:18,VOL,Volusia,18029,24095,7070,148,850,50192,0.4279982907606115,0.5720017092393884,0.16074274784826267,
2026-08-13 17:26:18,WAK,Wakulla,705,1564,129,3,19,2420,0.3107095636844424,0.6892904363155575,0.062396694214876036,
2026-08-13 17:26:18,WAL,Walton,894,4513,228,14,38,5687,0.16534122433882,0.83465877566118,0.049235097590997014,
2026-08-13 17:26:18,WAS,Washington,305,1218,50,4,6,1583,0.2002626395272488,0.7997373604727511,0.03790271636133923,
2026-08-13 18:22:37,ALA,Alachua,10384,4856,1771,53,193,17257,0.6813648293963255,0.3186351706036745,0.1168801066233992,
2026-08-13 18:22:37,BAY,Bay,3091,9154,943,35,121,13344,0.2524295630869743,0.7475704369130257,0.08235911270983214,
2026-08-13 18:22:37,BRA,Bradford,312,1028,23,0,2,1365,0.2328358208955223,0.7671641791044777,0.018315018315018316,
2026-08-13 18:22:37,BRE,Brevard,18541,26105,5526,129,662,50963,0.4152891636428795,0.5847108363571205,0.12395267154602359,
2026-08-13 18:22:37,CAL,Calhoun,261,895,35,0,1,1192,0.2257785467128027,0.7742214532871973,0.030201342281879196,
2026-08-13 18:22:37,CIT,Citrus,4906,11827,2255,65,340,19393,0.2931930914958465,0.7068069085041535,0.13716289382766977,
2026-08-13 18:22:37,CLA,Clay,3641,9721,1090,30,116,14598,0.2724891483310881,0.7275108516689118,0.08466913275791205,
2026-08-13 18:22:37,CLL,Collier,8523,22624,3473,59,404,35083,0.2736379105531833,0.7263620894468167,0.11219108970156486,
2026-08-13 18:22:37,CLM,Columbia,1501,3760,347,19,35,5662,0.2853069758601026,0.7146930241398973,0.0708230307311904,
2026-08-13 18:22:37,DIX,Dixie,293,1387,108,6,9,1803,0.1744047619047619,0.825595238095238,0.06821963394342762,
2026-08-13 18:22:37,DUV,Duval,23789,19292,3783,139,414,47417,0.5521923817924375,0.4478076182075625,0.09144399687875657,
2026-08-13 18:22:37,ESC,Escambia,7927,11965,2026,59,243,22220,0.3985019103157048,0.6014980896842952,0.10477047704770477,
2026-08-13 18:22:37,FLA,Flagler,5124,7639,1561,47,161,14532,0.4014730079134999,0.5985269920865001,0.12173135150013763,
2026-08-13 18:22:37,GAD,Gadsden,2367,591,93,4,5,3060,0.8002028397565923,0.1997971602434077,0.03333333333333333,
2026-08-13 18:22:37,GIL,Gilchrist,245,1072,68,7,8,1400,0.1860288534548215,0.8139711465451784,0.05928571428571429,
2026-08-13 18:22:37,HEN,Hendry,577,1348,125,9,11,2070,0.2997402597402597,0.7002597402597402,0.07004830917874397,
2026-08-13 18:22:37,HER,Hernando,5571,8494,1861,59,194,16179,0.3960895840739424,0.6039104159260575,0.1306632053897027,
2026-08-13 18:22:37,HIL,Hillsborough,44018,42268,12931,298,1242,100757,0.5101406948983612,0.4898593051016387,0.14362277558879283,
2026-08-13 18:22:37,IND,Indian River,5321,9619,1647,49,252,16888,0.3561579651941097,0.6438420348058902,0.11534817621980105,
2026-08-13 18:22:37,JAC,Jackson,1026,2050,46,5,5,3132,0.3335500650195058,0.6664499349804941,0.017879948914431672,
2026-08-13 18:22:37,LEE,Lee,23623,44332,11235,211,1137,80538,0.3476271061732028,0.6523728938267972,0.15623680746976581,
2026-08-13 18:22:37,LEO,Leon,14653,7597,2510,67,243,25070,0.658561797752809,0.341438202247191,0.11248504188272836,
2026-08-13 18:22:37,MAD,Madison,521,792,50,3,3,1369,0.3968012185833968,0.6031987814166032,0.04090577063550037,
2026-08-13 18:22:37,MAN,Manatee,12076,17606,1569,15,175,31441,0.4068458998719763,0.5931541001280237,0.055946057695365925,
2026-08-13 18:22:37,MRN,Marion,9199,13204,2151,60,305,24919,0.4106146498236843,0.5893853501763157,0.10096713351258076,
2026-08-13 18:22:37,DAD,Miami-Dade,59037,43539,20507,181,1364,124628,0.5755439868975198,0.4244560131024801,0.17694258112141734,
2026-08-13 18:22:37,MON,Monroe,3705,4110,1093,38,136,9082,0.4740882917466411,0.525911708253359,0.1395067165822506,
2026-08-13 18:22:37,NAS,Nassau,2575,6555,1137,35,181,10483,0.2820372398685651,0.7179627601314348,0.12906610703043023,
2026-08-13 18:22:37,OKA,Okaloosa,2468,7308,677,22,82,10557,0.2524549918166939,0.747545008183306,0.07397935019418396,
2026-08-13 18:22:37,OKE,Okeechobee,439,1234,0,0,0,1673,0.2624028690974297,0.7375971309025703,0.0,
2026-08-13 18:22:37,ORA,Orange,41619,25429,11377,280,933,79638,0.620734399236368,0.379265600763632,0.1580903588739044,
2026-08-13 18:22:37,OSC,Osceola,9312,7065,3256,80,229,19942,0.5686023081150394,0.4313976918849606,0.1787684284424832,
2026-08-13 18:22:37,PAL,Palm Beach,51196,29583,10355,145,1265,92544,0.6337785810668615,0.3662214189331386,0.1271287171507607,
2026-08-13 18:22:37,PAS,Pasco,12656,15517,3989,95,443,32700,0.4492244347424839,0.550775565257516,0.13844036697247705,
2026-08-13 18:22:37,PIN,Pinellas,37489,37250,15004,332,1363,91438,0.5015988974966216,0.4984011025033784,0.18262647914433824,
2026-08-13 18:22:37,POL,Polk,14448,16795,3792,93,497,35625,0.4624395864673687,0.5375604135326313,0.12300350877192982,
2026-08-13 18:22:37,SAN,Santa Rosa,2111,7640,584,16,85,10436,0.2164906163470413,0.7835093836529586,0.06563817554618628,
2026-08-13 18:22:37,SEM,Seminole,12167,12125,3554,76,374,28296,0.5008644821340359,0.4991355178659641,0.14150409951936668,
2026-08-13 18:22:37,STJ,St. Johns,7451,13679,1671,45,196,23042,0.3526265972550875,0.6473734027449124,0.08297890808089575,
2026-08-13 18:22:37,STL,St. Lucie,10750,10718,3005,77,377,24927,0.5007452953232718,0.4992547046767281,0.13876519436755325,
2026-08-13 18:22:37,SUM,Sumter,6671,16129,2059,39,226,25124,0.2925877192982456,0.7074122807017544,0.09250119407737621,
2026-08-13 18:22:37,UNI,Union,119,560,18,2,3,702,0.1752577319587628,0.8247422680412371,0.03276353276353276,
2026-08-13 18:22:37,VOL,Volusia,18076,24179,7093,149,852,50349,0.4277836942373683,0.5722163057626316,0.1607579097896681,
2026-08-13 18:22:37,WAL,Walton,894,4524,228,14,38,5698,0.1650055370985603,0.8349944629014396,0.04914004914004914,
2026-08-13 18:22:37,WAS,Washington,306,1230,50,4,6,1596,0.19921875,0.80078125,0.03759398496240601,
2026-08-13 19:22:08,BAY,Bay,3101,9203,948,35,121,13408,0.2520318595578673,0.7479681404421327,0.08233890214797136,
2026-08-13 19:22:08,CLM,Columbia,1502,3761,347,19,35,5664,0.2853885616568497,0.7146114383431503,0.07079802259887005,
2026-08-13 19:22:08,ESC,Escambia,7944,11986,2032,59,244,22265,0.3985950827897642,0.6014049172102358,0.1048731192454525,
2026-08-13 19:22:08,GAD,Gadsden,2370,593,95,4,5,3067,0.7998650016874789,0.2001349983125211,0.033909357678513205,
2026-08-13 19:22:08,HIL,Hillsborough,44019,42268,12931,298,1242,100758,0.5101463719911459,0.4898536280088542,0.14362135016574365,
2026-08-13 19:22:08,JAC,Jackson,1026,2053,46,5,5,3135,0.3332250730756739,0.666774926924326,0.017862838915470493,
2026-08-13 19:22:08,LEO,Leon,14755,7619,2518,67,243,25202,0.659470814338071,0.340529185661929,0.11221331640346004,
2026-08-13 19:22:08,DAD,Miami-Dade,59179,43604,20529,182,1367,124861,0.5757664205170115,0.4242335794829884,0.17682062453448236,
2026-08-13 19:22:08,MON,Monroe,3705,4112,1094,38,136,9085,0.4739669950108737,0.5260330049891263,0.1395707209686296,
2026-08-13 19:22:08,OKA,Okaloosa,2474,7339,682,22,82,10599,0.2521145419341689,0.7478854580658311,0.07415793942824794,
2026-08-13 19:22:08,ORA,Orange,41824,25520,11411,282,937,79974,0.6210501306723687,0.3789498693276312,0.15792632605596818,
2026-08-13 19:22:08,PAL,Palm Beach,51276,29642,10365,145,1266,92694,0.6336785387676414,0.3663214612323587,0.12704166396962047,
2026-08-13 19:22:08,POL,Polk,14489,16831,3799,93,497,35709,0.4626117496807152,0.5373882503192848,0.12291019070822481,
2026-08-13 19:22:08,SEM,Seminole,12168,12125,3554,76,374,28297,0.5008850286090644,0.4991149713909356,0.14149909884440046,
2026-08-13 19:22:08,SUM,Sumter,6675,16134,2063,39,226,25137,0.2926476390898329,0.7073523609101671,0.0926124835899272,
2026-08-13 19:22:08,WAS,Washington,308,1237,50,4,6,1605,0.1993527508090614,0.8006472491909385,0.037383177570093455,
2026-08-13 20:41:20,ESC,Escambia,7945,11989,2033,59,244,22270,0.3985652653757399,0.60143473462426,0.10489447687471935,
2026-08-13 20:41:20,LEO,Leon,14901,7670,2536,67,243,25417,0.6601834212042,0.3398165787957999,0.11197230200259668,
2026-08-13 20:41:20,ORA,Orange,41838,25522,11416,282,937,79995,0.6211104513064133,0.3788895486935867,0.15794737171073192,
2026-08-13 20:41:20,PAL,Palm Beach,51815,29817,10429,145,1270,93476,0.6347388279106233,0.3652611720893767,0.12670632033891052,
2026-08-13 23:49:55,LAK,Lake,9593,13928,2930,47,294,26792,0.4078483057693125,0.5921516942306875,0.12208868318901164,
2026-08-13 23:49:55,ORA,Orange,42312,25684,11516,282,945,80739,0.6222718983469616,0.3777281016530384,0.1578295495361597,
2026-08-13 23:49:55,PAL,Palm Beach,52127,29878,10446,146,1272,93869,0.6356563624169258,0.3643436375830742,0.12638890368492262,
2026-08-14 06:39:06,PAL,Palm Beach,52130,29878,10446,146,1272,93872,0.6356696907618768,0.3643303092381231,0.12638486449633543,
2026-08-14 07:26:21,IND,Indian River,5324,9621,1647,49,252,16893,0.3562395449983272,0.6437604550016728,0.1153140353992778,
2026-08-14 07:26:21,LEO,Leon,14903,7670,2537,67,243,25420,0.660213529437824,0.339786470562176,0.11199842643587726,
2026-08-14 07:26:21,PAL,Palm Beach,52143,29890,10448,146,1273,93900,0.6356344397986177,0.3643655602013824,0.12637912673056442,
2026-08-14 08:26:38,BRE,Brevard,18757,26162,5537,129,665,51250,0.4175738551615129,0.5824261448384871,0.12353170731707316,
2026-08-14 08:26:38,DES,DeSoto,431,788,0,0,0,1219,0.3535684987694832,0.6464315012305168,0.0,
2026-08-14 08:26:38,DIX,Dixie,293,1389,108,6,9,1805,0.1741973840665873,0.8258026159334126,0.06814404432132964,
2026-08-14 08:26:38,DUV,Duval,23790,19292,3783,139,414,47418,0.552202776101388,0.4477972238986119,0.091442068412839,
2026-08-14 08:26:38,ESC,Escambia,7946,11993,2035,59,244,22277,0.3985154721901801,0.60148452780982,0.10495129505768282,
2026-08-14 08:26:38,GUL,Gulf,332,1117,23,1,6,1479,0.2291235334713595,0.7708764665286404,0.02028397565922921,
2026-08-14 08:26:38,IND,Indian River,5375,9699,1658,50,252,17034,0.3565742337800185,0.6434257662199814,0.11506398966772338,
2026-08-14 08:26:38,JEF,Jefferson,581,698,50,0,12,1341,0.45426114151681,0.54573885848319,0.04623415361670395,
2026-08-14 08:26:38,LEO,Leon,14906,7674,2539,67,244,25430,0.6601417183348096,0.3398582816651904,0.11207235548564687,
2026-08-14 08:26:38,LEV,Levy,879,2279,198,19,40,3415,0.2783407219759341,0.7216592780240658,0.07525622254758418,
2026-08-14 08:26:38,LIB,Liberty,125,470,27,2,0,624,0.2100840336134453,0.7899159663865546,0.046474358974358976,
2026-08-14 08:26:38,MAD,Madison,523,798,50,3,3,1377,0.3959121877365632,0.6040878122634368,0.04066811909949165,
2026-08-14 08:26:38,MAN,Manatee,12098,17658,1569,15,175,31515,0.4065734641752924,0.5934265358247076,0.055814691416785654,
2026-08-14 08:26:38,MRT,Martin,4190,6698,1142,21,176,12227,0.3848273328434974,0.6151726671565025,0.10951173632125624,
2026-08-14 08:26:38,MON,Monroe,3708,4112,1096,38,136,9090,0.4741687979539642,0.5258312020460358,0.1397139713971397,
2026-08-14 08:26:38,PAL,Palm Beach,52198,29943,10455,146,1275,94017,0.6354682801524209,0.3645317198475791,0.1263175808630354,
2026-08-14 08:26:38,PIN,Pinellas,37496,37357,15007,332,1363,91555,0.500928486500207,0.4990715134997929,0.18242586423461307,
2026-08-14 08:26:38,POL,Polk,14496,16832,3799,93,497,35717,0.4627170582226762,0.5372829417773238,0.12288266091777025,
2026-08-14 08:26:38,SEM,Seminole,12173,12144,3555,76,374,28322,0.5005962906608545,0.4994037093391454,0.14140950497846197,
2026-08-14 08:26:38,SUM,Sumter,6676,16134,2063,39,226,25138,0.2926786497150372,0.7073213502849628,0.09260879942716206,
2026-08-14 08:26:38,TAY,Taylor,252,724,11,2,3,992,0.2581967213114754,0.7418032786885246,0.016129032258064516,
2026-08-14 08:26:38,UNI,Union,119,560,19,2,3,703,0.1752577319587628,0.8247422680412371,0.034139402560455195,
2026-08-14 08:26:38,VOL,Volusia,18105,24239,7102,149,852,50447,0.4275694313243907,0.5724305686756093,0.16062402125002478,
2026-08-14 08:26:38,WAK,Wakulla,705,1565,129,3,19,2421,0.3105726872246696,0.6894273127753304,0.06237092110698059,
2026-08-14 09:59:19,ALA,Alachua,10485,4929,1789,53,194,17450,0.6802257687816271,0.3197742312183729,0.11667621776504299,
2026-08-14 09:59:19,BAK,Baker,311,2004,93,7,13,2428,0.134341252699784,0.865658747300216,0.04654036243822076,
2026-08-14 09:59:19,BAY,Bay,3152,9277,951,35,122,13537,0.2536004505591761,0.7463995494408239,0.08184974514294156,
2026-08-14 09:59:19,BRA,Bradford,317,1045,23,0,2,1387,0.2327459618208517,0.7672540381791483,0.01802451333813987,
2026-08-14 09:59:19,BRE,Brevard,19086,26723,5645,130,676,52260,0.4166430177476042,0.5833569822523959,0.12344048985840031,
2026-08-14 09:59:19,CAL,Calhoun,267,902,36,0,1,1206,0.2284003421727972,0.7715996578272027,0.03067993366500829,
2026-08-14 09:59:19,CHA,Charlotte,7187,13565,2922,85,444,24203,0.3463280647648419,0.6536719352351581,0.1425856298805933,
2026-08-14 09:59:19,CLL,Collier,8590,23056,3473,59,404,35582,0.2714403084118056,0.7285596915881944,0.11061772806475184,
2026-08-14 09:59:19,CLM,Columbia,1527,3839,349,20,35,5770,0.2845695117405889,0.7154304882594111,0.07001733102253033,
2026-08-14 09:59:19,DES,DeSoto,435,804,0,0,0,1239,0.3510895883777239,0.648910411622276,0.0,
2026-08-14 09:59:19,DIX,Dixie,293,1415,110,6,9,1833,0.1715456674473068,0.8284543325526932,0.06819421713038734,
2026-08-14 09:59:19,ESC,Escambia,7985,12099,2049,61,244,22438,0.3975801633140808,0.6024198366859191,0.10491131116855335,
2026-08-14 09:59:19,FRA,Franklin,321,511,81,3,20,936,0.3858173076923077,0.6141826923076923,0.1111111111111111,
2026-08-14 09:59:19,GAD,Gadsden,2395,606,96,4,6,3107,0.7980673108963678,0.2019326891036321,0.0341165111039588,
2026-08-14 09:59:19,GIL,Gilchrist,246,1092,69,7,8,1422,0.1838565022421524,0.8161434977578476,0.05907172995780591,
2026-08-14 09:59:19,GLA,Glades,164,531,53,1,7,756,0.2359712230215827,0.7640287769784173,0.08068783068783068,
2026-08-14 09:59:19,GUL,Gulf,341,1144,23,1,7,1516,0.2296296296296296,0.7703703703703704,0.020448548812664908,
2026-08-14 09:59:19,HAM,Hamilton,266,567,29,4,6,872,0.3193277310924369,0.680672268907563,0.04472477064220184,
2026-08-14 09:59:19,HAR,Hardee,179,779,29,5,4,996,0.1868475991649269,0.8131524008350731,0.03815261044176707,
2026-08-14 09:59:19,HEN,Hendry,596,1373,129,9,11,2118,0.3026917216861351,0.6973082783138649,0.07034938621340887,
2026-08-14 09:59:19,HER,Hernando,5584,8563,1864,59,194,16264,0.3947126599278999,0.6052873400721,0.13016478111165766,
2026-08-14 09:59:19,HIG,Highlands,1706,4140,574,17,73,6510,0.2918234690386589,0.708176530961341,0.10199692780337942,
2026-08-14 09:59:19,HIL,Hillsborough,44602,42597,13066,301,1250,101816,0.5114966914758197,0.4885033085241803,0.14356289777638093,
2026-08-14 09:59:19,HOL,Holmes,166,917,34,3,1,1121,0.1532779316712834,0.8467220683287165,0.03389830508474576,
2026-08-14 09:59:19,IND,Indian River,5401,9813,1663,50,255,17182,0.3550019718680163,0.6449980281319837,0.11453847049237574,
2026-08-14 09:59:19,JAC,Jackson,1031,2076,46,5,5,3163,0.3318313485677502,0.6681686514322498,0.017704710717673097,
2026-08-14 09:59:19,JEF,Jefferson,592,711,50,0,13,1366,0.454336147352264,0.545663852647736,0.046120058565153735,
2026-08-14 09:59:19,LAF,Lafayette,77,491,6,0,1,575,0.1355633802816901,0.8644366197183099,0.01217391304347826,
2026-08-14 09:59:19,LAK,Lake,9593,13929,2932,47,294,26795,0.4078309667545277,0.5921690332454723,0.12214965478634074,
2026-08-14 09:59:19,LEE,Lee,23910,44695,11322,212,1142,81281,0.3485168719481087,0.6514831280518912,0.15595280569874878,
2026-08-14 09:59:19,LEO,Leon,14946,7698,2547,67,245,25503,0.660042395336513,0.339957604663487,0.11210445829902364,
2026-08-14 09:59:19,LEV,Levy,883,2303,199,20,40,3445,0.2771500313873195,0.7228499686126805,0.07518142235123368,
2026-08-14 09:59:19,LIB,Liberty,128,483,27,2,0,640,0.2094926350245499,0.79050736497545,0.0453125,
2026-08-14 09:59:19,MAD,Madison,541,821,53,3,3,1421,0.3972099853157121,0.6027900146842878,0.04152005629838142,
2026-08-14 09:59:19,MAN,Manatee,12275,17949,1591,16,177,32008,0.4061341979883536,0.5938658020116464,0.05573606598350413,
2026-08-14 09:59:19,MRN,Marion,9199,13204,2152,60,305,24920,0.4106146498236843,0.5893853501763157,0.10100321027287319,
2026-08-14 09:59:19,MRT,Martin,4241,6812,1148,21,177,12399,0.3836967339183932,0.6163032660816068,0.10855714170497621,
2026-08-14 09:59:19,DAD,Miami-Dade,60851,44579,21030,182,1392,128034,0.5771696860476145,0.4228303139523854,0.17654685474170922,
2026-08-14 09:59:19,MON,Monroe,3731,4138,1106,38,137,9150,0.4741390265599187,0.5258609734400813,0.14,
2026-08-14 09:59:19,NAS,Nassau,2610,6651,1150,35,182,10628,0.2818270165208941,0.718172983479106,0.1286225065863756,
2026-08-14 09:59:19,OKA,Okaloosa,2496,7356,684,22,82,10640,0.2533495736906211,0.7466504263093788,0.07406015037593985,
2026-08-14 09:59:19,OKE,Okeechobee,448,1269,0,0,0,1717,0.2609202096680256,0.7390797903319744,0.0,
2026-08-14 09:59:19,ORA,Orange,42551,25830,11560,285,947,81173,0.6222634942454776,0.3777365057545224,0.1575893462111786,
2026-08-14 09:59:19,OSC,Osceola,9573,7237,3308,83,234,20435,0.5694824509220702,0.4305175490779298,0.1773917298752141,
2026-08-14 09:59:19,PAL,Palm Beach,52340,30092,10475,146,1276,94329,0.6349475931677019,0.3650524068322981,0.12612240138239567,
2026-08-14 09:59:19,PAS,Pasco,12655,15517,3989,95,443,32699,0.449204884282266,0.5507951157177339,0.13844460075231657,
2026-08-14 09:59:19,PIN,Pinellas,39082,38364,15442,340,1404,94632,0.5046354879528963,0.4953645120471038,0.18160875813678248,
2026-08-14 09:59:19,POL,Polk,14647,17012,3820,95,497,36071,0.4626488518272845,0.5373511481727155,0.12231432452662803,
2026-08-14 09:59:19,PUT,Putnam,1409,3185,211,9,19,4833,0.3067043970396169,0.6932956029603831,0.0494516863231947,
2026-08-14 09:59:19,SAN,Santa Rosa,2124,7680,587,16,87,10494,0.2166462668298653,0.7833537331701347,0.06575185820468839,
2026-08-14 09:59:19,SAR,Sarasota,22375,23912,6778,104,806,53975,0.483397066130879,0.5166029338691209,0.14243631310792032,
2026-08-14 09:59:19,SEM,Seminole,12207,12218,3555,76,374,28430,0.4997748208802456,0.5002251791197544,0.14087231797397115,
2026-08-14 09:59:19,STJ,St. Johns,7578,13966,1703,47,196,23490,0.3517452655031563,0.6482547344968437,0.08284376330353342,
2026-08-14 09:59:19,STL,St. Lucie,10750,10718,3006,77,377,24928,0.5007452953232718,0.4992547046767281,0.1387997432605905,
2026-08-14 09:59:19,SUM,Sumter,6691,16151,2063,39,226,25170,0.2929253130198757,0.7070746869801243,0.09249106078665077,
2026-08-14 09:59:19,SUW,Suwannee,687,2119,71,7,11,2895,0.2448325017818959,0.755167498218104,0.0307426597582038,
2026-08-14 09:59:19,TAY,Taylor,262,750,11,2,3,1028,0.258893280632411,0.741106719367589,0.01556420233463035,
2026-08-14 09:59:19,UNI,Union,120,571,19,2,3,715,0.1736613603473227,0.8263386396526773,0.033566433566433566,
2026-08-14 09:59:19,VOL,Volusia,18238,24481,7130,150,854,50853,0.4269294693227837,0.5730705306772162,0.1599512319823806,
2026-08-14 09:59:19,WAK,Wakulla,718,1617,130,3,19,2487,0.3074946466809422,0.6925053533190578,0.0611178126256534,
2026-08-14 09:59:19,WAL,Walton,897,4561,229,14,38,5739,0.1643459142543056,0.8356540857456944,0.048963234012894236,
2026-08-14 09:59:19,WAS,Washington,312,1256,50,4,6,1628,0.1989795918367347,0.8010204081632653,0.036855036855036855,
2026-08-14 11:26:06,ALA,Alachua,11136,5197,1882,60,203,18478,0.6818098328537318,0.3181901671462683,0.11608399177400151,
2026-08-14 11:26:06,BAK,Baker,320,2071,96,7,13,2507,0.1338352153910497,0.8661647846089502,0.046270442760271244,
2026-08-14 11:26:06,BAY,Bay,3176,9407,955,36,123,13697,0.2524040371930382,0.7475959628069617,0.08133167846973789,
2026-08-14 11:26:06,BRA,Bradford,330,1080,25,0,2,1437,0.2340425531914893,0.7659574468085106,0.018789144050104383,
2026-08-14 11:26:06,BRE,Brevard,19259,27252,5691,134,683,53019,0.414074090000215,0.585925909999785,0.12274844866934495,
2026-08-14 11:26:06,CAL,Calhoun,273,916,36,0,1,1226,0.2296047098402018,0.7703952901597981,0.030179445350734094,
2026-08-14 11:26:06,CHA,Charlotte,7248,13799,2932,86,446,24511,0.3443721195419775,0.6556278804580226,0.14132430337399535,
2026-08-14 11:26:06,CIT,Citrus,4994,12131,2290,66,347,19828,0.2916204379562044,0.7083795620437956,0.1363223724026629,
2026-08-14 11:26:06,CLA,Clay,3715,10130,1106,30,117,15098,0.2683279162152401,0.7316720837847598,0.08299112465227182,
2026-08-14 11:26:06,CLL,Collier,8937,23605,3600,64,417,36623,0.2746297092987523,0.7253702907012476,0.11143270622286541,
2026-08-14 11:26:06,CLM,Columbia,1548,3951,357,21,36,5913,0.281505728314239,0.7184942716857611,0.0700152207001522,
2026-08-14 11:26:06,DES,DeSoto,439,827,0,0,0,1266,0.3467614533965245,0.6532385466034755,0.0,
2026-08-14 11:26:06,DIX,Dixie,296,1432,110,6,9,1853,0.1712962962962963,0.8287037037037037,0.06745817593092283,
2026-08-14 11:26:06,DUV,Duval,24555,20131,3875,143,422,49126,0.5495009622700622,0.4504990377299377,0.09037983959614054,
2026-08-14 11:26:06,ESC,Escambia,8062,12267,2065,61,247,22702,0.3965763195435092,0.6034236804564908,0.1045282353977623,
2026-08-14 11:26:06,FLA,Flagler,5190,7905,1585,48,162,14890,0.3963344788087056,0.6036655211912944,0.12055070517125588,
2026-08-14 11:26:06,FRA,Franklin,333,533,81,3,21,971,0.384526558891455,0.6154734411085451,0.10813594232749743,
2026-08-14 11:26:06,GAD,Gadsden,2455,632,98,5,6,3196,0.7952704891480402,0.2047295108519598,0.03410513141426783,
2026-08-14 11:26:06,GIL,Gilchrist,257,1148,74,7,10,1496,0.1829181494661921,0.8170818505338078,0.060828877005347594,
2026-08-14 11:26:06,GLA,Glades,164,535,53,1,7,760,0.234620886981402,0.765379113018598,0.08026315789473684,
2026-08-14 11:26:06,GUL,Gulf,350,1183,23,1,7,1564,0.228310502283105,0.771689497716895,0.019820971867007674,
2026-08-14 11:26:06,HAM,Hamilton,272,581,30,4,6,893,0.3188745603751465,0.6811254396248535,0.04479283314669653,
2026-08-14 11:26:06,HAR,Hardee,198,810,30,5,5,1048,0.1964285714285714,0.8035714285714286,0.03816793893129771,
2026-08-14 11:26:06,HEN,Hendry,608,1404,138,9,11,2170,0.3021868787276341,0.6978131212723658,0.0728110599078341,
2026-08-14 11:26:06,HER,Hernando,5698,8783,1899,62,202,16644,0.3934811131827912,0.6065188868172088,0.12995674116798847,
2026-08-14 11:26:06,HIG,Highlands,1726,4270,585,18,75,6674,0.2878585723815877,0.7121414276184123,0.10158825292178604,
2026-08-14 11:26:06,HIL,Hillsborough,45843,43728,13323,304,1285,104483,0.5118062765850554,0.4881937234149445,0.14272178249093154,
2026-08-14 11:26:06,HOL,Holmes,170,952,34,3,1,1160,0.1515151515151515,0.8484848484848485,0.032758620689655175,
2026-08-14 11:26:06,IND,Indian River,5547,10137,1704,53,261,17702,0.353672532517215,0.646327467482785,0.11399841825782397,
2026-08-14 11:26:06,JAC,Jackson,1073,2136,46,5,5,3265,0.3343720785291368,0.6656279214708632,0.017151607963246555,
2026-08-14 11:26:06,JEF,Jefferson,602,728,53,0,13,1396,0.4526315789473684,0.5473684210526316,0.04727793696275072,
2026-08-14 11:26:06,LAF,Lafayette,79,507,7,0,1,594,0.1348122866894198,0.8651877133105802,0.013468013468013467,
2026-08-14 11:26:06,LAK,Lake,9594,13929,2932,47,294,26796,0.4078561407983676,0.5921438592016325,0.12214509628302732,
2026-08-14 11:26:06,LEE,Lee,24557,46262,11639,216,1166,83840,0.3467572261681187,0.6532427738318812,0.1553077290076336,
2026-08-14 11:26:06,LEO,Leon,15188,7868,2583,67,247,25953,0.6587439278278973,0.3412560721721027,0.11162486032443263,
2026-08-14 11:26:06,LEV,Levy,897,2351,200,20,40,3508,0.2761699507389162,0.7238300492610837,0.07411630558722919,
2026-08-14 11:26:06,LIB,Liberty,129,504,28,2,0,663,0.2037914691943128,0.7962085308056872,0.04524886877828054,
2026-08-14 11:26:06,MAD,Madison,554,863,53,3,3,1476,0.3909668313338038,0.6090331686661962,0.03997289972899729,
2026-08-14 11:26:06,MAN,Manatee,12421,18305,1605,16,177,32524,0.4042504719130378,0.5957495280869621,0.05528225310539909,
2026-08-14 11:26:06,MRN,Marion,9334,13636,2171,61,310,25512,0.4063561166739225,0.5936438833260775,0.09963938538726874,
2026-08-14 11:26:06,MRT,Martin,4351,6983,1169,21,178,12702,0.3838891829892359,0.6161108170107641,0.1076995748700992,
2026-08-14 11:26:06,DAD,Miami-Dade,61102,44856,21081,182,1396,128617,0.5766624511598936,0.4233375488401064,0.1761742226921791,
2026-08-14 11:26:06,MON,Monroe,3757,4181,1117,38,137,9230,0.4732930209120685,0.5267069790879315,0.13997833152762731,
2026-08-14 11:26:06,NAS,Nassau,2650,6803,1164,35,185,10837,0.2803342854120385,0.7196657145879615,0.12771062102057765,
2026-08-14 11:26:06,OKA,Okaloosa,2538,7483,688,22,83,10814,0.2532681369124838,0.7467318630875163,0.07333086739411873,
2026-08-14 11:26:06,OKE,Okeechobee,459,1310,0,0,0,1769,0.2594686263425664,0.7405313736574336,0.0,
2026-08-14 11:26:06,ORA,Orange,42960,26190,11637,287,952,82026,0.6212581344902386,0.3787418655097614,0.1569746178041109,
2026-08-14 11:26:06,OSC,Osceola,9630,7327,3325,85,237,20604,0.5679070590316684,0.4320929409683317,0.1770044651523976,
2026-08-14 11:26:06,PAL,Palm Beach,52685,30411,10525,149,1282,95052,0.6340257052084336,0.3659742947915664,0.12578378150906872,
2026-08-14 11:26:06,PAS,Pasco,13024,16251,4022,97,444,33838,0.4448847139197267,0.5551152860802733,0.1348483952952302,
2026-08-14 11:26:06,PIN,Pinellas,39171,38497,15469,340,1408,94885,0.504338981305042,0.495661018694958,0.1814512304368446,
2026-08-14 11:26:06,POL,Polk,15091,17558,3916,100,507,37172,0.4622193635333395,0.5377806364666605,0.12167760680081782,
2026-08-14 11:26:06,PUT,Putnam,1425,3257,215,9,19,4925,0.3043571123451516,0.6956428876548484,0.04934010152284264,
2026-08-14 11:26:06,SAN,Santa Rosa,2172,7882,602,16,89,10761,0.2160334195345136,0.7839665804654864,0.06570021373478302,
2026-08-14 11:26:06,SAR,Sarasota,22752,24338,6881,105,821,54897,0.4831599065619027,0.5168400934380972,0.14221177842140736,
2026-08-14 11:26:06,SEM,Seminole,12590,12681,3628,79,385,29363,0.4981995172331922,0.5018004827668078,0.13935905731703163,
2026-08-14 11:26:06,STJ,St. Johns,7799,14483,1749,49,210,24290,0.3500134637824252,0.6499865362175747,0.08266776451214491,
2026-08-14 11:26:06,STL,St. Lucie,11425,11358,3139,80,400,26402,0.5014703945924592,0.4985296054075407,0.1370729490190137,
2026-08-14 11:26:06,SUM,Sumter,6874,16760,2119,42,229,26024,0.2908521621392908,0.7091478378607091,0.09183830310482631,
2026-08-14 11:26:06,SUW,Suwannee,710,2172,73,7,11,2973,0.2463566967383761,0.7536433032616239,0.030608812647157754,
2026-08-14 11:26:06,TAY,Taylor,269,782,11,2,3,1067,0.2559467174119886,0.7440532825880114,0.01499531396438613,
2026-08-14 11:26:06,UNI,Union,123,584,19,2,3,731,0.173974540311174,0.826025459688826,0.03283173734610123,
2026-08-14 11:26:06,VOL,Volusia,18617,25069,7228,154,867,51935,0.4261548322116925,0.5738451677883075,0.15883315683065372,
2026-08-14 11:26:06,WAK,Wakulla,735,1679,132,3,19,2568,0.3044739022369511,0.6955260977630489,0.05996884735202492,
2026-08-14 11:26:06,WAL,Walton,911,4666,232,14,38,5861,0.1633494710417787,0.8366505289582212,0.04845589489848149,
2026-08-14 11:26:06,WAS,Washington,320,1289,50,4,6,1669,0.1988812927284027,0.8011187072715973,0.035949670461354104,
2026-08-14 12:28:19,ALA,Alachua,11283,5267,1901,61,204,18716,0.6817522658610272,0.3182477341389728,0.11572985680701005,
2026-08-14 12:28:19,BAK,Baker,328,2103,97,7,13,2548,0.134923899629782,0.865076100370218,0.04591836734693878,
2026-08-14 12:28:19,BAY,Bay,3222,9632,969,36,123,13982,0.2506612727555625,0.7493387272444375,0.08067515376913174,
2026-08-14 12:28:19,BRA,Bradford,336,1098,25,0,2,1461,0.2343096234309623,0.7656903765690377,0.018480492813141684,
2026-08-14 12:28:19,BRE,Brevard,19721,27657,5841,140,710,54069,0.4162480476170374,0.5837519523829625,0.12374928332316115,
2026-08-14 12:28:19,CAL,Calhoun,275,930,36,0,1,1242,0.2282157676348547,0.7717842323651453,0.029790660225442835,
2026-08-14 12:28:19,CHA,Charlotte,7279,13941,2940,87,449,24696,0.3430254476908577,0.6569745523091424,0.14075153871072238,
2026-08-14 12:28:19,CIT,Citrus,5053,12303,2310,70,348,20084,0.2911385111776907,0.7088614888223093,0.13582951603266283,
2026-08-14 12:28:19,CLA,Clay,3819,10355,1123,33,121,15451,0.2694369973190348,0.7305630026809652,0.08264837227363925,
2026-08-14 12:28:19,CLL,Collier,8996,23814,3617,65,418,36910,0.2741846997866504,0.7258153002133496,0.11108100785694934,
2026-08-14 12:28:19,CLM,Columbia,1568,4033,361,21,38,6021,0.2799500089269773,0.7200499910730227,0.06975585450921774,
2026-08-14 12:28:19,DES,DeSoto,449,841,0,0,0,1290,0.3480620155038759,0.6519379844961241,0.0,
2026-08-14 12:28:19,DIX,Dixie,298,1449,111,6,9,1873,0.1705781339439038,0.8294218660560961,0.06727175654030966,
2026-08-14 12:28:19,DUV,Duval,25063,20600,3951,146,426,50186,0.5488688872829205,0.4511311127170794,0.09012473598214642,
2026-08-14 12:28:19,ESC,Escambia,8137,12432,2076,61,248,22954,0.3955953133356021,0.6044046866643978,0.10390345909209724,
2026-08-14 12:28:19,FLA,Flagler,5238,8050,1602,50,163,15103,0.3941902468392534,0.6058097531607466,0.12017479970866715,
2026-08-14 12:28:19,FRA,Franklin,342,551,82,3,21,999,0.3829787234042553,0.6170212765957447,0.1061061061061061,
2026-08-14 12:28:19,GAD,Gadsden,2509,653,98,5,6,3271,0.7934851359898798,0.2065148640101201,0.03332314276979517,
2026-08-14 12:28:19,GIL,Gilchrist,260,1171,77,7,10,1525,0.1816911250873515,0.8183088749126485,0.06163934426229508,
2026-08-14 12:28:19,GLA,Glades,164,542,53,1,7,767,0.2322946175637393,0.7677053824362606,0.07953063885267275,
2026-08-14 12:28:19,GUL,Gulf,360,1213,24,1,7,1605,0.2288620470438652,0.7711379529561347,0.019937694704049845,
2026-08-14 12:28:19,HAM,Hamilton,276,593,30,4,6,909,0.3176064441887227,0.6823935558112774,0.04400440044004401,
2026-08-14 12:28:19,HAR,Hardee,210,834,31,5,6,1086,0.2011494252873563,0.7988505747126436,0.03867403314917127,
2026-08-14 12:28:19,HEN,Hendry,613,1425,140,9,11,2198,0.3007850834151128,0.6992149165848871,0.07279344858962693,
2026-08-14 12:28:19,HER,Hernando,5828,9022,1948,65,209,17072,0.3924579124579124,0.6075420875420875,0.13015463917525774,
2026-08-14 12:28:19,HIG,Highlands,1776,4340,605,20,80,6821,0.290385873119686,0.7096141268803139,0.10335727899135025,
2026-08-14 12:28:19,HIL,Hillsborough,46151,44080,13376,306,1290,105203,0.5114761002316277,0.4885238997683723,0.1423153332129312,
2026-08-14 12:28:19,HOL,Holmes,175,980,36,3,2,1196,0.1515151515151515,0.8484848484848485,0.034280936454849496,
2026-08-14 12:28:19,IND,Indian River,5570,10274,1709,53,261,17867,0.351552638222671,0.648447361777329,0.11322549952426261,
2026-08-14 12:28:19,JAC,Jackson,1094,2184,46,5,6,3335,0.3337400854179377,0.6662599145820622,0.017091454272863568,
2026-08-14 12:28:19,JEF,Jefferson,609,750,54,0,13,1426,0.4481236203090508,0.5518763796909493,0.046984572230014024,
2026-08-14 12:28:19,LAF,Lafayette,80,519,7,0,1,607,0.1335559265442404,0.8664440734557596,0.013179571663920923,
2026-08-14 12:28:19,LAK,Lake,9597,13929,2932,47,294,26799,0.4079316500892629,0.5920683499107371,0.12213142281428412,
2026-08-14 12:28:19,LEE,Lee,24935,47146,11815,218,1178,85292,0.345930272887446,0.654069727112554,0.15489143178727197,
2026-08-14 12:28:19,LEO,Leon,15505,8002,2621,71,251,26450,0.6595907601990897,0.3404092398009103,0.11126654064272212,
2026-08-14 12:28:19,LEV,Levy,899,2390,200,20,40,3549,0.273335360291882,0.726664639708118,0.07326007326007326,
2026-08-14 12:28:19,LIB,Liberty,132,527,29,2,0,690,0.2003034901365705,0.7996965098634294,0.04492753623188406,
2026-08-14 12:28:19,MAD,Madison,565,885,53,3,4,1510,0.3896551724137931,0.6103448275862069,0.039735099337748346,
2026-08-14 12:28:19,MAN,Manatee,12564,18638,1613,16,177,33008,0.4026664957374527,0.5973335042625473,0.05471400872515754,
2026-08-14 12:28:19,MRN,Marion,9623,14126,2215,62,317,26343,0.4051960082529791,0.5948039917470209,0.09847018183198572,
2026-08-14 12:28:19,MRT,Martin,4418,7106,1186,21,180,12911,0.3833738285317598,0.6166261714682402,0.10742777476570366,
2026-08-14 12:28:19,DAD,Miami-Dade,61618,45271,21169,182,1404,129644,0.5764671762295466,0.4235328237704535,0.17551911388108976,
2026-08-14 12:28:19,MON,Monroe,3779,4205,1129,38,138,9289,0.4733216432865731,0.5266783567134269,0.14048875013456777,
2026-08-14 12:28:19,NAS,Nassau,2683,6923,1177,36,190,11009,0.2793046012908599,0.7206953987091401,0.12744118448542102,
2026-08-14 12:28:19,OKA,Okaloosa,2572,7659,701,22,84,11038,0.2513928257257355,0.7486071742742645,0.07311107084616779,
2026-08-14 12:28:19,OKE,Okeechobee,462,1333,0,0,0,1795,0.2573816155988858,0.7426183844011142,0.0,
2026-08-14 12:28:19,ORA,Orange,43303,26430,11706,290,959,82688,0.6209828918876286,0.3790171081123715,0.15667327786377708,
2026-08-14 12:28:19,OSC,Osceola,9861,7503,3383,88,240,21075,0.5678991015894955,0.4321008984105045,0.17608540925266905,
2026-08-14 12:28:19,PAL,Palm Beach,52926,30655,10549,149,1286,95565,0.6332300403201685,0.3667699596798315,0.12540155914822373,
2026-08-14 12:28:19,PAS,Pasco,13249,16490,4129,99,457,34424,0.4455092639295201,0.5544907360704798,0.1360969091331629,
2026-08-14 12:28:19,PIN,Pinellas,39430,39717,15481,340,1413,96381,0.498186918013317,0.5018130819866831,0.17881117647669145,
2026-08-14 12:28:19,POL,Polk,15319,17815,3957,102,510,37703,0.4623347618760186,0.5376652381239814,0.1211839906638729,
2026-08-14 12:28:19,PUT,Putnam,1441,3312,218,9,19,4999,0.3031769408794446,0.6968230591205554,0.04920984196839368,
2026-08-14 12:28:19,SAN,Santa Rosa,2232,8048,610,16,89,10995,0.2171206225680934,0.7828793774319066,0.06502955889040472,
2026-08-14 12:28:19,SAR,Sarasota,23251,24924,7018,107,834,56134,0.4826362221069019,0.5173637778930981,0.14178572701036804,
2026-08-14 12:28:19,SEM,Seminole,12881,12971,3673,80,390,29995,0.4982593222961473,0.5017406777038527,0.13812302050341724,
2026-08-14 12:28:19,STJ,St. Johns,7947,14869,1798,50,215,24879,0.3483082047685834,0.6516917952314165,0.08292133928212549,
2026-08-14 12:28:19,STL,St. Lucie,11550,11566,3151,81,407,26755,0.4996539193632116,0.5003460806367884,0.13601196038123714,
2026-08-14 12:28:19,SUM,Sumter,6976,17093,2163,42,231,26505,0.2898333956541609,0.710166604345839,0.09190718732314658,
2026-08-14 12:28:19,SUW,Suwannee,718,2207,79,8,11,3023,0.2454700854700854,0.7545299145299146,0.03241812768772742,
2026-08-14 12:28:19,TAY,Taylor,271,797,11,2,3,1084,0.2537453183520599,0.7462546816479401,0.014760147601476014,
2026-08-14 12:28:19,UNI,Union,126,595,20,2,3,746,0.174757281553398,0.8252427184466019,0.03351206434316354,
2026-08-14 12:28:19,VOL,Volusia,19176,25803,7399,157,882,53417,0.4263322884012539,0.5736677115987461,0.1579646928880319,
2026-08-14 12:28:19,WAK,Wakulla,754,1717,133,3,19,2626,0.3051396195872116,0.6948603804127883,0.059025133282559025,
2026-08-14 12:28:19,WAL,Walton,923,4789,232,14,38,5996,0.1615896358543417,0.8384103641456583,0.047364909939959975,
2026-08-14 12:28:19,WAS,Washington,327,1321,51,4,6,1709,0.1984223300970873,0.8015776699029126,0.035693387946167346,
2026-08-14 13:34:21,ALA,Alachua,11413,5352,1920,62,208,18955,0.6807634953772741,0.3192365046227259,0.11553679767871274,
2026-08-14 13:34:21,BAK,Baker,336,2167,98,7,13,2621,0.1342389133040351,0.8657610866959649,0.04502098435711561,
2026-08-14 13:34:21,BAY,Bay,3269,9841,981,37,125,14253,0.2493516399694889,0.750648360030511,0.08019364344348558,
2026-08-14 13:34:21,BRA,Bradford,339,1114,25,0,2,1480,0.23331039229181,0.76668960770819,0.018243243243243244,
2026-08-14 13:34:21,BRE,Brevard,19887,28458,5881,140,716,55082,0.4113558796152652,0.5886441203847347,0.12230855814966776,
2026-08-14 13:34:21,CAL,Calhoun,280,944,40,0,1,1265,0.2287581699346405,0.7712418300653595,0.03241106719367589,
2026-08-14 13:34:21,CHA,Charlotte,7309,14081,2951,87,450,24878,0.3417017297802711,0.6582982702197289,0.14020419647881663,
2026-08-14 13:34:21,CIT,Citrus,5159,12625,2356,74,353,20567,0.2900922177237967,0.7099077822762033,0.13531385228764525,
2026-08-14 13:34:21,CLA,Clay,3981,10724,1160,35,124,16024,0.2707242434546072,0.7292757565453927,0.08231402895656516,
2026-08-14 13:34:21,CLL,Collier,9063,24088,3639,65,420,37275,0.2733854182377605,0.7266145817622395,0.11063715627095909,
2026-08-14 13:34:21,CLM,Columbia,1592,4129,367,22,38,6148,0.2782730291907009,0.721726970809299,0.06945348080676643,
2026-08-14 13:34:21,DES,DeSoto,452,857,0,0,0,1309,0.3453017570664629,0.6546982429335371,0.0,
2026-08-14 13:34:21,DIX,Dixie,302,1481,111,7,9,1910,0.1693774537296691,0.8306225462703309,0.06649214659685863,
2026-08-14 13:34:21,DUV,Duval,25689,21127,4022,149,435,51422,0.5487226589200274,0.4512773410799726,0.08957255649332971,
2026-08-14 13:34:21,ESC,Escambia,8225,12647,2097,62,252,23283,0.3940686086623227,0.6059313913376773,0.10355194777305331,
2026-08-14 13:34:21,FLA,Flagler,5301,8233,1621,50,164,15369,0.3916802127973991,0.6083197872026008,0.11939618712993688,
2026-08-14 13:34:21,FRA,Franklin,348,562,84,3,21,1018,0.3824175824175824,0.6175824175824176,0.10609037328094302,
2026-08-14 13:34:21,GAD,Gadsden,2544,668,100,5,6,3323,0.7920298879202988,0.2079701120797011,0.033403551008125185,
2026-08-14 13:34:21,GIL,Gilchrist,262,1194,77,7,11,1551,0.1799450549450549,0.820054945054945,0.06125080593165699,
2026-08-14 13:34:21,GLA,Glades,164,548,53,1,7,773,0.2303370786516854,0.7696629213483146,0.07891332470892626,
2026-08-14 13:34:21,GUL,Gulf,366,1248,24,1,7,1646,0.2267657992565055,0.7732342007434945,0.019441069258809233,
2026-08-14 13:34:21,HAM,Hamilton,287,603,30,4,6,930,0.3224719101123595,0.6775280898876405,0.043010752688172046,
2026-08-14 13:34:21,HAR,Hardee,220,864,31,5,6,1126,0.2029520295202952,0.7970479704797048,0.037300177619893425,
2026-08-14 13:34:21,HEN,Hendry,629,1448,144,9,11,2241,0.3028406355320173,0.6971593644679827,0.07318161535029005,
2026-08-14 13:34:21,HER,Hernando,5865,9180,1967,65,210,17287,0.3898305084745763,0.6101694915254238,0.1296928327645051,
2026-08-14 13:34:21,HIG,Highlands,1799,4487,615,21,83,7005,0.2861915367483296,0.7138084632516704,0.10264097073518914,
2026-08-14 13:34:21,HIL,Hillsborough,46488,44495,13443,309,1299,106034,0.5109525955398261,0.4890474044601738,0.14194503649772713,
2026-08-14 13:34:21,HOL,Holmes,181,1007,36,3,2,1229,0.1523569023569023,0.8476430976430976,0.03336045565500407,
2026-08-14 13:34:21,IND,Indian River,5600,10429,1717,53,263,18062,0.3493667727244369,0.650633227275563,0.11255674897575019,
2026-08-14 13:34:21,JAC,Jackson,1107,2225,46,6,6,3390,0.3322328931572629,0.6677671068427371,0.01710914454277286,
2026-08-14 13:34:21,JEF,Jefferson,612,755,55,0,13,1435,0.4476956839795172,0.5523043160204828,0.047386759581881537,
2026-08-14 13:34:21,LAF,Lafayette,80,536,7,0,1,624,0.1298701298701298,0.8701298701298701,0.01282051282051282,
2026-08-14 13:34:21,LAK,Lake,9826,14156,2973,47,296,27298,0.4097239596363939,0.590276040363606,0.1214741006667155,
2026-08-14 13:34:21,LEE,Lee,25082,47654,11875,219,1191,86021,0.3448361196656401,0.6551638803343599,0.15443903232931494,
2026-08-14 13:34:21,LEO,Leon,15924,8232,2679,75,259,27169,0.6592151018380527,0.3407848981619473,0.11089845043983952,
2026-08-14 13:34:21,LEV,Levy,906,2423,201,20,40,3590,0.2721537999399219,0.727846200060078,0.07270194986072423,
2026-08-14 13:34:21,LIB,Liberty,135,543,29,2,0,709,0.1991150442477876,0.8008849557522124,0.04372355430183357,
2026-08-14 13:34:21,MAD,Madison,577,904,53,3,4,1541,0.3896016205266712,0.6103983794733289,0.03893575600259572,
2026-08-14 13:34:21,MAN,Manatee,12722,18983,1629,17,177,33528,0.401261630657625,0.598738369342375,0.05437246480553567,
2026-08-14 13:34:21,MRN,Marion,9886,14483,2269,64,325,27027,0.4056793467109852,0.5943206532890147,0.09834609834609835,
2026-08-14 13:34:21,MRT,Martin,4481,7267,1208,23,183,13162,0.3814266258086483,0.6185733741913517,0.10743048168971281,
2026-08-14 13:34:21,DAD,Miami-Dade,62108,45669,21284,185,1414,130660,0.5762639524202752,0.4237360475797248,0.1751339354048676,
2026-08-14 13:34:21,MON,Monroe,3841,4253,1143,38,141,9416,0.4745490486780331,0.5254509513219668,0.14039932030586236,
2026-08-14 13:34:21,NAS,Nassau,2773,7200,1218,37,197,11425,0.2780507369898726,0.7219492630101273,0.12708971553610504,
2026-08-14 13:34:21,OKA,Okaloosa,2611,7829,705,23,87,11255,0.250095785440613,0.7499042145593869,0.07241226121723679,
2026-08-14 13:34:21,OKE,Okeechobee,473,1392,0,0,0,1865,0.2536193029490616,0.7463806970509383,0.0,
2026-08-14 13:34:21,ORA,Orange,44098,27011,11963,298,981,84351,0.6201465356002757,0.3798534643997244,0.15698687626702706,
2026-08-14 13:34:21,OSC,Osceola,9951,7588,3403,89,240,21271,0.5673641598722846,0.4326358401277154,0.17545014338771098,
2026-08-14 13:34:21,PAL,Palm Beach,53454,31055,10644,150,1298,96601,0.6325243465193057,0.3674756534806944,0.1251746876326332,
2026-08-14 13:34:21,PAS,Pasco,13287,16668,4135,99,457,34646,0.443565348022033,0.5564346519779669,0.13539802574611787,
2026-08-14 13:34:21,PIN,Pinellas,40733,39805,15984,350,1451,98323,0.5057612555563833,0.4942387444436166,0.18088341486732504,
2026-08-14 13:34:21,POL,Polk,15499,18084,4001,104,512,38200,0.4615132656403538,0.5384867343596462,0.12086387434554974,
2026-08-14 13:34:21,PUT,Putnam,1466,3369,222,9,19,5085,0.303205791106515,0.696794208893485,0.049164208456243856,
2026-08-14 13:34:21,SAN,Santa Rosa,2266,8206,619,16,91,11198,0.2163865546218487,0.7836134453781513,0.06483300589390963,
2026-08-14 13:34:21,SAR,Sarasota,23623,25397,7125,108,852,57105,0.4819053447572419,0.5180946552427581,0.1415812976096664,
2026-08-14 13:34:21,SEM,Seminole,13154,13231,3751,82,400,30618,0.4985408375971196,0.5014591624028805,0.138252008622379,
2026-08-14 13:34:21,STJ,St. Johns,8230,15376,1861,50,220,25737,0.3486401762263831,0.6513598237736169,0.08279908303221044,
2026-08-14 13:34:21,STL,St. Lucie,11633,11733,3168,84,410,27028,0.4978601386630146,0.5021398613369854,0.1354891223915939,
2026-08-14 13:34:21,SUM,Sumter,7030,17415,2179,43,234,26901,0.2875843730824299,0.7124156269175701,0.09129772127430207,
2026-08-14 13:34:21,SUW,Suwannee,729,2269,79,8,11,3096,0.243162108072048,0.7568378919279519,0.03165374677002584,
2026-08-14 13:34:21,TAY,Taylor,272,832,11,2,3,1120,0.2463768115942029,0.7536231884057971,0.014285714285714285,
2026-08-14 13:34:21,UNI,Union,127,604,20,2,3,756,0.173734610123119,0.826265389876881,0.03306878306878307,
2026-08-14 13:34:21,VOL,Volusia,19333,26101,7436,159,893,53922,0.4255183342870978,0.5744816657129023,0.15741255888134714,
2026-08-14 13:34:21,WAK,Wakulla,777,1780,137,3,19,2716,0.3038717246773563,0.6961282753226438,0.0585419734904271,
2026-08-14 13:34:21,WAL,Walton,933,4887,235,14,38,6107,0.1603092783505154,0.8396907216494846,0.04699525135090879,
2026-08-14 13:34:21,WAS,Washington,339,1365,51,4,7,1766,0.198943661971831,0.801056338028169,0.035107587768969425,
2026-08-14 14:29:35,ALA,Alachua,11521,5404,1932,63,208,19128,0.6807090103397341,0.3192909896602658,0.11517147636971978,
2026-08-14 14:29:35,BAK,Baker,339,2191,98,7,13,2648,0.13399209486166,0.8660079051383399,0.0445619335347432,
2026-08-14 14:29:35,BAY,Bay,3309,10007,986,37,128,14467,0.2484980474617002,0.7515019525382998,0.07956037879311537,
2026-08-14 14:29:35,BRA,Bradford,342,1127,25,0,2,1496,0.2328114363512593,0.7671885636487407,0.01804812834224599,
2026-08-14 14:29:35,BRE,Brevard,20038,28801,5925,143,721,55628,0.410286860910338,0.5897131390896619,0.12204285611562522,
2026-08-14 14:29:35,CAL,Calhoun,280,955,40,0,1,1276,0.2267206477732793,0.7732793522267206,0.03213166144200627,
2026-08-14 14:29:35,CHA,Charlotte,7337,14178,2962,87,453,25017,0.3410178944922147,0.6589821055077852,0.1399848103289763,
2026-08-14 14:29:35,CIT,Citrus,5192,12781,2368,74,356,20771,0.2888777610860735,0.7111222389139265,0.13470704347407442,
2026-08-14 14:29:35,CLA,Clay,4020,10862,1166,35,127,16210,0.2701249832011826,0.7298750167988174,0.08192473781616286,
2026-08-14 14:29:35,CLL,Collier,9107,24283,3661,65,420,37536,0.2727463312368973,0.7272536687631027,0.11045396419437341,
2026-08-14 14:29:35,CLM,Columbia,1602,4183,369,23,39,6216,0.2769230769230769,0.7230769230769231,0.06933719433719433,
2026-08-14 14:29:35,DES,DeSoto,460,881,0,0,0,1341,0.343027591349739,0.656972408650261,0.0,
2026-08-14 14:29:35,DIX,Dixie,307,1500,113,7,9,1936,0.1698948533480907,0.8301051466519093,0.06663223140495868,
2026-08-14 14:29:35,DUV,Duval,26063,21506,4072,149,444,52234,0.5478988416826084,0.4521011583173915,0.08930964505877398,
2026-08-14 14:29:35,ESC,Escambia,8284,12799,2108,62,252,23505,0.3929232082720675,0.6070767917279325,0.10304190597745161,
2026-08-14 14:29:35,FLA,Flagler,5397,8426,1640,50,169,15682,0.3904362294726181,0.6095637705273819,0.11854355311822472,
2026-08-14 14:29:35,FRA,Franklin,354,570,84,3,21,1032,0.3831168831168831,0.6168831168831169,0.10465116279069768,
2026-08-14 14:29:35,GAD,Gadsden,2569,681,101,5,6,3362,0.7904615384615384,0.2095384615384615,0.03331350386674598,
2026-08-14 14:29:35,GIL,Gilchrist,269,1220,77,7,11,1584,0.180658159838818,0.8193418401611821,0.05997474747474747,
2026-08-14 14:29:35,GLA,Glades,167,553,53,1,7,781,0.2319444444444444,0.7680555555555556,0.07810499359795134,
2026-08-14 14:29:35,GUL,Gulf,371,1270,24,1,7,1673,0.2260816575258988,0.7739183424741012,0.019127316198445904,
2026-08-14 14:29:35,HAM,Hamilton,288,607,30,4,6,935,0.3217877094972067,0.6782122905027933,0.0427807486631016,
2026-08-14 14:29:35,HAR,Hardee,220,871,31,5,6,1133,0.2016498625114574,0.7983501374885427,0.037069726390114736,
2026-08-14 14:29:35,HEN,Hendry,639,1465,147,9,11,2271,0.3037072243346007,0.6962927756653993,0.07353588727432848,
2026-08-14 14:29:35,HER,Hernando,5889,9272,1973,65,210,17409,0.3884308422927247,0.6115691577072753,0.12912861163765868,
2026-08-14 14:29:35,HIG,Highlands,1816,4546,620,21,83,7086,0.2854448286702294,0.7145551713297705,0.1021732994637313,
2026-08-14 14:29:35,HIL,Hillsborough,46704,44803,13486,313,1303,106609,0.5103871834941589,0.4896128165058411,0.14165783376637994,
2026-08-14 14:29:35,HOL,Holmes,182,1028,36,3,2,1251,0.1504132231404958,0.8495867768595041,0.032773780975219824,
2026-08-14 14:29:35,IND,Indian River,5632,10529,1728,53,264,18206,0.3484932863065404,0.6515067136934596,0.11232560694276612,
2026-08-14 14:29:35,JAC,Jackson,1108,2251,46,6,6,3417,0.3298600774039892,0.6701399225960107,0.016973953760608722,
2026-08-14 14:29:35,JEF,Jefferson,621,776,55,0,13,1465,0.4445239799570508,0.5554760200429492,0.04641638225255973,
2026-08-14 14:29:35,LAF,Lafayette,81,547,7,0,1,636,0.1289808917197452,0.8710191082802548,0.012578616352201259,
2026-08-14 14:29:35,LAK,Lake,9873,14191,2985,47,297,27393,0.4102809175531915,0.5897190824468085,0.12152739751031286,
2026-08-14 14:29:35,LEE,Lee,25161,47997,11925,219,1192,86494,0.3439268432707291,0.6560731567292709,0.1541841052558559,
2026-08-14 14:29:35,LEO,Leon,16065,8341,2690,76,261,27433,0.6582397771039908,0.3417602228960091,0.11034155943571611,
2026-08-14 14:29:35,LEV,Levy,912,2449,203,21,40,3625,0.2713478131508479,0.728652186849152,0.07282758620689656,
2026-08-14 14:29:35,LIB,Liberty,139,554,29,2,0,724,0.2005772005772005,0.7994227994227994,0.04281767955801105,
2026-08-14 14:29:35,MAD,Madison,579,925,56,3,4,1567,0.3849734042553192,0.6150265957446809,0.04020421186981493,
2026-08-14 14:29:35,MAN,Manatee,12872,19217,1646,17,183,33935,0.4011343451026831,0.5988656548973168,0.054398114041550025,
2026-08-14 14:29:35,MRN,Marion,9938,14658,2279,64,326,27265,0.4040494389331598,0.5959505610668402,0.09789106913625527,
2026-08-14 14:29:35,MRT,Martin,4574,7397,1221,26,187,13405,0.3820900509564781,0.6179099490435218,0.10697500932487877,
2026-08-14 14:29:35,DAD,Miami-Dade,62417,45940,21332,185,1418,131292,0.5760310824404514,0.4239689175595485,0.17468695731651585,
2026-08-14 14:29:35,MON,Monroe,3887,4306,1160,38,142,9533,0.4744293909434883,0.5255706090565117,0.14056435539704185,
2026-08-14 14:29:35,NAS,Nassau,2798,7294,1228,37,198,11555,0.2772493063812921,0.7227506936187079,0.12661185633924707,
2026-08-14 14:29:35,OKA,Okaloosa,2634,7934,709,24,89,11390,0.2492429977289932,0.7507570022710068,0.07216856892010536,
2026-08-14 14:29:35,OKE,Okeechobee,476,1407,0,0,0,1883,0.2527881040892193,0.7472118959107806,0.0,
2026-08-14 14:29:35,ORA,Orange,44758,27382,12114,304,996,85554,0.6204324923759357,0.3795675076240643,0.15678986371180775,
2026-08-14 14:29:35,OSC,Osceola,10028,7689,3417,89,241,21464,0.5660100468476604,0.4339899531523395,0.17457137532612746,
2026-08-14 14:29:35,PAL,Palm Beach,53729,31288,10681,152,1305,97155,0.63197948645565,0.3680205135443499,0.12493438320209974,
2026-08-14 14:29:35,PAS,Pasco,13440,16875,4168,101,461,35045,0.4433448787728847,0.5566551212271152,0.13496932515337423,
2026-08-14 14:29:35,PIN,Pinellas,40790,39891,16003,350,1452,98486,0.5055713241035684,0.4944286758964316,0.18078711695063257,
2026-08-14 14:29:35,POL,Polk,15612,18256,4016,105,515,38504,0.4609661036967049,0.5390338963032951,0.12040307500519426,
2026-08-14 14:29:35,PUT,Putnam,1476,3415,225,9,19,5144,0.301778777346146,0.698221222653854,0.049183514774494556,
2026-08-14 14:29:35,SAN,Santa Rosa,2276,8325,622,16,93,11332,0.2146967267238939,0.785303273276106,0.06450758912813272,
2026-08-14 14:29:35,SAR,Sarasota,23695,25571,7145,109,853,57373,0.4809605001420858,0.5190394998579142,0.14130340055426768,
2026-08-14 14:29:35,SEM,Seminole,13274,13416,3789,82,404,30965,0.4973398276508055,0.5026601723491945,0.13805909898272242,
2026-08-14 14:29:35,STJ,St. Johns,8356,15681,1891,50,222,26200,0.3476307359487456,0.6523692640512543,0.08255725190839695,
2026-08-14 14:29:35,STL,St. Lucie,11699,11844,3189,85,413,27230,0.4969205283948519,0.503079471605148,0.13540213000367243,
2026-08-14 14:29:35,SUM,Sumter,7068,17608,2183,43,234,27136,0.2864321608040201,0.7135678391959799,0.09065448113207547,
2026-08-14 14:29:35,SUW,Suwannee,739,2309,79,8,11,3146,0.2424540682414698,0.7575459317585301,0.031150667514303877,
2026-08-14 14:29:35,TAY,Taylor,281,859,11,2,4,1157,0.2464912280701754,0.7535087719298246,0.014693171996542784,
2026-08-14 14:29:35,UNI,Union,128,618,21,2,3,772,0.1715817694369973,0.8284182305630027,0.03367875647668394,
2026-08-14 14:29:35,VOL,Volusia,19426,26335,7474,160,896,54291,0.4245099538908677,0.5754900461091322,0.1571162807831869,
2026-08-14 14:29:35,WAK,Wakulla,809,1827,139,3,19,2797,0.3069044006069802,0.6930955993930197,0.05756167322130854,
2026-08-14 14:29:35,WAL,Walton,943,4976,239,14,38,6210,0.1593174522723433,0.8406825477276567,0.04685990338164251,
2026-08-14 14:29:35,WAS,Washington,351,1389,52,4,7,1803,0.2017241379310344,0.7982758620689655,0.03494176372712146,
2026-08-14 15:34:03,ALA,Alachua,11675,5485,1948,63,208,19379,0.6803613053613053,0.3196386946386946,0.11450539243511017,
2026-08-14 15:34:03,BAK,Baker,351,2244,99,8,13,2715,0.1352601156069364,0.8647398843930636,0.04419889502762431,
2026-08-14 15:34:03,BAY,Bay,3361,10228,1000,38,128,14755,0.2473324012068584,0.7526675987931415,0.07902405964079973,
2026-08-14 15:34:03,BRA,Bradford,352,1138,25,0,2,1517,0.236241610738255,0.763758389261745,0.017798286090969017,
2026-08-14 15:34:03,BRE,Brevard,20201,29171,5976,144,723,56215,0.4091590375111399,0.5908409624888601,0.12172907586942987,
2026-08-14 15:34:03,CAL,Calhoun,294,979,43,0,1,1317,0.2309505106048703,0.7690494893951296,0.033409263477600606,
2026-08-14 15:34:03,CHA,Charlotte,7361,14311,2976,87,455,25190,0.3396548541897379,0.660345145810262,0.13965859468042874,
2026-08-14 15:34:03,CIT,Citrus,5234,12911,2378,75,359,20957,0.2884541195921741,0.7115458804078258,0.13417951042611062,
2026-08-14 15:34:03,CLA,Clay,4071,11039,1176,35,128,16449,0.2694242223692918,0.7305757776307081,0.08140312481001885,
2026-08-14 15:34:03,CLL,Collier,9159,24518,3677,65,420,37839,0.2719660302283457,0.7280339697716542,0.10999233594968155,
2026-08-14 15:34:03,CLM,Columbia,1659,4328,374,23,40,6424,0.2771003841656923,0.7228996158343076,0.06802615193026151,
2026-08-14 15:34:03,DES,DeSoto,466,894,0,0,0,1360,0.3426470588235294,0.6573529411764706,0.0,
2026-08-14 15:34:03,DIX,Dixie,313,1540,115,7,9,1984,0.1689152725310307,0.8310847274689692,0.06602822580645161,
2026-08-14 15:34:03,DUV,Duval,26892,22308,4133,152,452,53937,0.5465853658536586,0.4534146341463415,0.08782468435396852,
2026-08-14 15:34:03,ESC,Escambia,8384,13023,2128,62,252,23849,0.3916475919091886,0.6083524080908114,0.10239423036605308,
2026-08-14 15:34:03,FLA,Flagler,5605,8722,1702,52,181,16262,0.3912193760033503,0.6087806239966497,0.11898905423687123,
2026-08-14 15:34:03,FRA,Franklin,358,583,85,3,21,1050,0.3804463336875664,0.6195536663124336,0.10380952380952381,
2026-08-14 15:34:03,GAD,Gadsden,2616,701,102,5,6,3430,0.7886644558335846,0.2113355441664154,0.03294460641399417,
2026-08-14 15:34:03,GIL,Gilchrist,276,1234,77,7,11,1605,0.1827814569536424,0.8172185430463577,0.059190031152647975,
2026-08-14 15:34:03,GLA,Glades,168,560,53,1,7,789,0.2307692307692307,0.7692307692307693,0.07731305449936629,
2026-08-14 15:34:03,GUL,Gulf,386,1295,24,1,8,1714,0.2296252230814991,0.7703747769185009,0.019253208868144692,
2026-08-14 15:34:03,HAM,Hamilton,290,619,30,4,6,949,0.319031903190319,0.680968096809681,0.04214963119072708,
2026-08-14 15:34:03,HAR,Hardee,241,894,32,5,7,1179,0.2123348017621145,0.7876651982378855,0.037319762510602206,
2026-08-14 15:34:03,HEN,Hendry,648,1479,150,9,11,2297,0.304654442877292,0.6953455571227081,0.07400957771005659,
2026-08-14 15:34:03,HER,Hernando,5911,9398,1987,66,210,17572,0.3861127441374355,0.6138872558625645,0.12878442977464147,
2026-08-14 15:34:03,HIG,Highlands,1834,4603,623,21,83,7164,0.2849153332297654,0.7150846667702346,0.10147962032384143,
2026-08-14 15:34:03,HIL,Hillsborough,46945,45134,13535,316,1306,107236,0.5098339469368695,0.4901660530631305,0.1413424596217688,
2026-08-14 15:34:03,HOL,Holmes,184,1070,38,3,2,1297,0.1467304625199362,0.8532695374800638,0.03315343099460293,
2026-08-14 15:34:03,IND,Indian River,5729,10729,1732,54,265,18509,0.3480981893304168,0.6519018106695832,0.11081095683181155,
2026-08-14 15:34:03,JAC,Jackson,1114,2310,46,6,6,3482,0.3253504672897196,0.6746495327102804,0.01665709362435382,
2026-08-14 15:34:03,JEF,Jefferson,644,809,57,1,13,1524,0.4432209222298692,0.5567790777701308,0.046587926509186355,
2026-08-14 15:34:03,LAF,Lafayette,84,563,8,0,1,656,0.1298299845440494,0.8701700154559505,0.013719512195121951,
2026-08-14 15:34:03,LEE,Lee,25269,48434,11969,221,1194,87087,0.3428490020758992,0.6571509979241008,0.1536853950647054,
2026-08-14 15:34:03,LEO,Leon,16399,8488,2723,77,264,27951,0.6589384015751195,0.3410615984248805,0.1096204071410683,
2026-08-14 15:34:03,LEV,Levy,930,2504,204,21,40,3699,0.2708211997670355,0.7291788002329644,0.07164098404974317,
2026-08-14 15:34:03,LIB,Liberty,144,570,32,2,0,748,0.2016806722689075,0.7983193277310925,0.045454545454545456,
2026-08-14 15:34:03,MAD,Madison,588,944,57,3,4,1596,0.3838120104438642,0.6161879895561357,0.040100250626566414,
2026-08-14 15:34:03,MAN,Manatee,13186,19644,1665,17,190,34702,0.4016448370392933,0.5983551629607067,0.05394501757823757,
2026-08-14 15:34:03,MRN,Marion,10016,14871,2292,64,327,27570,0.4024591152007072,0.5975408847992928,0.09731592310482408,
2026-08-14 15:34:03,MRT,Martin,4736,7593,1250,26,191,13796,0.3841349663395247,0.6158650336604753,0.10633516961438098,
2026-08-14 15:34:03,DAD,Miami-Dade,62756,46271,21401,188,1421,132037,0.5756005393159492,0.4243994606840507,0.174269333595886,
2026-08-14 15:34:03,MON,Monroe,3901,4325,1172,38,144,9580,0.474228057379042,0.5257719426209579,0.14133611691022965,
2026-08-14 15:34:03,NAS,Nassau,2820,7407,1244,38,200,11709,0.2757406864183045,0.7242593135816955,0.12656930566231103,
2026-08-14 15:34:03,OKA,Okaloosa,2695,8171,728,25,92,11711,0.248021351003129,0.751978648996871,0.07215438476645888,
2026-08-14 15:34:03,OKE,Okeechobee,481,1426,0,0,0,1907,0.2522286313581541,0.7477713686418458,0.0,
2026-08-14 15:34:03,ORA,Orange,45106,27616,12192,305,1006,86225,0.6202524683039521,0.3797475316960479,0.15660191359814438,
2026-08-14 15:34:03,OSC,Osceola,10076,7749,3426,90,241,21582,0.565273492286115,0.434726507713885,0.17408025206190345,
2026-08-14 15:34:03,PAL,Palm Beach,54001,31553,10717,153,1310,97734,0.631191995698623,0.3688080043013769,0.12462397937258272,
2026-08-14 15:34:03,PAS,Pasco,13550,17102,4178,102,464,35396,0.4420592457262169,0.5579407542737831,0.13402644366595096,
2026-08-14 15:34:03,PIN,Pinellas,40919,40003,16039,351,1455,98767,0.5056597711376387,0.4943402288623613,0.18067775674061173,
2026-08-14 15:34:03,POL,Polk,15722,18435,4034,106,515,38812,0.4602863249114383,0.5397136750885616,0.1199371328455117,
2026-08-14 15:34:03,PUT,Putnam,1506,3483,227,9,20,5245,0.3018641010222489,0.6981358989777511,0.04880838894184938,
2026-08-14 15:34:03,SAN,Santa Rosa,2310,8503,636,16,94,11559,0.2136317395727365,0.7863682604272635,0.06453845488364045,
2026-08-14 15:34:03,SAR,Sarasota,23787,25766,7173,109,855,57690,0.4800314814441103,0.5199685185558897,0.14104697521234183,
2026-08-14 15:34:03,SEM,Seminole,13563,13864,3835,85,409,31756,0.4945127064571408,0.5054872935428593,0.1363206953016753,
2026-08-14 15:34:03,STJ,St. Johns,8508,16030,1930,51,229,26748,0.3467275246556361,0.6532724753443638,0.08262299985045611,
2026-08-14 15:34:03,STL,St. Lucie,11828,12007,3218,85,416,27554,0.4962450178309209,0.5037549821690791,0.1349713290266386,
2026-08-14 15:34:03,SUM,Sumter,7120,17897,2192,43,235,27487,0.2846064676020306,0.7153935323979694,0.0898606614035726,
2026-08-14 15:34:03,SUW,Suwannee,757,2346,79,8,12,3202,0.2439574605220754,0.7560425394779245,0.030918176139912556,
2026-08-14 15:34:03,TAY,Taylor,285,887,11,2,4,1189,0.2431740614334471,0.7568259385665529,0.014297729184188394,
2026-08-14 15:34:03,UNI,Union,129,636,21,2,3,791,0.1686274509803921,0.8313725490196079,0.03286978508217446,
2026-08-14 15:34:03,VOL,Volusia,19609,26682,7520,162,903,54876,0.4236028601672031,0.5763971398327968,0.15644361833952913,
2026-08-14 15:34:03,WAK,Wakulla,820,1860,140,3,19,2842,0.3059701492537313,0.6940298507462687,0.05700211118930331,
2026-08-14 15:34:03,WAL,Walton,965,5092,244,15,39,6355,0.1593197952781905,0.8406802047218095,0.046892210857592445,
2026-08-14 15:34:03,WAS,Washington,355,1410,54,4,7,1830,0.2011331444759206,0.7988668555240793,0.03551912568306011,
2026-08-14 16:07:13,ALA,Alachua,11743,5523,1958,63,211,19498,0.6801227846635005,0.3198772153364995,0.11447327931069853,
2026-08-14 16:07:13,BAK,Baker,353,2266,101,9,13,2742,0.1347842688048873,0.8652157311951126,0.044857768052516414,
2026-08-14 16:07:13,BAY,Bay,3375,10330,1005,38,129,14877,0.2462604888726742,0.7537395111273258,0.07877932378839819,
2026-08-14 16:07:13,BRA,Bradford,353,1143,25,0,2,1523,0.2359625668449197,0.7640374331550802,0.01772816808929744,
2026-08-14 16:07:13,BRE,Brevard,20269,29293,5991,145,724,56422,0.4089625116016303,0.5910374883983697,0.12158377937683883,
2026-08-14 16:07:13,CAL,Calhoun,296,983,43,0,1,1323,0.2314308053166536,0.7685691946833464,0.03325774754346183,
2026-08-14 16:07:13,CHA,Charlotte,7377,14369,2979,87,455,25267,0.3392348018026304,0.6607651981973697,0.13935172359203704,
2026-08-14 16:07:13,CIT,Citrus,5247,12971,2381,75,359,21033,0.2880118564057525,0.7119881435942474,0.13383730328531354,
2026-08-14 16:07:13,CLA,Clay,4088,11087,1182,35,129,16521,0.2693904448105436,0.7306095551894564,0.08147206585557774,
2026-08-14 16:07:13,CLL,Collier,9182,24588,3683,65,420,37938,0.271898134438851,0.728101865561149,0.10986346143708156,
2026-08-14 16:07:13,CLM,Columbia,1671,4355,374,23,40,6463,0.2772983737139064,0.7227016262860936,0.06761565836298933,
2026-08-14 16:07:13,DES,DeSoto,468,902,0,0,0,1370,0.3416058394160584,0.6583941605839416,0.0,
2026-08-14 16:07:13,DIX,Dixie,318,1548,115,7,9,1997,0.1704180064308681,0.8295819935691319,0.06559839759639459,
2026-08-14 16:07:13,DUV,Duval,27302,22447,4150,153,459,54511,0.5487949506522745,0.4512050493477256,0.08735851479517895,
2026-08-14 16:07:13,ESC,Escambia,8439,13109,2135,62,253,23998,0.3916372749211064,0.6083627250788937,0.1020918409867489,
2026-08-14 16:07:13,FLA,Flagler,5623,8762,1706,54,182,16327,0.3908932916232186,0.6091067083767814,0.11894408035768972,
2026-08-14 16:07:13,FRA,Franklin,362,591,85,3,21,1062,0.3798530954879328,0.6201469045120671,0.10263653483992467,
2026-08-14 16:07:13,GAD,Gadsden,2630,707,102,5,6,3450,0.788133053640995,0.2118669463590051,0.0327536231884058,
2026-08-14 16:07:13,GIL,Gilchrist,278,1242,77,7,11,1615,0.1828947368421052,0.8171052631578948,0.058823529411764705,
2026-08-14 16:07:13,GLA,Glades,170,560,53,1,7,791,0.2328767123287671,0.7671232876712328,0.07711757269279393,
2026-08-14 16:07:13,GUL,Gulf,395,1308,24,1,8,1736,0.2319436288901937,0.7680563711098062,0.019009216589861752,
2026-08-14 16:07:13,HAM,Hamilton,291,623,30,4,6,954,0.3183807439824945,0.6816192560175055,0.041928721174004195,
2026-08-14 16:07:13,HAR,Hardee,243,898,32,6,7,1186,0.2129710780017528,0.7870289219982471,0.03794266441821248,
2026-08-14 16:07:13,HEN,Hendry,653,1495,150,10,11,2319,0.3040037243947858,0.6959962756052142,0.07373868046571798,
2026-08-14 16:07:13,HER,Hernando,5923,9449,1990,66,210,17638,0.3853109549830861,0.6146890450169139,0.12847261594285067,
2026-08-14 16:07:13,HIG,Highlands,1856,4680,628,21,84,7269,0.2839657282741738,0.7160342717258262,0.1008391800797909,
2026-08-14 16:07:13,HIL,Hillsborough,47062,45224,13558,316,1306,107466,0.5099581735041068,0.4900418264958932,0.14125397800234493,
2026-08-14 16:07:13,HOL,Holmes,185,1075,38,3,2,1303,0.1468253968253968,0.8531746031746031,0.03300076745970836,
2026-08-14 16:07:13,IND,Indian River,5769,10800,1737,55,265,18626,0.3481803367734927,0.6518196632265073,0.11043702351551594,
2026-08-14 16:07:13,JAC,Jackson,1121,2333,46,6,6,3512,0.3245512449334105,0.6754487550665894,0.01651480637813212,
2026-08-14 16:07:13,JEF,Jefferson,647,813,58,1,13,1532,0.4431506849315068,0.5568493150684931,0.04699738903394256,
2026-08-14 16:07:13,LAF,Lafayette,85,576,9,0,1,671,0.1285930408472012,0.8714069591527988,0.014903129657228018,
2026-08-14 16:07:13,LEE,Lee,25320,48588,11982,222,1198,87310,0.3425880824809222,0.6574119175190778,0.15349902645745048,
2026-08-14 16:07:13,LEO,Leon,16487,8540,2733,79,265,28104,0.6587685299876134,0.3412314700123866,0.10948619413606604,
2026-08-14 16:07:13,LEV,Levy,961,2576,211,21,40,3809,0.2716991800961266,0.7283008199038733,0.07140981885009189,
2026-08-14 16:07:13,LIB,Liberty,149,583,32,2,0,766,0.203551912568306,0.796448087431694,0.044386422976501305,
2026-08-14 16:07:13,MAD,Madison,593,949,57,3,4,1606,0.3845654993514916,0.6154345006485085,0.039850560398505604,
2026-08-14 16:07:13,MAN,Manatee,13272,19743,1675,17,190,34897,0.4019990913221263,0.5980009086778737,0.05393013726108262,
2026-08-14 16:07:13,MRN,Marion,10038,14950,2298,65,327,27678,0.4017128221546342,0.5982871778453658,0.09718910325890599,
2026-08-14 16:07:13,MRT,Martin,4759,7649,1256,26,192,13882,0.3835428755641522,0.6164571244358479,0.10618066561014262,
2026-08-14 16:07:13,DAD,Miami-Dade,62887,46400,21438,188,1424,132337,0.5754298315444655,0.4245701684555345,0.17417653415144668,
2026-08-14 16:07:13,MON,Monroe,3923,4361,1181,38,144,9647,0.4735634958957025,0.5264365041042974,0.14128744687467606,
2026-08-14 16:07:13,NAS,Nassau,2834,7446,1246,38,200,11764,0.2756809338521401,0.7243190661478599,0.12614756885413125,
2026-08-14 16:07:13,OKA,Okaloosa,2732,8313,735,25,94,11899,0.2473517428700769,0.752648257129923,0.07177073703672578,
2026-08-14 16:07:13,OKE,Okeechobee,483,1430,0,0,0,1913,0.2524830109775222,0.7475169890224778,0.0,
2026-08-14 16:07:13,ORA,Orange,45252,27726,12231,306,1009,86524,0.62007728356491,0.37992271643509,0.15655771808977856,
2026-08-14 16:07:13,OSC,Osceola,10096,7767,3433,90,241,21627,0.5651906174774673,0.4348093825225326,0.17404170712535258,
2026-08-14 16:07:13,PAL,Palm Beach,54118,31672,10734,153,1316,97993,0.6308194428255042,0.3691805571744959,0.1245293031134877,
2026-08-14 16:07:13,PAS,Pasco,13587,17193,4186,102,465,35533,0.4414230019493177,0.5585769980506823,0.13376298089100272,
2026-08-14 16:07:13,PIN,Pinellas,40962,40032,16044,351,1456,98845,0.5057411660122972,0.4942588339877028,0.1805958824422075,
2026-08-14 16:07:13,POL,Polk,15778,18508,4044,106,516,38952,0.4601878317680686,0.5398121682319315,0.11978845758882728,
2026-08-14 16:07:13,PUT,Putnam,1536,3533,229,9,20,5327,0.3030183468139673,0.6969816531860328,0.04843251360991177,
2026-08-14 16:07:13,SAN,Santa Rosa,2322,8562,639,16,97,11636,0.213340683572216,0.7866593164277839,0.06462701959436232,
2026-08-14 16:07:13,SAR,Sarasota,23822,25841,7191,109,857,57820,0.4796729959929928,0.5203270040070073,0.14107575233483224,
2026-08-14 16:07:13,SEM,Seminole,13764,13938,3849,85,410,32046,0.4968594325319471,0.5031405674680528,0.13555513948698747,
2026-08-14 16:07:13,STJ,St. Johns,8561,16142,1947,52,230,26932,0.3465570983281383,0.6534429016718617,0.08276399821773354,
2026-08-14 16:07:13,STL,St. Lucie,11868,12080,3224,85,416,27673,0.4955737431100718,0.5044262568899281,0.13460774039677664,
2026-08-14 16:07:13,SUM,Sumter,7148,18038,2196,43,236,27661,0.2838084650202493,0.7161915349797506,0.08947615776725354,
2026-08-14 16:07:13,SUW,Suwannee,773,2397,79,8,12,3269,0.2438485804416403,0.7561514195583596,0.030284490669929644,
2026-08-14 16:07:13,TAY,Taylor,290,901,11,2,4,1208,0.2434928631402183,0.7565071368597817,0.014072847682119206,
2026-08-14 16:07:13,VOL,Volusia,19659,26803,7534,162,904,55062,0.4231199690069304,0.5768800309930696,0.15618757037521339,
2026-08-14 16:07:13,WAK,Wakulla,852,1911,148,3,19,2933,0.3083604777415852,0.6916395222584147,0.057961131946812135,
2026-08-14 16:07:13,WAL,Walton,975,5177,248,15,39,6454,0.158485045513654,0.841514954486346,0.04679268670591881,
2026-08-14 16:07:13,WAS,Washington,358,1422,54,4,7,1845,0.2011235955056179,0.798876404494382,0.03523035230352303,
2026-08-14 16:59:28,ALA,Alachua,11901,5581,1980,65,214,19741,0.6807573504175723,0.3192426495824276,0.11443189301453827,
2026-08-14 16:59:28,BAK,Baker,358,2315,101,9,13,2796,0.1339319117096895,0.8660680882903106,0.043991416309012876,
2026-08-14 16:59:28,BAY,Bay,3400,10490,1012,39,130,15071,0.2447804175665946,0.7552195824334054,0.07836241788866034,
2026-08-14 16:59:28,BRA,Bradford,355,1151,25,0,2,1533,0.2357237715803453,0.7642762284196547,0.01761252446183953,
2026-08-14 16:59:28,BRE,Brevard,20393,29519,6026,147,729,56814,0.4085790992146177,0.5914209007853822,0.12148414123279473,
2026-08-14 16:59:28,CAL,Calhoun,298,999,43,0,1,1341,0.2297609868928296,0.7702390131071704,0.03281133482475764,
2026-08-14 16:59:28,CHA,Charlotte,7433,14494,2994,88,455,25464,0.3389884617138687,0.6610115382861312,0.1389019792648445,
2026-08-14 16:59:28,CIT,Citrus,5269,13039,2389,75,359,21131,0.2877976840725366,0.7122023159274634,0.1335951918981591,
2026-08-14 16:59:28,CLA,Clay,4128,11214,1188,36,131,16697,0.2690653109112241,0.7309346890887759,0.08115230280888783,
2026-08-14 16:59:28,CLL,Collier,9208,24735,3693,66,421,38123,0.2712783195356922,0.7287216804643079,0.10964509613619075,
2026-08-14 16:59:28,CLM,Columbia,1680,4393,378,23,41,6515,0.2766342828914869,0.723365717108513,0.06784343821949347,
2026-08-14 16:59:28,DES,DeSoto,469,912,0,0,0,1381,0.3396089790007241,0.6603910209992759,0.0,
2026-08-14 16:59:28,DIX,Dixie,322,1563,118,7,9,2019,0.1708222811671087,0.8291777188328913,0.06636948984645864,
2026-08-14 16:59:28,DUV,Duval,27726,22691,4281,157,474,55329,0.5499335541583196,0.4500664458416804,0.08877803683420991,
2026-08-14 16:59:28,ESC,Escambia,8533,13281,2149,62,256,24281,0.3911708077381498,0.6088291922618502,0.10160207569704707,
2026-08-14 16:59:28,FLA,Flagler,5653,8842,1718,54,182,16449,0.3899965505346671,0.6100034494653329,0.11879141589154356,
2026-08-14 16:59:28,FRA,Franklin,364,597,85,3,21,1070,0.3787721123829344,0.6212278876170656,0.10186915887850467,
2026-08-14 16:59:28,GAD,Gadsden,2655,714,105,5,6,3485,0.7880676758682101,0.2119323241317898,0.033285509325681494,
2026-08-14 16:59:28,GIL,Gilchrist,289,1261,79,7,11,1647,0.1864516129032258,0.8135483870967742,0.0588949605343048,
2026-08-14 16:59:28,GLA,Glades,181,575,53,1,7,817,0.2394179894179894,0.7605820105820106,0.07466340269277846,
2026-08-14 16:59:28,GUL,Gulf,401,1316,24,1,8,1750,0.2335468841001747,0.7664531158998252,0.018857142857142857,
2026-08-14 16:59:28,HAM,Hamilton,301,637,31,4,6,979,0.3208955223880597,0.6791044776119403,0.04187946884576098,
2026-08-14 16:59:28,HAR,Hardee,246,912,32,6,7,1203,0.2124352331606217,0.7875647668393783,0.03740648379052369,
2026-08-14 16:59:28,HEN,Hendry,661,1518,151,10,12,2352,0.3033501606241395,0.6966498393758604,0.07355442176870748,
2026-08-14 16:59:28,HER,Hernando,5936,9522,2003,67,210,17738,0.3840082805020054,0.6159917194979946,0.12853760288645846,
2026-08-14 16:59:28,HIG,Highlands,1871,4708,631,22,84,7316,0.2843897248822009,0.7156102751177991,0.10073810825587753,
2026-08-14 16:59:28,HIL,Hillsborough,47242,45399,13599,317,1307,107864,0.5099469997085524,0.4900530002914476,0.14113142475710153,
2026-08-14 16:59:28,HOL,Holmes,191,1090,38,3,2,1324,0.1491022638563622,0.8508977361436377,0.0324773413897281,
2026-08-14 16:59:28,IND,Indian River,5795,10818,1743,55,265,18676,0.3488232107385782,0.6511767892614218,0.11046262582994217,
2026-08-14 16:59:28,JAC,Jackson,1132,2382,46,6,6,3572,0.3221400113830392,0.6778599886169607,0.016237402015677492,
2026-08-14 16:59:28,JEF,Jefferson,655,828,58,1,13,1555,0.4416722859069454,0.5583277140930546,0.04630225080385852,
2026-08-14 16:59:28,LAF,Lafayette,85,590,9,0,1,685,0.1259259259259259,0.8740740740740741,0.014598540145985401,
2026-08-14 16:59:28,LAK,Lake,9874,14191,2985,47,297,27394,0.4103054228132142,0.5896945771867858,0.12152296123238665,
2026-08-14 16:59:28,LEE,Lee,25433,48881,12020,224,1198,87756,0.3422369943752186,0.6577630056247813,0.15317471170062447,
2026-08-14 16:59:28,LEO,Leon,16641,8617,2754,80,267,28359,0.6588407633225116,0.3411592366774883,0.10934800239782785,
2026-08-14 16:59:28,LEV,Levy,971,2605,212,21,40,3849,0.2715324384787472,0.7284675615212528,0.07092751363990647,
2026-08-14 16:59:28,LIB,Liberty,149,584,32,2,0,767,0.2032742155525238,0.7967257844474761,0.04432855280312908,
2026-08-14 16:59:28,MAD,Madison,605,965,58,3,4,1635,0.3853503184713376,0.6146496815286624,0.039755351681957186,
2026-08-14 16:59:28,MAN,Manatee,13349,19892,1691,17,192,35141,0.401582383201468,0.5984176167985319,0.05406789789704334,
2026-08-14 16:59:28,MRN,Marion,10079,15064,2302,65,328,27838,0.4008670405281788,0.5991329594718212,0.0968101156692291,
2026-08-14 16:59:28,MRT,Martin,4794,7707,1265,26,192,13984,0.3834893208543316,0.6165106791456684,0.10604977116704806,
2026-08-14 16:59:28,DAD,Miami-Dade,63111,46590,21484,189,1425,132799,0.5753001340006016,0.4246998659993983,0.17393203262072757,
2026-08-14 16:59:28,MON,Monroe,3953,4385,1195,39,144,9716,0.4740945070760374,0.5259054929239626,0.14182791272128448,
2026-08-14 16:59:28,NAS,Nassau,2847,7525,1250,38,200,11860,0.2744890088700347,0.7255109911299653,0.1254637436762226,
2026-08-14 16:59:28,OKA,Okaloosa,0,0,0,0,0,0,,,0.0,
2026-08-14 16:59:28,OKE,Okeechobee,490,1457,0,0,0,1947,0.2516692347200822,0.7483307652799178,0.0,
2026-08-14 16:59:28,ORA,Orange,45466,27865,12274,308,1012,86925,0.6200106367020769,0.3799893632979231,0.15638769053781995,
2026-08-14 16:59:28,OSC,Osceola,10125,7804,3441,91,242,21703,0.5647275363935523,0.4352724636064476,0.17389301018292402,
2026-08-14 16:59:28,PAL,Palm Beach,54286,31812,10760,155,1321,98334,0.6305140653673721,0.3694859346326279,0.12443305469115463,
2026-08-14 16:59:28,PAS,Pasco,13685,17361,4214,103,467,35830,0.4407975262513689,0.5592024737486311,0.13351939715322356,
2026-08-14 16:59:28,PIN,Pinellas,40997,40087,16059,351,1456,98950,0.5056114646539391,0.4943885353460608,0.18055583628094998,
2026-08-14 16:59:28,POL,Polk,15854,18594,4059,106,518,39131,0.460229911751045,0.5397700882489549,0.11967493802867292,
2026-08-14 16:59:28,PUT,Putnam,1543,3569,232,9,20,5373,0.3018388106416275,0.6981611893583725,0.048576214405360134,
2026-08-14 16:59:28,SAN,Santa Rosa,2344,8673,643,16,101,11777,0.2127620949441772,0.7872379050558228,0.06453256347117263,
2026-08-14 16:59:28,SAR,Sarasota,23851,25905,7195,109,859,57919,0.479359273253477,0.5206407267465231,0.14093820680605673,
2026-08-14 16:59:28,SEM,Seminole,13872,14066,3939,86,418,32381,0.4965280263440475,0.5034719736559524,0.1372100923380995,
2026-08-14 16:59:28,STJ,St. Johns,8618,16356,1959,52,230,27215,0.3450788820373188,0.6549211179626812,0.08234429542531692,
2026-08-14 16:59:28,STL,St. Lucie,11952,12182,3239,86,418,27877,0.495234938261374,0.504765061738626,0.13426839329913548,
2026-08-14 16:59:28,SUM,Sumter,7185,18214,2206,43,236,27884,0.2828851529587779,0.7171148470412221,0.08911920814804189,
2026-08-14 16:59:28,SUW,Suwannee,786,2430,80,8,12,3316,0.2444029850746268,0.7555970149253731,0.030156815440289506,
2026-08-14 16:59:28,TAY,Taylor,294,926,11,2,4,1237,0.240983606557377,0.759016393442623,0.0137429264349232,
2026-08-14 16:59:28,UNI,Union,130,646,22,2,5,805,0.1675257731958762,0.8324742268041238,0.03602484472049689,
2026-08-14 16:59:28,VOL,Volusia,19767,26966,7563,163,905,55364,0.4229773393533477,0.5770226606466523,0.1558955277797847,
2026-08-14 16:59:28,WAK,Wakulla,868,1938,149,3,19,2977,0.3093371347113328,0.6906628652886672,0.057440376217668794,
2026-08-14 16:59:28,WAL,Walton,988,5243,250,15,39,6535,0.1585620285668432,0.8414379714331568,0.04651874521805662,
2026-08-14 16:59:28,WAS,Washington,359,1441,54,4,7,1865,0.1994444444444444,0.8005555555555556,0.03485254691689008,
2026-08-14 17:54:36,ALA,Alachua,12033,5637,2000,65,215,19950,0.6809847198641765,0.3190152801358234,0.11428571428571428,
2026-08-14 17:54:36,BAK,Baker,364,2349,102,9,13,2837,0.1341688168079616,0.8658311831920383,0.04370814240394783,
2026-08-14 17:54:36,BAY,Bay,3438,10684,1022,40,130,15314,0.2434499362696502,0.7565500637303498,0.07783727308345305,
2026-08-14 17:54:36,BRA,Bradford,356,1160,25,0,2,1543,0.2348284960422163,0.7651715039577837,0.017498379779650033,
2026-08-14 17:54:36,BRE,Brevard,20556,29761,6056,149,732,57254,0.4085299203052646,0.5914700796947354,0.1211618402207706,
2026-08-14 17:54:36,CAL,Calhoun,299,1009,43,0,1,1352,0.2285932721712538,0.7714067278287462,0.03254437869822485,
2026-08-14 17:54:36,CHA,Charlotte,7442,14556,2999,90,456,25543,0.3383034821347395,0.6616965178652605,0.13878557726187213,
2026-08-14 17:54:36,CIT,Citrus,5289,13123,2399,76,359,21246,0.2872583097979578,0.7127416902020421,0.13338981455332768,
2026-08-14 17:54:36,CLA,Clay,4174,11341,1197,38,131,16881,0.2690299709958105,0.7309700290041895,0.08091937681416977,
2026-08-14 17:54:36,CLL,Collier,9252,24864,3708,67,421,38312,0.2711924023918396,0.7288075976081604,0.10952182083942368,
2026-08-14 17:54:36,CLM,Columbia,1695,4436,381,23,41,6576,0.276463872125265,0.723536127874735,0.06767031630170316,
2026-08-14 17:54:36,DES,DeSoto,469,913,0,0,0,1382,0.3393632416787265,0.6606367583212736,0.0,
2026-08-14 17:54:36,DIX,Dixie,333,1609,120,7,10,2079,0.1714727085478887,0.8285272914521112,0.0658970658970659,
2026-08-14 17:54:36,DUV,Duval,28156,22927,4351,158,481,56073,0.5511814106454201,0.4488185893545798,0.08899113655413479,
2026-08-14 17:54:36,ESC,Escambia,8635,13462,2174,65,260,24596,0.3907770285559125,0.6092229714440874,0.10160188648560742,
2026-08-14 17:54:36,FLA,Flagler,5682,8942,1728,56,185,16593,0.3885393873085339,0.6114606126914661,0.1186644970770807,
2026-08-14 17:54:36,FRA,Franklin,367,599,85,3,21,1075,0.3799171842650103,0.6200828157349897,0.1013953488372093,
2026-08-14 17:54:36,GAD,Gadsden,2689,733,106,6,6,3540,0.7857977790765635,0.2142022209234365,0.03333333333333333,
2026-08-14 17:54:36,GIL,Gilchrist,291,1269,79,8,11,1658,0.1865384615384615,0.8134615384615385,0.05910735826296743,
2026-08-14 17:54:36,HAM,Hamilton,301,639,31,4,6,981,0.3202127659574468,0.6797872340425531,0.0417940876656473,
2026-08-14 17:54:36,HEN,Hendry,677,1539,153,10,12,2391,0.3055054151624549,0.6944945848375451,0.07319113341698034,
2026-08-14 17:54:36,HER,Hernando,5960,9577,2010,68,210,17825,0.3836004376649289,0.6163995623350711,0.12835904628330996,
2026-08-14 17:54:36,HIG,Highlands,1871,4714,631,22,84,7322,0.2841305998481397,0.7158694001518603,0.10065555859054903,
2026-08-14 17:54:36,HIL,Hillsborough,47480,45593,13639,317,1311,108340,0.5101372041300914,0.4898627958699085,0.14091748200110762,
2026-08-14 17:54:36,HOL,Holmes,192,1094,38,3,2,1329,0.1493001555209953,0.8506998444790047,0.03235515425131678,
2026-08-14 17:54:36,IND,Indian River,5800,10818,1743,55,265,18681,0.3490191358767601,0.6509808641232399,0.1104330603286762,
2026-08-14 17:54:36,JAC,Jackson,1140,2415,48,6,6,3615,0.3206751054852321,0.679324894514768,0.016597510373443983,
2026-08-14 17:54:36,JEF,Jefferson,656,828,58,1,13,1556,0.4420485175202156,0.5579514824797843,0.04627249357326478,
2026-08-14 17:54:36,LAF,Lafayette,86,596,9,0,1,692,0.126099706744868,0.873900293255132,0.014450867052023121,
2026-08-14 17:54:36,LEE,Lee,25533,49116,12051,224,1199,88123,0.3420407507133384,0.6579592492866616,0.1528999239699057,
2026-08-14 17:54:36,LEO,Leon,16857,8712,2784,81,269,28703,0.6592749032030975,0.3407250967969025,0.10918719297634394,
2026-08-14 17:54:36,LEV,Levy,971,2606,212,21,40,3850,0.2714565278166061,0.7285434721833939,0.07090909090909091,
2026-08-14 17:54:36,MAD,Madison,616,983,59,3,4,1665,0.3852407754846779,0.6147592245153221,0.03963963963963964,
2026-08-14 17:54:36,MAN,Manatee,13398,19985,1692,17,193,35285,0.4013420004193751,0.5986579995806248,0.05390392518067167,
2026-08-14 17:54:36,MRN,Marion,10113,15183,2307,65,328,27996,0.3997865275142315,0.6002134724857685,0.09644234890698672,
2026-08-14 17:54:36,MRT,Martin,4794,7714,1265,26,192,13991,0.3832747041893188,0.6167252958106811,0.10599671217211064,
2026-08-14 17:54:36,DAD,Miami-Dade,63387,46823,21543,189,1427,133369,0.575147445785319,0.424852554214681,0.17364604968171013,
2026-08-14 17:54:36,MON,Monroe,4010,4415,1209,40,146,9820,0.4759643916913946,0.5240356083086053,0.14205702647657842,
2026-08-14 17:54:36,NAS,Nassau,2861,7579,1256,39,200,11935,0.2740421455938697,0.7259578544061303,0.1252618349392543,
2026-08-14 17:54:36,OKA,Okaloosa,2784,8576,747,26,97,12230,0.2450704225352112,0.7549295774647887,0.07113654946852004,
2026-08-14 17:54:36,OKE,Okeechobee,495,1464,0,0,0,1959,0.2526799387442572,0.7473200612557427,0.0,
2026-08-14 17:54:36,ORA,Orange,45774,28015,12331,310,1019,87449,0.6203363644987735,0.3796636355012264,0.15620533110727394,
2026-08-14 17:54:36,OSC,Osceola,10155,7828,3446,92,242,21763,0.5646999944391926,0.4353000055608074,0.17368928916050178,
2026-08-14 17:54:36,PAL,Palm Beach,54481,31958,10798,155,1325,98717,0.6302826270549173,0.3697173729450826,0.12437574075387219,
2026-08-14 17:54:36,PAS,Pasco,13928,17575,4261,103,471,36338,0.442116623813605,0.5578833761863949,0.13305630469480983,
2026-08-14 17:54:36,PIN,Pinellas,41035,40129,16074,352,1456,99046,0.5055812921985117,0.4944187078014883,0.18054237425034833,
2026-08-14 17:54:36,POL,Polk,15936,18684,4076,106,518,39320,0.4603119584055459,0.539688041594454,0.11953204476093592,
2026-08-14 17:54:36,PUT,Putnam,1543,3579,232,9,20,5383,0.3012495119094104,0.6987504880905896,0.048485974363737694,
2026-08-14 17:54:36,SAN,Santa Rosa,2373,8769,650,16,102,11910,0.2129779213785675,0.7870220786214324,0.06448362720403022,
2026-08-14 17:54:36,SEM,Seminole,14000,14203,3972,86,421,32682,0.4964010920824026,0.5035989079175974,0.13704791628419313,
2026-08-14 17:54:36,STJ,St. Johns,8690,16530,1977,52,230,27479,0.3445678033306899,0.6554321966693101,0.08220823174060192,
2026-08-14 17:54:36,STL,St. Lucie,12058,12293,3256,88,424,28119,0.4951747361504661,0.5048252638495339,0.1340019204096874,
2026-08-14 17:54:36,SUM,Sumter,7198,18304,2207,43,236,27988,0.2822523723629519,0.717747627637048,0.08882378162069458,
2026-08-14 17:54:36,SUW,Suwannee,787,2432,80,8,12,3319,0.2444858651755203,0.7555141348244796,0.030129557095510694,
2026-08-14 17:54:36,UNI,Union,131,662,22,2,5,822,0.1651954602774274,0.8348045397225725,0.03527980535279805,
2026-08-14 17:54:36,VOL,Volusia,19890,27121,7592,164,909,55676,0.4230924677203208,0.5769075322796792,0.1556325885480279,
2026-08-14 17:54:36,WAK,Wakulla,870,1939,149,3,19,2980,0.3097187611249555,0.6902812388750444,0.05738255033557047,
2026-08-14 17:54:36,WAL,Walton,1002,5310,253,17,39,6621,0.1587452471482889,0.841254752851711,0.04666968735840508,
2026-08-14 17:54:36,WAS,Washington,365,1474,55,4,7,1905,0.1984774333877107,0.8015225666122893,0.03464566929133858,
2026-08-14 18:55:48,ALA,Alachua,12043,5642,2001,65,215,19966,0.6809725756290642,0.3190274243709358,0.11424421516578183,
2026-08-14 18:55:48,BAY,Bay,3469,10798,1024,40,131,15462,0.243148524567183,0.756851475432817,0.07728625016168672,
2026-08-14 18:55:48,BRA,Bradford,356,1166,25,0,2,1549,0.2339027595269382,0.7660972404730617,0.017430600387346677,
2026-08-14 18:55:48,BRE,Brevard,20577,29772,6058,149,733,57289,0.4086873622117619,0.5913126377882381,0.1211401839794725,
2026-08-14 18:55:48,CAL,Calhoun,300,1014,43,0,1,1358,0.228310502283105,0.771689497716895,0.03240058910162003,
2026-08-14 18:55:48,CHA,Charlotte,7447,14560,2999,91,456,25553,0.338392329713273,0.661607670286727,0.13877039877900835,
2026-08-14 18:55:48,CIT,Citrus,5291,13127,2399,76,359,21252,0.287273319578673,0.7127266804213269,0.13335215509128553,
2026-08-14 18:55:48,CLA,Clay,4179,11353,1197,38,131,16898,0.2690574298223023,0.7309425701776977,0.08083796899041307,
2026-08-14 18:55:48,CLL,Collier,9255,24885,3709,67,421,38337,0.2710896309314587,0.7289103690685413,0.10947648485797011,
2026-08-14 18:55:48,CLM,Columbia,1703,4442,383,23,42,6593,0.2771358828315703,0.7228641171684296,0.06795085696951313,
2026-08-14 18:55:48,DIX,Dixie,333,1610,120,7,10,2080,0.1713844570252187,0.8286155429747812,0.06586538461538462,
2026-08-14 18:55:48,DUV,Duval,28197,22958,4356,158,481,56150,0.5512071156289707,0.4487928843710292,0.08895814781834373,
2026-08-14 18:55:48,ESC,Escambia,8784,13652,2210,66,264,24976,0.391513638794794,0.6084863612052059,0.10169762972453555,
2026-08-14 18:55:48,FLA,Flagler,5685,8945,1728,56,185,16599,0.3885850991114149,0.6114149008885851,0.11862160371106693,
2026-08-14 18:55:48,GAD,Gadsden,2737,735,109,6,6,3593,0.7883064516129032,0.2116935483870967,0.03367659337600891,
2026-08-14 18:55:48,GIL,Gilchrist,291,1271,79,8,11,1660,0.1862996158770806,0.8137003841229193,0.05903614457831325,
2026-08-14 18:55:48,GUL,Gulf,403,1320,24,1,8,1756,0.2338943702843877,0.7661056297156124,0.01879271070615034,
2026-08-14 18:55:48,HER,Hernando,5961,9584,2010,68,210,17833,0.3834673528465744,0.6165326471534255,0.1283014635787585,
2026-08-14 18:55:48,HIL,Hillsborough,47498,45620,13640,317,1311,108386,0.510083979466913,0.489916020533087,0.14086690162936172,
2026-08-14 18:55:48,JAC,Jackson,1144,2430,49,6,6,3635,0.3200895355344152,0.6799104644655848,0.016781292984869325,
2026-08-14 18:55:48,LAK,Lake,10503,15642,3083,58,308,29594,0.4017211703958692,0.5982788296041308,0.11654389403257417,
2026-08-14 18:55:48,LEE,Lee,25537,49129,12054,224,1200,88144,0.3420164465754158,0.6579835534245841,0.15290887638409875,
2026-08-14 18:55:48,LEO,Leon,16934,8721,2790,81,270,28796,0.6600662638861821,0.339933736113818,0.10907764967356577,
2026-08-14 18:55:48,MAD,Madison,616,985,60,3,4,1668,0.3847595252966895,0.6152404747033104,0.04016786570743405,
2026-08-14 18:55:48,MAN,Manatee,13400,19989,1693,17,193,35292,0.4013297792686214,0.5986702207313785,0.05392156862745098,
2026-08-14 18:55:48,MRN,Marion,10113,15189,2307,65,328,28002,0.3996917239743894,0.6003082760256107,0.09642168416541676,
2026-08-14 18:55:48,DAD,Miami-Dade,63670,47036,21602,190,1429,133927,0.5751269127237909,0.424873087276209,0.17338550105654574,
2026-08-14 18:55:48,MON,Monroe,4020,4427,1209,40,146,9842,0.4759086066058955,0.5240913933941044,0.141739483844747,
2026-08-14 18:55:48,NAS,Nassau,2863,7583,1256,39,200,11941,0.2740762014168103,0.7259237985831898,0.12519889456494432,
2026-08-14 18:55:48,OKA,Okaloosa,2812,8675,755,26,99,12367,0.2447984678332027,0.7552015321667972,0.0711571116681491,
2026-08-14 18:55:48,ORA,Orange,46030,28134,12395,317,1023,87899,0.6206515290437409,0.3793484709562591,0.15625888804195726,
2026-08-14 18:55:48,OSC,Osceola,10156,7830,3446,92,242,21766,0.5646614033136884,0.4353385966863116,0.17366534962785996,
2026-08-14 18:55:48,PAL,Palm Beach,54687,32103,10827,155,1328,99100,0.6301071552022123,0.3698928447977878,0.12421796165489404,
2026-08-14 18:55:48,PAS,Pasco,13932,17592,4262,103,471,36360,0.4419489912447659,0.5580510087552341,0.133003300330033,
2026-08-14 18:55:48,PIN,Pinellas,41039,40130,16075,352,1457,99053,0.505599428353189,0.4944005716468109,0.1805498066691569,
2026-08-14 18:55:48,POL,Polk,15945,18689,4077,106,518,39335,0.4603857481087948,0.5396142518912052,0.11951188508961484,
2026-08-14 18:55:48,SEM,Seminole,14024,14215,3974,86,421,32720,0.496618152200857,0.5033818477991431,0.13694987775061124,
2026-08-14 18:55:48,STJ,St. Johns,8695,16537,1979,52,230,27493,0.3446020925808497,0.6553979074191503,0.08223911541119558,
2026-08-14 18:55:48,STL,St. Lucie,12081,12302,3260,88,425,28156,0.4954681540417504,0.5045318459582496,0.13400340957522375,
2026-08-14 18:55:48,SUM,Sumter,7207,18312,2207,43,236,28005,0.2824170226106038,0.7175829773893961,0.08876986252454919,
2026-08-14 18:55:48,VOL,Volusia,19895,27132,7596,164,909,55696,0.4230548408361154,0.5769451591638846,0.1556485205400747,
2026-08-14 18:55:48,WAS,Washington,375,1485,55,4,7,1926,0.2016129032258064,0.7983870967741935,0.03426791277258567,
2026-08-14 19:55:55,BAY,Bay,3469,10808,1024,40,131,15472,0.2429782167121944,0.7570217832878056,0.07723629782833506,
2026-08-14 19:55:55,ESC,Escambia,8811,13677,2214,67,264,25033,0.3918089647812166,0.6081910352187834,0.10166580114249191,
2026-08-14 19:55:55,LEO,Leon,17101,8787,2810,81,271,29050,0.6605763288009888,0.3394236711990111,0.10884681583476764,
2026-08-14 19:55:55,DAD,Miami-Dade,63706,47053,21615,190,1431,133995,0.5751767350734478,0.4248232649265522,0.17340945557670062,
2026-08-14 19:55:55,MON,Monroe,4021,4427,1209,40,146,9843,0.4759706439393939,0.5240293560606061,0.14172508381590979,
2026-08-14 19:55:55,OKA,Okaloosa,2816,8683,756,26,99,12380,0.2448908600747891,0.7551091399252109,0.07116316639741518,
2026-08-14 19:55:55,ORA,Orange,46068,28162,12401,317,1024,87972,0.6206116125555705,0.3793883874444295,0.15620879370708862,
2026-08-14 19:55:55,PAL,Palm Beach,54798,32134,10837,155,1328,99252,0.6303547600423319,0.369645239957668,0.12412848103816548,
2026-08-14 19:55:55,SEM,Seminole,14028,14215,3974,86,421,32724,0.496689445172255,0.5033105548277449,0.13693313775822027,
2026-08-14 19:55:55,WAS,Washington,375,1487,55,4,7,1928,0.2013963480128893,0.7986036519871106,0.03423236514522822,
2026-08-14 22:02:33,ORA,Orange,46794,28413,12542,319,1036,89104,0.6222027204914437,0.3777972795085564,0.15596381756150116,
2026-08-14 22:02:33,PAL,Palm Beach,55729,32429,10929,155,1336,100578,0.632149095941378,0.367850904058622,0.12348624947801706,
2026-08-14 23:20:14,ORA,Orange,46828,28420,12552,319,1038,89157,0.6223155432702531,0.377684456729747,0.1560056978139686,
2026-08-14 23:20:14,PAL,Palm Beach,55760,32437,10932,155,1336,100620,0.6322210506026282,0.3677789493973717,0.12346451997614788,
2026-08-15 07:52:19,IND,Indian River,5841,10854,1747,55,268,18765,0.3498652291105121,0.6501347708894879,0.11031175059952038,
2026-08-15 07:52:19,MAD,Madison,620,986,60,3,4,1673,0.386052303860523,0.613947696139477,0.04004781829049611,
2026-08-15 07:52:19,PAL,Palm Beach,55814,32488,10941,155,1337,100735,0.6320808135716065,0.3679191864283934,0.12342284211048792,
2026-08-15 07:52:19,SEM,Seminole,14031,14358,3974,86,421,32870,0.4942407270421642,0.5057592729578357,0.1363249163370855,
2026-08-15 07:52:19,SUM,Sumter,7207,18312,2208,43,236,28006,0.2824170226106038,0.7175829773893961,0.08880239948582447,
2026-08-15 09:13:16,ALA,Alachua,12075,5653,2005,65,215,20013,0.6811259025270758,0.3188740974729241,0.11417578573926948,
2026-08-15 09:13:16,BAK,Baker,367,2374,103,9,13,2866,0.1338927398759576,0.8661072601240423,0.04361479413817167,
2026-08-15 09:13:16,BRA,Bradford,358,1171,25,0,2,1556,0.2341399607586658,0.7658600392413342,0.017352185089974295,
2026-08-15 09:13:16,BRE,Brevard,20936,30081,6102,151,737,58007,0.4103730129172628,0.5896269870827371,0.12050269795024739,
2026-08-15 09:13:16,CAL,Calhoun,301,1020,43,0,1,1365,0.2278576835730507,0.7721423164269493,0.03223443223443224,
2026-08-15 09:13:16,CHA,Charlotte,7454,14624,3003,92,456,25629,0.3376211613370776,0.6623788386629224,0.1385539818174724,
2026-08-15 09:13:16,CLM,Columbia,1716,4491,384,24,42,6657,0.2764620589656839,0.7235379410343161,0.067598017124831,
2026-08-15 09:13:16,DES,DeSoto,474,930,0,0,0,1404,0.3376068376068376,0.6623931623931624,0.0,
2026-08-15 09:13:16,DIX,Dixie,333,1624,122,7,10,2096,0.1701584057230454,0.8298415942769545,0.06631679389312978,
2026-08-15 09:13:16,ESC,Escambia,8820,13710,2215,68,264,25077,0.3914780292942743,0.6085219707057257,0.10156717310683096,
2026-08-15 09:13:16,FRA,Franklin,367,606,86,3,21,1083,0.3771839671120247,0.6228160328879754,0.10156971375807941,
2026-08-15 09:13:16,GIL,Gilchrist,291,1281,79,8,11,1670,0.1851145038167939,0.8148854961832062,0.058682634730538925,
2026-08-15 09:13:16,GLA,Glades,181,579,53,1,7,821,0.2381578947368421,0.7618421052631579,0.07429963459196103,
2026-08-15 09:13:16,GUL,Gulf,409,1394,25,1,8,1837,0.2268441486411536,0.7731558513588463,0.018508437670114317,
2026-08-15 09:13:16,HAM,Hamilton,301,640,31,4,6,982,0.3198724760892667,0.6801275239107333,0.04175152749490835,
2026-08-15 09:13:16,HAR,Hardee,247,929,32,6,7,1221,0.2100340136054422,0.7899659863945578,0.036855036855036855,
2026-08-15 09:13:16,HEN,Hendry,678,1549,153,10,12,2402,0.304445442299057,0.695554557700943,0.07285595337218984,
2026-08-15 09:13:16,HER,Hernando,5969,9608,2013,68,210,17868,0.3831931694164473,0.6168068305835527,0.1282180434295948,
2026-08-15 09:13:16,HIG,Highlands,1877,4755,636,22,86,7376,0.283021712907117,0.716978287092883,0.10086767895878525,
2026-08-15 09:13:16,HIL,Hillsborough,47502,45624,13641,317,1311,108395,0.5100831132014689,0.489916886798531,0.14086443101619078,
2026-08-15 09:13:16,HOL,Holmes,192,1096,38,3,2,1331,0.1490683229813664,0.8509316770186336,0.032306536438767845,
2026-08-15 09:13:16,IND,Indian River,5869,10966,1752,55,270,18912,0.3486189486189486,0.6513810513810514,0.10982445008460237,
2026-08-15 09:13:16,JAC,Jackson,1144,2437,49,6,6,3642,0.3194638369170622,0.6805361630829377,0.016749038989566173,
2026-08-15 09:13:16,JEF,Jefferson,662,836,58,1,13,1570,0.4419225634178905,0.5580774365821095,0.045859872611464965,
2026-08-15 09:13:16,LAF,Lafayette,87,598,9,0,2,696,0.1270072992700729,0.872992700729927,0.015804597701149427,
2026-08-15 09:13:16,LEO,Leon,17176,8855,2821,81,272,29205,0.6598286658215204,0.3401713341784795,0.10868002054442732,
2026-08-15 09:13:16,LEV,Levy,973,2621,214,21,40,3869,0.2707289927657206,0.7292710072342794,0.0710777978805893,
2026-08-15 09:13:16,LIB,Liberty,154,611,32,2,0,799,0.2013071895424836,0.7986928104575164,0.0425531914893617,
2026-08-15 09:13:16,MAD,Madison,621,1002,62,3,4,1692,0.3826247689463956,0.6173752310536045,0.040780141843971635,
2026-08-15 09:13:16,MAN,Manatee,13425,20067,1698,17,193,35400,0.4008419921175206,0.5991580078824794,0.05389830508474576,
2026-08-15 09:13:16,MRT,Martin,4863,7795,1284,26,192,14160,0.3841839153104756,0.6158160846895244,0.10607344632768362,
2026-08-15 09:13:16,DAD,Miami-Dade,63969,47188,21660,190,1433,134440,0.5754833253866153,0.4245166746133846,0.17318506396905683,
2026-08-15 09:13:16,MON,Monroe,4034,4436,1213,40,146,9869,0.4762691853600944,0.5237308146399056,0.14175701692167392,
2026-08-15 09:13:16,NAS,Nassau,2867,7612,1257,39,201,11976,0.2735948086649489,0.7264051913350511,0.125,
2026-08-15 09:13:16,OKE,Okeechobee,497,1483,0,0,0,1980,0.251010101010101,0.748989898989899,0.0,
2026-08-15 09:13:16,OSC,Osceola,10173,7847,3449,92,242,21803,0.5645394006659268,0.4354605993340733,0.17350823281199834,
2026-08-15 09:13:16,PAL,Palm Beach,55957,32605,10959,157,1342,101020,0.6318398410153339,0.3681601589846661,0.12332211443278558,
2026-08-15 09:13:16,PIN,Pinellas,41605,41539,16081,352,1457,101034,0.5003969017608005,0.4996030982391994,0.1770691054496506,
2026-08-15 09:13:16,POL,Polk,15980,18739,4084,106,519,39428,0.4602667127509433,0.5397332872490567,0.11943289033174394,
2026-08-15 09:13:16,PUT,Putnam,1546,3591,233,9,20,5399,0.300953864123029,0.699046135876971,0.04852750509353584,
2026-08-15 09:13:16,SAR,Sarasota,23894,26006,7209,109,861,58079,0.4788376753507014,0.5211623246492986,0.14082542743504536,
2026-08-15 09:13:16,SEM,Seminole,14225,14450,3995,86,421,33177,0.4960767218831735,0.5039232781168265,0.1356964161919402,
2026-08-15 09:13:16,STJ,St. Johns,8725,16611,1985,52,230,27603,0.3443716450899905,0.6556283549100095,0.08212875412092889,
2026-08-15 09:13:16,SUM,Sumter,7221,18332,2213,43,236,28045,0.2825891284780652,0.7174108715219348,0.0888571937956855,
2026-08-15 09:13:16,SUW,Suwannee,796,2467,80,8,12,3363,0.2439472877719889,0.7560527122280111,0.029735355337496282,
2026-08-15 09:13:16,TAY,Taylor,294,935,11,2,4,1246,0.2392188771358828,0.7607811228641171,0.013643659711075442,
2026-08-15 09:13:16,UNI,Union,132,669,23,2,5,831,0.1647940074906367,0.8352059925093633,0.036101083032490974,
2026-08-15 09:13:16,VOL,Volusia,20013,27319,7629,166,913,56040,0.4228217696273134,0.5771782303726866,0.15538900785153462,
2026-08-15 09:13:16,WAK,Wakulla,892,1977,150,3,20,3042,0.3109097246427326,0.6890902753572673,0.056870479947403026,
2026-08-15 09:13:16,WAS,Washington,375,1490,55,4,7,1931,0.2010723860589812,0.7989276139410187,0.03417918177110305,
2026-08-15 09:55:51,ALA,Alachua,12170,5707,2017,65,216,20175,0.6807629915533926,0.3192370084466073,0.11390334572490707,
2026-08-15 09:55:51,BAK,Baker,368,2399,103,9,13,2892,0.1329960245753523,0.8670039754246477,0.04322268326417704,
2026-08-15 09:55:51,BRA,Bradford,362,1178,26,0,2,1568,0.235064935064935,0.7649350649350649,0.017857142857142856,
2026-08-15 09:55:51,BRE,Brevard,21169,30371,6214,156,757,58667,0.4107295304617772,0.5892704695382227,0.12148226430531645,
2026-08-15 09:55:51,CAL,Calhoun,301,1029,43,0,1,1374,0.2263157894736842,0.7736842105263158,0.03202328966521106,
2026-08-15 09:55:51,CHA,Charlotte,7469,14693,3008,93,456,25719,0.3370183196462413,0.6629816803537587,0.13830242233368326,
2026-08-15 09:55:51,CLM,Columbia,1726,4545,385,24,42,6722,0.2752352096954233,0.7247647903045766,0.06709312704552217,
2026-08-15 09:55:51,DES,DeSoto,477,934,0,0,0,1411,0.3380581148121899,0.66194188518781,0.0,
2026-08-15 09:55:51,DIX,Dixie,334,1639,124,7,10,2114,0.1692853522554485,0.8307146477445514,0.06669820245979187,
2026-08-15 09:55:51,ESC,Escambia,8850,13793,2218,69,264,25194,0.3908492690897849,0.6091507309102151,0.10125426688894182,
2026-08-15 09:55:51,FRA,Franklin,368,611,86,3,21,1089,0.3758937691521961,0.6241062308478039,0.10101010101010101,
2026-08-15 09:55:51,GAD,Gadsden,2754,751,111,6,6,3628,0.785734664764622,0.214265335235378,0.03390297684674752,
2026-08-15 09:55:51,GIL,Gilchrist,292,1295,80,8,11,1686,0.183994959042218,0.8160050409577819,0.05871886120996441,
2026-08-15 09:55:51,GLA,Glades,182,579,53,1,7,822,0.2391590013140604,0.7608409986859396,0.07420924574209246,
2026-08-15 09:55:51,GUL,Gulf,410,1406,25,1,8,1850,0.2257709251101321,0.7742290748898678,0.018378378378378378,
2026-08-15 09:55:51,HAM,Hamilton,307,647,31,4,6,995,0.3218029350104822,0.6781970649895178,0.04120603015075377,
2026-08-15 09:55:51,HAR,Hardee,249,944,32,6,7,1238,0.2087175188600167,0.7912824811399832,0.036348949919224556,
2026-08-15 09:55:51,HEN,Hendry,684,1559,155,10,12,2420,0.3049487293802942,0.6950512706197057,0.07314049586776859,
2026-08-15 09:55:51,HER,Hernando,6015,9694,2023,69,211,18012,0.3829015214208415,0.6170984785791584,0.12785920497446146,
2026-08-15 09:55:51,HIG,Highlands,1885,4807,639,22,87,7440,0.281679617453676,0.718320382546324,0.10053763440860215,
2026-08-15 09:55:51,HOL,Holmes,192,1104,38,3,2,1339,0.1481481481481481,0.8518518518518519,0.03211351755041075,
2026-08-15 09:55:51,IND,Indian River,5925,11089,1766,56,272,19108,0.348242623721641,0.651757376278359,0.10958760728490685,
2026-08-15 09:55:51,JAC,Jackson,1151,2452,49,6,6,3664,0.3194560088814877,0.6805439911185124,0.016648471615720525,
2026-08-15 09:55:51,JEF,Jefferson,666,843,59,1,13,1582,0.441351888667992,0.558648111332008,0.0461441213653603,
2026-08-15 09:55:51,LAF,Lafayette,88,604,9,0,2,703,0.1271676300578034,0.8728323699421965,0.015647226173541962,
2026-08-15 09:55:51,LEO,Leon,17197,8863,2823,82,274,29239,0.6599002302379126,0.3400997697620875,0.10872464858579295,
2026-08-15 09:55:51,LEV,Levy,974,2636,214,21,40,3885,0.2698060941828255,0.7301939058171745,0.07078507078507079,
2026-08-15 09:55:51,LIB,Liberty,158,626,33,2,0,819,0.2015306122448979,0.798469387755102,0.042735042735042736,
2026-08-15 09:55:51,MAD,Madison,626,1012,63,3,4,1708,0.3821733821733821,0.6178266178266179,0.040983606557377046,
2026-08-15 09:55:51,MAN,Manatee,13459,20169,1700,17,193,35538,0.400231949565838,0.599768050434162,0.05374528673532557,
2026-08-15 09:55:51,MRT,Martin,4913,7871,1295,26,194,14299,0.3843085106382978,0.6156914893617021,0.1059514651374222,
2026-08-15 09:55:51,DAD,Miami-Dade,64138,47327,21694,190,1436,134785,0.5754093213116225,0.4245906786883775,0.17301628519494008,
2026-08-15 09:55:51,MON,Monroe,4043,4458,1215,40,146,9902,0.4755911069285966,0.5244088930714034,0.14148656837002627,
2026-08-15 09:55:51,NAS,Nassau,2876,7690,1268,39,201,12074,0.2721938292636759,0.727806170736324,0.12489647175749545,
2026-08-15 09:55:51,OKE,Okeechobee,498,1492,0,0,0,1990,0.250251256281407,0.749748743718593,0.0,
2026-08-15 09:55:51,OSC,Osceola,10218,7899,3457,93,242,21909,0.5640006623613181,0.4359993376386819,0.17307955634670683,
2026-08-15 09:55:51,PAL,Palm Beach,56089,32714,10977,158,1342,101280,0.6316115446550229,0.3683884553449771,0.12319312796208531,
2026-08-15 09:55:51,PIN,Pinellas,43089,41580,16524,356,1494,103043,0.5089111717393615,0.4910888282606385,0.1783139077860699,
2026-08-15 09:55:51,POL,Polk,16046,18847,4097,107,520,39617,0.4598630097727338,0.5401369902272662,0.11924173965721786,
2026-08-15 09:55:51,PUT,Putnam,1572,3633,235,9,20,5469,0.3020172910662824,0.6979827089337176,0.04827207899067471,
2026-08-15 09:55:51,SAN,Santa Rosa,2385,8848,654,16,104,12007,0.2123208403810202,0.7876791596189798,0.06446239693512118,
2026-08-15 09:55:51,SAR,Sarasota,23941,26106,7231,109,861,58248,0.4783703318880252,0.5216296681119748,0.14079453371789588,
2026-08-15 09:55:51,SEM,Seminole,14418,14512,4028,86,423,33467,0.4983753888696854,0.5016246111303145,0.1355663788209281,
2026-08-15 09:55:51,STJ,St. Johns,8779,16787,2004,52,230,27852,0.3433857466948291,0.656614253305171,0.08207669108143041,
2026-08-15 09:55:51,SUM,Sumter,7251,18403,2225,43,237,28159,0.2826459811335464,0.7173540188664536,0.08895912496892645,
2026-08-15 09:55:51,SUW,Suwannee,800,2500,80,8,12,3400,0.2424242424242424,0.7575757575757576,0.029411764705882353,
2026-08-15 09:55:51,TAY,Taylor,310,989,11,2,4,1316,0.2386451116243264,0.7613548883756736,0.012917933130699088,
2026-08-15 09:55:51,UNI,Union,132,675,23,2,5,837,0.1635687732342007,0.8364312267657993,0.035842293906810034,
2026-08-15 09:55:51,VOL,Volusia,20100,27462,7661,167,915,56305,0.4226062823262268,0.5773937176737732,0.15527928247935352,
2026-08-15 09:55:51,WAK,Wakulla,904,2014,153,3,20,3094,0.3098012337217272,0.6901987662782728,0.056884292178409825,
2026-08-15 09:55:51,WAL,Walton,1009,5345,253,17,39,6663,0.1587976078061063,0.8412023921938936,0.046375506528590724,
2026-08-15 09:55:51,WAS,Washington,377,1500,55,4,7,1943,0.2008524240809802,0.7991475759190197,0.033968090581574885,
2026-08-15 10:55:09,ALA,Alachua,12757,5848,2081,66,218,20970,0.6856758935769954,0.3143241064230045,0.11278016213638531,
2026-08-15 10:55:09,BAK,Baker,370,2464,105,9,13,2961,0.1305575158786168,0.8694424841213833,0.04289091523134076,
2026-08-15 10:55:09,BRA,Bradford,366,1200,27,0,2,1595,0.2337164750957854,0.7662835249042146,0.01818181818181818,
2026-08-15 10:55:09,BRE,Brevard,21400,31050,6276,157,768,59651,0.4080076263107721,0.5919923736892279,0.12071884796566697,
2026-08-15 10:55:09,CAL,Calhoun,303,1042,43,0,1,1389,0.2252788104089219,0.774721189591078,0.03167746580273578,
2026-08-15 10:55:09,CHA,Charlotte,7635,14956,3047,94,460,26192,0.3379664468151033,0.6620335531848967,0.1374847281612706,
2026-08-15 10:55:09,CIT,Citrus,5377,13401,2450,76,363,21667,0.2863457237192459,0.7136542762807541,0.13333641020907372,
2026-08-15 10:55:09,CLA,Clay,4265,11659,1211,39,133,17307,0.2678347148957548,0.7321652851042452,0.07990986306118912,
2026-08-15 10:55:09,CLL,Collier,9314,25191,3735,67,422,38729,0.2699318939284161,0.7300681060715838,0.10906555810891064,
2026-08-15 10:55:09,CLM,Columbia,1739,4622,388,24,42,6815,0.2733846879421475,0.7266153120578526,0.06661775495231108,
2026-08-15 10:55:09,DES,DeSoto,487,958,0,0,0,1445,0.3370242214532872,0.6629757785467129,0.0,
2026-08-15 10:55:09,DIX,Dixie,341,1669,125,7,10,2152,0.1696517412935323,0.8303482587064677,0.06598513011152417,
2026-08-15 10:55:09,DUV,Duval,28888,23556,4444,162,494,57544,0.5508351765692929,0.449164823430707,0.0886278326150424,
2026-08-15 10:55:09,ESC,Escambia,8990,13988,2247,71,268,25564,0.391243798415876,0.6087562015841239,0.101157878266312,
2026-08-15 10:55:09,FLA,Flagler,5753,9126,1745,57,187,16868,0.3866523287855367,0.6133476712144633,0.11791557979606355,
2026-08-15 10:55:09,FRA,Franklin,368,620,87,3,21,1099,0.3724696356275304,0.6275303643724697,0.10100090991810737,
2026-08-15 10:55:09,GAD,Gadsden,2798,760,112,6,6,3682,0.7863968521641371,0.2136031478358628,0.03367734926670288,
2026-08-15 10:55:09,GIL,Gilchrist,294,1322,82,8,12,1718,0.1819306930693069,0.818069306930693,0.059371362048894066,
2026-08-15 10:55:09,GLA,Glades,182,587,55,1,7,832,0.2366710013003901,0.7633289986996099,0.07572115384615384,
2026-08-15 10:55:09,GUL,Gulf,419,1431,25,1,8,1884,0.2264864864864864,0.7735135135135135,0.018046709129511677,
2026-08-15 10:55:09,HAM,Hamilton,312,656,31,4,6,1009,0.3223140495867768,0.6776859504132231,0.040634291377601585,
2026-08-15 10:55:09,HAR,Hardee,252,965,32,6,7,1262,0.2070665571076417,0.7929334428923582,0.03565768621236133,
2026-08-15 10:55:09,HEN,Hendry,693,1582,158,10,12,2455,0.3046153846153846,0.6953846153846154,0.07331975560081466,
2026-08-15 10:55:09,HER,Hernando,6187,9935,2072,72,217,18483,0.3837613199354919,0.6162386800645081,0.12773900340853758,
2026-08-15 10:55:09,HIG,Highlands,1908,4897,647,22,87,7561,0.280382072005878,0.7196179279941219,0.09998677423621215,
2026-08-15 10:55:09,HIL,Hillsborough,47895,46079,13699,319,1314,109306,0.5096622470044906,0.4903377529955094,0.1402667740105758,
2026-08-15 10:55:09,HOL,Holmes,194,1131,38,3,2,1368,0.1464150943396226,0.8535849056603774,0.031432748538011694,
2026-08-15 10:55:09,IND,Indian River,6064,11342,1796,56,277,19535,0.3483856141560381,0.6516143858439618,0.10898387509598158,
2026-08-15 10:55:09,JAC,Jackson,1166,2490,49,6,6,3717,0.3189277899343545,0.6810722100656456,0.01641108420769438,
2026-08-15 10:55:09,JEF,Jefferson,672,866,60,1,13,1612,0.4369310793237971,0.5630689206762028,0.04590570719602978,
2026-08-15 10:55:09,LAF,Lafayette,92,617,10,0,2,721,0.1297602256699576,0.8702397743300423,0.016643550624133148,
2026-08-15 10:55:09,LEE,Lee,25892,50139,12193,227,1215,89666,0.340545303889203,0.6594546961107969,0.1520643276158187,
2026-08-15 10:55:09,LEO,Leon,17448,9042,2864,82,276,29712,0.6586636466591167,0.3413363533408833,0.10844103392568659,
2026-08-15 10:55:09,LEV,Levy,975,2671,217,21,40,3924,0.2674163466812945,0.7325836533187055,0.07084607543323139,
2026-08-15 10:55:09,LIB,Liberty,165,654,34,2,0,855,0.2014652014652014,0.7985347985347986,0.042105263157894736,
2026-08-15 10:55:09,MAD,Madison,634,1039,63,3,4,1743,0.3789599521817095,0.6210400478182905,0.040160642570281124,
2026-08-15 10:55:09,MAN,Manatee,13504,20358,1706,17,193,35778,0.3987951095623412,0.6012048904376587,0.05355246240706579,
2026-08-15 10:55:09,MRN,Marion,10227,15464,2322,67,330,28410,0.3980771476392511,0.6019228523607489,0.09570573741640268,
2026-08-15 10:55:09,MRT,Martin,4949,7980,1316,26,197,14468,0.3827828911748782,0.6172171088251218,0.10637268454520321,
2026-08-15 10:55:09,DAD,Miami-Dade,64456,47679,21758,192,1440,135525,0.5748071520934588,0.4251928479065412,0.17258808337945028,
2026-08-15 10:55:09,MON,Monroe,4066,4486,1234,40,146,9972,0.475444340505145,0.524555659494855,0.14239871640593663,
2026-08-15 10:55:09,NAS,Nassau,2897,7831,1275,39,202,12244,0.2700410141685309,0.729958985831469,0.12381574648807579,
2026-08-15 10:55:09,OKE,Okeechobee,499,1511,0,0,0,2010,0.2482587064676616,0.7517412935323383,0.0,
2026-08-15 10:55:09,OSC,Osceola,10274,7976,3463,93,246,22052,0.562958904109589,0.4370410958904109,0.1724106656992563,
2026-08-15 10:55:09,PAL,Palm Beach,56337,32998,11013,162,1350,101860,0.6306262942855544,0.3693737057144456,0.12296289024150796,
2026-08-15 10:55:09,PAS,Pasco,14123,17954,4296,108,477,36958,0.44028431586495,0.55971568413505,0.13206883489366308,
2026-08-15 10:55:09,PIN,Pinellas,43159,41685,16543,357,1495,103239,0.5086865305737589,0.4913134694262411,0.17817878902352793,
2026-08-15 10:55:09,POL,Polk,16250,19123,4129,108,522,40132,0.4593899301727306,0.5406100698272693,0.11858367387620851,
2026-08-15 10:55:09,PUT,Putnam,1582,3675,235,9,20,5521,0.3009320905459387,0.6990679094540613,0.04781742437964137,
2026-08-15 10:55:09,SAN,Santa Rosa,2424,9021,669,16,105,12235,0.2117955439056356,0.7882044560943644,0.06456885982836126,
2026-08-15 10:55:09,SAR,Sarasota,24039,26298,7261,109,867,58574,0.4775612372608618,0.5224387627391383,0.14062553351316284,
2026-08-15 10:55:09,SEM,Seminole,14847,14826,4136,88,433,34330,0.5003538570417552,0.4996461429582449,0.13565394698514419,
2026-08-15 10:55:09,STJ,St. Johns,8890,17115,2033,52,233,28323,0.34185733512786,0.65814266487214,0.08184161282350033,
2026-08-15 10:55:09,STL,St. Lucie,12280,12562,3327,88,433,28690,0.4943241284920698,0.5056758715079301,0.1341233879400488,
2026-08-15 10:55:09,SUM,Sumter,7394,18895,2266,45,247,28847,0.2812583209707482,0.7187416790292518,0.08867473220785524,
2026-08-15 10:55:09,SUW,Suwannee,815,2564,81,8,12,3480,0.2411956200059189,0.7588043799940811,0.029022988505747128,
2026-08-15 10:55:09,TAY,Taylor,310,1028,11,2,4,1355,0.2316890881913303,0.7683109118086696,0.012546125461254613,
2026-08-15 10:55:09,UNI,Union,135,695,24,2,5,861,0.1626506024096385,0.8373493975903614,0.036004645760743324,
2026-08-15 10:55:09,VOL,Volusia,20273,27738,7718,168,926,56823,0.4222573993459832,0.5777426006540168,0.15507804938141245,
2026-08-15 10:55:09,WAK,Wakulla,926,2093,156,4,20,3199,0.3067240808214641,0.6932759191785359,0.05626758361988121,
2026-08-15 10:55:09,WAL,Walton,1020,5451,258,17,39,6785,0.1576263328697264,0.8423736671302735,0.04627855563743552,
2026-08-15 10:55:09,WAS,Washington,380,1532,56,4,8,1980,0.1987447698744769,0.801255230125523,0.03434343434343434,
2026-08-15 11:53:08,ALA,Alachua,12972,5930,2106,66,218,21292,0.6862765844884139,0.313723415511586,0.1122487319180913,
2026-08-15 11:53:08,BAK,Baker,376,2523,106,9,13,3027,0.12969989651604,0.87030010348396,0.04228609184010571,
2026-08-15 11:53:08,BAY,Bay,3536,11163,1046,41,132,15918,0.240560582352541,0.759439417647459,0.07657997235833647,
2026-08-15 11:53:08,BRA,Bradford,367,1217,27,0,2,1613,0.2316919191919192,0.7683080808080808,0.017978921264724116,
2026-08-15 11:53:08,BRE,Brevard,21693,31564,6358,161,774,60550,0.4073267363914603,0.5926732636085397,0.12044591246903386,
2026-08-15 11:53:08,CAL,Calhoun,308,1065,43,0,1,1417,0.224326292789512,0.775673707210488,0.031051517290049402,
2026-08-15 11:53:08,CHA,Charlotte,7697,15177,3074,94,470,26512,0.3364955845064265,0.6635044154935735,0.13722088111044056,
2026-08-15 11:53:08,CIT,Citrus,5455,13654,2477,76,371,22033,0.2854675807211261,0.7145324192788738,0.1327100258702855,
2026-08-15 11:53:08,CLA,Clay,4345,11987,1229,43,133,17737,0.2660421258878275,0.7339578741121724,0.07921294469188701,
2026-08-15 11:53:08,CLL,Collier,9393,25558,3767,69,425,39212,0.2687476753168722,0.7312523246831278,0.10866571457717025,
2026-08-15 11:53:08,CLM,Columbia,1768,4708,395,25,44,6940,0.2730080296479308,0.7269919703520692,0.06685878962536022,
2026-08-15 11:53:08,DES,DeSoto,490,970,0,0,0,1460,0.3356164383561644,0.6643835616438356,0.0,
2026-08-15 11:53:08,DIX,Dixie,343,1697,126,7,10,2183,0.1681372549019608,0.8318627450980393,0.06550618415025194,
2026-08-15 11:53:08,DUV,Duval,29605,24074,4528,163,507,58877,0.5515192160807765,0.4484807839192235,0.08828574825483636,
2026-08-15 11:53:08,ESC,Escambia,9184,14272,2272,71,272,26071,0.3915416098226466,0.6084583901773534,0.10030301867975912,
2026-08-15 11:53:08,FLA,Flagler,5809,9305,1761,57,187,17119,0.3843456398041551,0.615654360195845,0.11712132718032596,
2026-08-15 11:53:08,FRA,Franklin,374,630,87,3,21,1115,0.3725099601593625,0.6274900398406374,0.09955156950672646,
2026-08-15 11:53:08,GAD,Gadsden,2833,774,112,6,8,3733,0.785417244247297,0.214582755752703,0.0337530136619341,
2026-08-15 11:53:08,GIL,Gilchrist,298,1355,84,9,12,1758,0.1802782819116757,0.8197217180883243,0.059726962457337884,
2026-08-15 11:53:08,GLA,Glades,183,595,55,1,7,841,0.2352185089974293,0.7647814910025706,0.07491082045184304,
2026-08-15 11:53:08,GUL,Gulf,425,1472,26,1,8,1932,0.2240379546652609,0.7759620453347391,0.018115942028985508,
2026-08-15 11:53:08,HAM,Hamilton,319,668,31,4,6,1028,0.3232016210739615,0.6767983789260384,0.03988326848249027,
2026-08-15 11:53:08,HAR,Hardee,259,990,37,6,7,1299,0.2073658927141713,0.7926341072858286,0.03849114703618168,
2026-08-15 11:53:08,HEN,Hendry,712,1600,162,10,12,2496,0.3079584775086505,0.6920415224913494,0.07371794871794872,
2026-08-15 11:53:08,HER,Hernando,6371,10207,2113,74,226,18991,0.3843044999396791,0.6156955000603209,0.12706018640408615,
2026-08-15 11:53:08,HIG,Highlands,1923,4971,655,22,87,7658,0.2789382071366406,0.7210617928633595,0.09976495168451292,
2026-08-15 11:53:08,HIL,Hillsborough,49789,47633,14157,331,1359,113269,0.5110652624663834,0.4889347375336166,0.1399058877539309,
2026-08-15 11:53:08,HOL,Holmes,200,1169,39,3,2,1413,0.1460920379839298,0.8539079620160701,0.03113941967445152,
2026-08-15 11:53:08,IND,Indian River,6096,11490,1799,57,278,19720,0.3466393722279086,0.6533606277720915,0.10821501014198782,
2026-08-15 11:53:08,JAC,Jackson,1195,2575,51,8,6,3835,0.3169761273209549,0.6830238726790451,0.01694915254237288,
2026-08-15 11:53:08,JEF,Jefferson,683,893,61,2,13,1652,0.4333756345177665,0.5666243654822335,0.04600484261501211,
2026-08-15 11:53:08,LAF,Lafayette,99,630,10,0,2,741,0.1358024691358024,0.8641975308641975,0.016194331983805668,
2026-08-15 11:53:08,LAK,Lake,10504,15642,3083,58,308,29595,0.4017440526275529,0.598255947372447,0.11653995607366109,
2026-08-15 11:53:08,LEE,Lee,26446,51425,12434,230,1240,91775,0.3396129496218104,0.6603870503781896,0.151500953418687,
2026-08-15 11:53:08,LEO,Leon,17704,9189,2889,82,280,30144,0.65831257204477,0.34168742795523,0.10784899150743099,
2026-08-15 11:53:08,LEV,Levy,980,2701,218,21,42,3962,0.2662320021733225,0.7337679978266776,0.07092377587077234,
2026-08-15 11:53:08,LIB,Liberty,169,688,37,2,0,896,0.1971995332555426,0.8028004667444574,0.04352678571428571,
2026-08-15 11:53:08,MAD,Madison,648,1068,63,3,4,1786,0.3776223776223776,0.6223776223776224,0.03919372900335946,
2026-08-15 11:53:08,MAN,Manatee,13581,20608,1712,19,193,36113,0.3972330281669542,0.6027669718330457,0.05327721319192535,
2026-08-15 11:53:08,MRN,Marion,10323,15745,2334,67,332,28801,0.3960027620070585,0.6039972379929416,0.09489253845352592,
2026-08-15 11:53:08,MRT,Martin,5043,8155,1349,27,199,14773,0.3821033489922715,0.6178966510077284,0.10661341636769783,
2026-08-15 11:53:08,DAD,Miami-Dade,64910,48154,21846,192,1453,136555,0.5740996249911554,0.4259003750088445,0.17202592362051922,
2026-08-15 11:53:08,MON,Monroe,4091,4525,1244,43,148,10051,0.4748142989786443,0.5251857010213556,0.14277186349616955,
2026-08-15 11:53:08,NAS,Nassau,2927,7988,1294,41,206,12456,0.2681630783325698,0.7318369216674302,0.12371547848426462,
2026-08-15 11:53:08,OKA,Okaloosa,2853,8957,765,27,99,12701,0.2415749364944961,0.7584250635055038,0.07015195653885521,
2026-08-15 11:53:08,OKE,Okeechobee,502,1539,0,0,0,2041,0.2459578637922587,0.7540421362077413,0.0,
2026-08-15 11:53:08,ORA,Orange,47974,29162,12764,329,1054,91283,0.6219404687824103,0.3780595312175897,0.15497956903256904,
2026-08-15 11:53:08,OSC,Osceola,10352,8069,3480,94,246,22241,0.5619673199066283,0.4380326800933717,0.171754867137269,
2026-08-15 11:53:08,PAL,Palm Beach,56691,33332,11063,162,1354,102602,0.6297390666829588,0.3702609333170412,0.12259994931872673,
2026-08-15 11:53:08,PAS,Pasco,14318,18343,4343,109,482,37595,0.4383821683353234,0.5616178316646765,0.13124085649687459,
2026-08-15 11:53:08,PIN,Pinellas,43265,42471,16559,359,1495,104149,0.5046304936082859,0.4953695063917141,0.17679478439543347,
2026-08-15 11:53:08,POL,Polk,16599,19523,4199,111,530,40962,0.4595260506062787,0.5404739493937213,0.11815829305209706,
2026-08-15 11:53:08,PUT,Putnam,1604,3717,235,9,20,5585,0.3014470964104491,0.6985529035895508,0.047269471799462844,
2026-08-15 11:53:08,SAN,Santa Rosa,2462,9203,689,16,105,12475,0.2110587226746678,0.7889412773253321,0.06492985971943888,
2026-08-15 11:53:08,SAR,Sarasota,24166,26587,7304,109,871,59037,0.4761491931511438,0.5238508068488562,0.14031878313599946,
2026-08-15 11:53:08,SEM,Seminole,15206,15179,4200,89,445,35119,0.5004442981734408,0.4995557018265592,0.13479882684586691,
2026-08-15 11:53:08,STJ,St. Johns,8993,17463,2063,53,234,28806,0.3399228908376172,0.6600771091623828,0.08158022634173435,
2026-08-15 11:53:08,STL,St. Lucie,12454,12796,3367,90,438,29145,0.4932277227722772,0.5067722772277228,0.1336421341568022,
2026-08-15 11:53:08,SUM,Sumter,7454,19179,2274,45,248,29200,0.2798783464123456,0.7201216535876545,0.08791095890410959,
2026-08-15 11:53:08,SUW,Suwannee,824,2625,82,8,12,3551,0.2389098289359234,0.7610901710640765,0.028724303013235707,
2026-08-15 11:53:08,TAY,Taylor,313,1063,11,2,4,1393,0.2274709302325581,0.7725290697674418,0.012203876525484566,
2026-08-15 11:53:08,UNI,Union,141,709,24,2,5,881,0.1658823529411764,0.8341176470588235,0.03518728717366629,
2026-08-15 11:53:08,VOL,Volusia,21185,28626,7960,172,946,58889,0.4253076629660115,0.5746923370339885,0.1541544261237243,
2026-08-15 11:53:08,WAK,Wakulla,960,2176,160,4,20,3320,0.3061224489795918,0.6938775510204082,0.05542168674698795,
2026-08-15 11:53:08,WAL,Walton,1033,5581,263,19,39,6935,0.1561838524342304,0.8438161475657696,0.04628695025234319,
2026-08-15 11:53:08,WAS,Washington,383,1567,59,4,8,2021,0.1964102564102564,0.8035897435897436,0.0351311232063335,
2026-08-15 12:55:50,ALA,Alachua,13223,6020,2148,68,219,21678,0.6871589668970535,0.3128410331029465,0.11232586031921764,
2026-08-15 12:55:50,BAK,Baker,380,2574,108,9,14,3085,0.1286391333784698,0.8713608666215301,0.04246353322528363,
2026-08-15 12:55:50,BAY,Bay,3586,11460,1060,42,134,16282,0.2383357703043998,0.7616642296956002,0.07591205011669327,
2026-08-15 12:55:50,BRA,Bradford,367,1226,27,0,2,1622,0.2303829252981795,0.7696170747018205,0.017879161528976572,
2026-08-15 12:55:50,BRE,Brevard,22018,32120,6452,161,785,61536,0.4067013927370793,0.5932986072629207,0.12022230889235569,
2026-08-15 12:55:50,CAL,Calhoun,311,1090,43,0,1,1445,0.2219842969307637,0.7780157030692363,0.03044982698961938,
2026-08-15 12:55:50,CHA,Charlotte,7722,15351,3083,95,471,26722,0.3346768950721622,0.6653231049278377,0.1365541501384627,
2026-08-15 12:55:50,CIT,Citrus,5547,13929,2527,81,378,22462,0.2848120764017252,0.7151879235982748,0.13293562461045322,
2026-08-15 12:55:50,CLA,Clay,4416,12244,1256,43,133,18092,0.2650660264105642,0.7349339735894358,0.07915100596948928,
2026-08-15 12:55:50,CLL,Collier,9461,25909,3798,70,428,39666,0.2674865705400056,0.7325134294599943,0.10830434124943276,
2026-08-15 12:55:50,CLM,Columbia,1802,4808,403,25,45,7083,0.2726172465960665,0.7273827534039334,0.06677961315826628,
2026-08-15 12:55:50,DES,DeSoto,499,990,0,0,0,1489,0.3351242444593687,0.6648757555406313,0.0,
2026-08-15 12:55:50,DIX,Dixie,347,1721,126,7,10,2211,0.1677949709864603,0.8322050290135397,0.06467661691542288,
2026-08-15 12:55:50,DUV,Duval,30335,24593,4621,171,521,60241,0.5522684241188465,0.4477315758811535,0.08819574708255175,
2026-08-15 12:55:50,ESC,Escambia,9432,14581,2305,73,273,26664,0.3927872402448674,0.6072127597551327,0.09942244224422442,
2026-08-15 12:55:50,FLA,Flagler,5864,9465,1782,59,189,17359,0.3825428925565921,0.6174571074434079,0.11694222017397315,
2026-08-15 12:55:50,FRA,Franklin,379,654,87,3,21,1144,0.366892545982575,0.633107454017425,0.09702797202797203,
2026-08-15 12:55:50,GAD,Gadsden,2879,797,112,6,8,3802,0.7831882480957563,0.2168117519042437,0.03314045239347712,
2026-08-15 12:55:50,GIL,Gilchrist,300,1390,84,9,12,1795,0.1775147928994082,0.8224852071005917,0.0584958217270195,
2026-08-15 12:55:50,GLA,Glades,186,607,55,2,7,857,0.2345523329129886,0.7654476670870114,0.07467911318553092,
2026-08-15 12:55:50,GUL,Gulf,432,1519,26,1,9,1987,0.221424910302409,0.7785750896975909,0.018117765475591345,
2026-08-15 12:55:50,HAM,Hamilton,325,677,31,4,6,1043,0.3243512974051896,0.6756487025948104,0.039309683604985615,
2026-08-15 12:55:50,HAR,Hardee,262,1001,38,6,7,1314,0.2074425969912905,0.7925574030087095,0.03881278538812785,
2026-08-15 12:55:50,HEN,Hendry,726,1628,164,10,12,2540,0.308411214953271,0.6915887850467289,0.07322834645669292,
2026-08-15 12:55:50,HER,Hernando,6432,10366,2130,74,230,19232,0.3829027265150613,0.6170972734849387,0.12655990016638935,
2026-08-15 12:55:50,HIG,Highlands,1958,5100,666,23,87,7834,0.2774156984981581,0.7225843015018418,0.09905539954046465,
2026-08-15 12:55:50,HIL,Hillsborough,50725,48393,14373,335,1379,115205,0.511763756330838,0.488236243669162,0.1396380365435528,
2026-08-15 12:55:50,HOL,Holmes,200,1212,39,3,2,1456,0.141643059490085,0.8583569405099151,0.03021978021978022,
2026-08-15 12:55:50,IND,Indian River,6139,11630,1814,58,278,19919,0.3454893353593337,0.6545106646406663,0.10793714543902806,
2026-08-15 12:55:50,JAC,Jackson,1210,2653,52,8,6,3929,0.3132280610924152,0.6867719389075848,0.016798167472639347,
2026-08-15 12:55:50,JEF,Jefferson,700,907,62,2,13,1684,0.4355942750466708,0.5644057249533292,0.045724465558194774,
2026-08-15 12:55:50,LAF,Lafayette,102,646,10,0,2,760,0.1363636363636363,0.8636363636363636,0.015789473684210527,
2026-08-15 12:55:50,LEE,Lee,27016,52609,12677,236,1266,93804,0.3392904238618524,0.6607095761381475,0.15115560104046735,
2026-08-15 12:55:50,LEO,Leon,17950,9345,2927,83,283,30588,0.6576296024912988,0.3423703975087012,0.10765659735844121,
2026-08-15 12:55:50,LEV,Levy,987,2730,218,21,42,3998,0.2655367231638418,0.7344632768361582,0.07028514257128564,
2026-08-15 12:55:50,LIB,Liberty,175,726,37,3,0,941,0.1942286348501664,0.8057713651498335,0.04250797024442083,
2026-08-15 12:55:50,MAD,Madison,655,1092,65,3,4,1819,0.3749284487693188,0.6250715512306811,0.03958218801539307,
2026-08-15 12:55:50,MAN,Manatee,13634,20860,1715,19,195,36423,0.3952571461703484,0.6047428538296515,0.05296104110040359,
2026-08-15 12:55:50,MRN,Marion,10789,16273,2418,69,349,29898,0.3986771118173084,0.6013228881826916,0.09485584320021406,
2026-08-15 12:55:50,MRT,Martin,5182,8360,1382,28,207,15159,0.3826613498744646,0.6173386501255353,0.1066693053631506,
2026-08-15 12:55:50,DAD,Miami-Dade,65337,48709,21943,193,1462,137644,0.5729004086070533,0.4270995913929467,0.17144227136671414,
2026-08-15 12:55:50,MON,Monroe,4163,4596,1283,46,151,10239,0.4752825665030254,0.5247174334969745,0.14454536575837484,
2026-08-15 12:55:50,NAS,Nassau,3035,8268,1332,42,209,12886,0.2685127842165796,0.7314872157834204,0.1228465000776036,
2026-08-15 12:55:50,OKA,Okaloosa,2900,9212,772,29,99,13012,0.2394319682959048,0.7605680317040951,0.06916692284045496,
2026-08-15 12:55:50,OKE,Okeechobee,510,1557,0,0,0,2067,0.2467343976777939,0.7532656023222061,0.0,
2026-08-15 12:55:50,ORA,Orange,48481,29460,12880,332,1072,92225,0.6220217857097035,0.3779782142902965,0.15488208186500407,
2026-08-15 12:55:50,OSC,Osceola,10433,8146,3487,94,246,22406,0.5615479842833306,0.4384520157166693,0.17080246362581453,
2026-08-15 12:55:50,PAL,Palm Beach,57061,33682,11115,163,1360,103381,0.628819853873026,0.371180146126974,0.12224683452471924,
2026-08-15 12:55:50,PAS,Pasco,14726,18972,4380,109,487,38674,0.436999228440857,0.563000771559143,0.12866525314164556,
2026-08-15 12:55:50,PIN,Pinellas,44359,42834,16941,368,1541,106043,0.5087449680593625,0.4912550319406374,0.1777580792697302,
2026-08-15 12:55:50,POL,Polk,17011,19941,4250,112,537,41851,0.4603539727213682,0.5396460272786318,0.11705813481159351,
2026-08-15 12:55:50,PUT,Putnam,1613,3747,236,9,20,5625,0.3009328358208955,0.6990671641791045,0.04711111111111111,
2026-08-15 12:55:50,SAN,Santa Rosa,2493,9400,696,18,105,12712,0.2096191036744303,0.7903808963255696,0.0644273127753304,
2026-08-15 12:55:50,SAR,Sarasota,24280,26815,7344,111,875,59425,0.4751932674429983,0.5248067325570016,0.14017669331089608,
2026-08-15 12:55:50,SEM,Seminole,15500,15474,4285,91,450,35800,0.5004197068509072,0.4995802931490928,0.134804469273743,
2026-08-15 12:55:50,STJ,St. Johns,9116,17802,2093,54,236,29301,0.3386581469648562,0.6613418530351438,0.08132828231118391,
2026-08-15 12:55:50,STL,St. Lucie,12945,13003,3396,90,444,29878,0.4988823801449052,0.5011176198550948,0.13153490862842224,
2026-08-15 12:55:50,SUM,Sumter,7483,19433,2280,45,248,29489,0.2780130777232872,0.7219869222767127,0.08725287395299942,
2026-08-15 12:55:50,SUW,Suwannee,831,2676,82,8,12,3609,0.2369546621043627,0.7630453378956373,0.02826267664172901,
2026-08-15 12:55:50,TAY,Taylor,314,1093,11,2,4,1424,0.2231698649609097,0.7768301350390903,0.011938202247191011,
2026-08-15 12:55:50,UNI,Union,143,728,24,2,5,902,0.1641791044776119,0.835820895522388,0.03436807095343681,
2026-08-15 12:55:50,VOL,Volusia,21839,29318,8164,173,959,60453,0.4269014993060578,0.5730985006939422,0.15377235207516582,
2026-08-15 12:55:50,WAK,Wakulla,973,2230,165,4,22,3394,0.3037777083983765,0.6962222916016235,0.056275780789628756,
2026-08-15 12:55:50,WAL,Walton,1044,5701,267,19,39,7070,0.1547813194959229,0.8452186805040771,0.04596888260254597,
2026-08-15 12:55:50,WAS,Washington,393,1623,59,4,8,2087,0.1949404761904762,0.8050595238095238,0.0340201245807379,
2026-08-15 13:53:14,ALA,Alachua,13478,6102,2176,68,221,22045,0.6883554647599591,0.3116445352400409,0.1118167384894534,
2026-08-15 13:53:14,BAK,Baker,383,2642,111,9,14,3159,0.1266115702479338,0.8733884297520661,0.04241848686293131,
2026-08-15 13:53:14,BAY,Bay,3654,11669,1073,43,136,16575,0.2384650525354043,0.7615349474645957,0.07553544494720965,
2026-08-15 13:53:14,BRA,Bradford,367,1239,27,0,2,1635,0.2285180572851805,0.7714819427148194,0.017737003058103974,
2026-08-15 13:53:14,BRE,Brevard,22757,33198,6674,168,814,63611,0.4067018139576445,0.5932981860423555,0.12035654210749713,
2026-08-15 13:53:14,CAL,Calhoun,314,1109,43,0,1,1467,0.2206605762473647,0.7793394237526353,0.029993183367416496,
2026-08-15 13:53:14,CHA,Charlotte,7753,15477,3100,96,473,26899,0.333749461902712,0.666250538097288,0.13639912264396445,
2026-08-15 13:53:14,CIT,Citrus,5587,14050,2538,82,381,22638,0.2845139277893772,0.7154860722106228,0.13256471419736726,
2026-08-15 13:53:14,CLA,Clay,4498,12543,1270,44,140,18495,0.2639516460301625,0.7360483539698375,0.07861584211949176,
2026-08-15 13:53:14,CLL,Collier,9543,26260,3821,70,432,40126,0.2665419098958188,0.7334580901041812,0.10773563275681602,
2026-08-15 13:53:14,CLM,Columbia,1825,4888,411,25,45,7194,0.2718605690451363,0.7281394309548637,0.06686127328329163,
2026-08-15 13:53:14,DES,DeSoto,504,1003,0,0,0,1507,0.3344392833443928,0.6655607166556071,0.0,
2026-08-15 13:53:14,DIX,Dixie,350,1742,126,7,10,2235,0.1673040152963671,0.8326959847036329,0.06398210290827741,
2026-08-15 13:53:14,DUV,Duval,31016,25271,4712,175,530,61704,0.5510330982287207,0.4489669017712793,0.08779009464540387,
2026-08-15 13:53:14,ESC,Escambia,9572,14840,2334,74,275,27095,0.3921022447976405,0.6078977552023594,0.09902195977117549,
2026-08-15 13:53:14,FLA,Flagler,5972,9707,1818,59,190,17746,0.3808916384973531,0.6191083615026468,0.11647695255268793,
2026-08-15 13:53:14,FRA,Franklin,381,663,87,3,21,1155,0.3649425287356322,0.6350574712643678,0.09610389610389611,
2026-08-15 13:53:14,GAD,Gadsden,2950,816,115,7,8,3896,0.7833244822092406,0.2166755177907594,0.033367556468172486,
2026-08-15 13:53:14,GIL,Gilchrist,303,1410,84,9,12,1818,0.1768826619964973,0.8231173380035026,0.057755775577557754,
2026-08-15 13:53:14,GLA,Glades,188,612,55,2,7,864,0.235,0.765,0.07407407407407407,
2026-08-15 13:53:14,GUL,Gulf,442,1549,29,1,9,2030,0.2219989954796584,0.7780010045203415,0.01921182266009852,
2026-08-15 13:53:14,HAM,Hamilton,330,683,31,4,6,1054,0.3257650542941757,0.6742349457058243,0.03889943074003795,
2026-08-15 13:53:14,HAR,Hardee,267,1011,38,6,7,1329,0.2089201877934272,0.7910798122065728,0.03837471783295711,
2026-08-15 13:53:14,HEN,Hendry,740,1648,164,10,12,2574,0.3098827470686767,0.6901172529313233,0.07226107226107226,
2026-08-15 13:53:14,HER,Hernando,6496,10524,2143,74,233,19470,0.381668625146886,0.618331374853114,0.1258346173600411,
2026-08-15 13:53:14,HIG,Highlands,1969,5166,671,23,90,7919,0.2759635599159075,0.7240364400840925,0.09900239929284001,
2026-08-15 13:53:14,HIL,Hillsborough,51205,48795,14438,336,1383,116157,0.51205,0.48795,0.13909622321513124,
2026-08-15 13:53:14,HOL,Holmes,201,1235,39,3,2,1480,0.1399721448467966,0.8600278551532033,0.02972972972972973,
2026-08-15 13:53:14,IND,Indian River,6189,11769,1820,59,279,20116,0.3446374874707651,0.6553625125292348,0.10727778882481606,
2026-08-15 13:53:14,JAC,Jackson,1245,2752,57,8,6,4068,0.3114836127095322,0.6885163872904678,0.017453294001966567,
2026-08-15 13:53:14,JEF,Jefferson,710,925,62,2,13,1712,0.4342507645259938,0.5657492354740061,0.04497663551401869,
2026-08-15 13:53:14,LAF,Lafayette,105,654,10,0,2,771,0.1383399209486166,0.8616600790513834,0.01556420233463035,
2026-08-15 13:53:14,LAK,Lake,10633,15774,3114,58,309,29888,0.4026583860340061,0.5973416139659938,0.116468147751606,
2026-08-15 13:53:14,LEE,Lee,27239,53216,12767,239,1269,94730,0.3385619290286495,0.6614380709713504,0.15069143882613745,
2026-08-15 13:53:14,LEO,Leon,18444,9599,3018,84,291,31436,0.6577042399172699,0.3422957600827301,0.10793357933579335,
2026-08-15 13:53:14,LEV,Levy,997,2756,218,21,42,4034,0.265654143351985,0.7343458566480149,0.06965790778383739,
2026-08-15 13:53:14,LIB,Liberty,181,744,38,3,0,966,0.1956756756756756,0.8043243243243243,0.042443064182194616,
2026-08-15 13:53:14,MAD,Madison,675,1137,67,3,4,1886,0.3725165562913907,0.6274834437086093,0.03923647932131495,
2026-08-15 13:53:14,MAN,Manatee,13717,21082,1724,19,197,36739,0.3941779936205063,0.6058220063794937,0.05280492120090367,
2026-08-15 13:53:14,MRN,Marion,10878,16503,2438,69,349,30237,0.3972827873342829,0.6027172126657171,0.09445381486258557,
2026-08-15 13:53:14,MRT,Martin,5250,8516,1399,28,207,15400,0.3813744006973703,0.6186255993026296,0.1061038961038961,
2026-08-15 13:53:14,DAD,Miami-Dade,65854,49189,22057,195,1468,138763,0.5724294394269969,0.4275705605730031,0.17093893905435886,
2026-08-15 13:53:14,MON,Monroe,4213,4652,1298,46,156,10365,0.4752397067117879,0.524760293288212,0.1447178002894356,
2026-08-15 13:53:14,NAS,Nassau,3078,8386,1347,42,209,13062,0.2684926727145847,0.7315073272854152,0.1223396110855918,
2026-08-15 13:53:14,OKA,Okaloosa,2940,9390,783,31,100,13244,0.2384428223844282,0.7615571776155717,0.06901238296587134,
2026-08-15 13:53:14,OKE,Okeechobee,515,1582,0,0,0,2097,0.245588936576061,0.7544110634239389,0.0,
2026-08-15 13:53:14,ORA,Orange,49310,29950,13103,338,1091,93792,0.6221296997224325,0.3778703002775675,0.15493858751279427,
2026-08-15 13:53:14,OSC,Osceola,10516,8231,3503,94,247,22591,0.5609430842268096,0.4390569157731904,0.17015625691647115,
2026-08-15 13:53:14,PAL,Palm Beach,57437,34015,11158,167,1364,104141,0.6280562480864279,0.3719437519135721,0.12184442246569555,
2026-08-15 13:53:14,PAS,Pasco,14997,19289,4498,112,501,39397,0.4374088549262089,0.562591145073791,0.12973069015407265,
2026-08-15 13:53:14,PIN,Pinellas,44475,42959,16964,368,1543,106309,0.5086693963446715,0.4913306036553286,0.17754846720409373,
2026-08-15 13:53:14,POL,Polk,17201,20223,4290,113,540,42367,0.4596248396750748,0.5403751603249252,0.11667099393395804,
2026-08-15 13:53:14,PUT,Putnam,1625,3809,238,10,20,5702,0.2990430622009569,0.7009569377990431,0.04700105226236408,
2026-08-15 13:53:14,SAN,Santa Rosa,2516,9566,700,20,105,12907,0.2082436682668432,0.7917563317331567,0.06391880374990315,
2026-08-15 13:53:14,SAR,Sarasota,24397,27073,7375,114,879,59838,0.4740042743345638,0.5259957256654362,0.13984424613122096,
2026-08-15 13:53:14,SEM,Seminole,15795,15772,4367,95,455,36484,0.5003643044952006,0.4996356955047993,0.13477140664400833,
2026-08-15 13:53:14,STJ,St. Johns,9359,18224,2148,55,238,30024,0.339303193996302,0.660696806003698,0.08130162536637357,
2026-08-15 13:53:14,STL,St. Lucie,13348,13536,3579,94,459,31016,0.4965034965034965,0.5034965034965035,0.13322156306422492,
2026-08-15 13:53:14,SUM,Sumter,7520,19624,2286,45,249,29724,0.2770409666961391,0.7229590333038609,0.08679854662898667,
2026-08-15 13:53:14,SUW,Suwannee,842,2725,83,8,12,3670,0.2360527053546397,0.7639472946453603,0.02806539509536785,
2026-08-15 13:53:14,TAY,Taylor,320,1120,11,2,4,1457,0.2222222222222222,0.7777777777777778,0.011667810569663692,
2026-08-15 13:53:14,UNI,Union,148,745,24,2,5,924,0.1657334826427771,0.8342665173572228,0.03354978354978355,
2026-08-15 13:53:14,VOL,Volusia,22009,29678,8224,174,963,61048,0.4258130671155223,0.5741869328844778,0.15333835670292228,
2026-08-15 13:53:14,WAK,Wakulla,989,2254,169,4,22,3438,0.3049645390070922,0.6950354609929078,0.056719022687609075,
2026-08-15 13:53:14,WAL,Walton,1052,5808,277,19,39,7195,0.1533527696793002,0.8466472303206997,0.046560111188325225,
2026-08-15 13:53:14,WAS,Washington,397,1652,62,4,8,2123,0.1937530502684236,0.8062469497315764,0.03485633537447009,
2026-08-15 15:00:09,ALA,Alachua,13782,6208,2209,68,224,22491,0.6894447223611806,0.3105552776388194,0.11120003556978347,
2026-08-15 15:00:09,BAK,Baker,388,2698,111,9,14,3220,0.1257290991574854,0.8742709008425146,0.04161490683229813,
2026-08-15 15:00:09,BAY,Bay,3705,11959,1088,45,138,16935,0.2365296220633299,0.76347037793667,0.07505166814289932,
2026-08-15 15:00:09,BRA,Bradford,372,1268,27,0,2,1669,0.2268292682926829,0.7731707317073171,0.01737567405632115,
2026-08-15 15:00:09,BRE,Brevard,23123,33706,6750,173,826,64578,0.4068873286526245,0.5931126713473754,0.1199944253460931,
2026-08-15 15:00:09,CAL,Calhoun,318,1124,43,0,1,1486,0.2205270457697642,0.7794729542302358,0.029609690444145357,
2026-08-15 15:00:09,CHA,Charlotte,7785,15608,3105,96,474,27068,0.3327918608130637,0.6672081391869362,0.1357691739323186,
2026-08-15 15:00:09,CIT,Citrus,5641,14210,2555,86,383,22875,0.2841670444813863,0.7158329555186137,0.13219672131147542,
2026-08-15 15:00:09,CLA,Clay,4663,12967,1315,45,148,19138,0.2644923425978446,0.7355076574021554,0.07879611244644164,
2026-08-15 15:00:09,CLL,Collier,9611,26612,3840,72,432,40567,0.2653286585870855,0.7346713414129145,0.10708211107550472,
2026-08-15 15:00:09,CLM,Columbia,1854,4972,413,25,45,7309,0.2716085555230003,0.7283914444769997,0.0660829114789985,
2026-08-15 15:00:09,DES,DeSoto,507,1012,0,0,0,1519,0.3337722185648453,0.6662277814351547,0.0,
2026-08-15 15:00:09,DIX,Dixie,351,1748,129,8,10,2246,0.1672224868985231,0.8327775131014769,0.06544968833481746,
2026-08-15 15:00:09,DUV,Duval,32084,25868,4806,178,534,63470,0.5536305908337935,0.4463694091662065,0.08693871120214275,
2026-08-15 15:00:09,ESC,Escambia,9695,15087,2357,76,276,27491,0.3912113630861109,0.6087886369138891,0.09854134080244444,
2026-08-15 15:00:09,FLA,Flagler,6078,9919,1845,59,193,18094,0.379946239919985,0.620053760080015,0.11589477174754062,
2026-08-15 15:00:09,FRA,Franklin,389,669,89,3,21,1171,0.3676748582230624,0.6323251417769377,0.09649871904355252,
2026-08-15 15:00:09,GAD,Gadsden,3003,832,119,9,8,3971,0.7830508474576271,0.2169491525423728,0.034248300176278015,
2026-08-15 15:00:09,GIL,Gilchrist,304,1434,84,9,12,1843,0.1749136939010356,0.8250863060989643,0.05697232772653283,
2026-08-15 15:00:09,GLA,Glades,189,617,55,2,7,870,0.2344913151364764,0.7655086848635235,0.0735632183908046,
2026-08-15 15:00:09,GUL,Gulf,454,1575,29,1,9,2068,0.2237555446032528,0.7762444553967471,0.018858800773694392,
2026-08-15 15:00:09,HAM,Hamilton,330,691,31,4,6,1062,0.3232125367286974,0.6767874632713027,0.038606403013182675,
2026-08-15 15:00:09,HAR,Hardee,270,1028,39,6,7,1350,0.2080123266563944,0.7919876733436055,0.03851851851851852,
2026-08-15 15:00:09,HEN,Hendry,747,1672,165,11,12,2607,0.3088052914427449,0.6911947085572551,0.07211354046797085,
2026-08-15 15:00:09,HER,Hernando,6551,10685,2165,78,238,19717,0.380076583894175,0.619923416105825,0.12583050159760611,
2026-08-15 15:00:09,HIG,Highlands,1978,5227,676,23,89,7993,0.274531575294934,0.7254684247050659,0.0985862629801076,
2026-08-15 15:00:09,HIL,Hillsborough,51730,49215,14535,338,1389,117207,0.5124572787161326,0.4875427212838674,0.1387459793357052,
2026-08-15 15:00:09,HOL,Holmes,203,1279,40,3,2,1527,0.1369770580296896,0.8630229419703104,0.029469548133595286,
2026-08-15 15:00:09,IND,Indian River,6234,11915,1828,59,280,20316,0.3434899994490054,0.6565100005509945,0.10666469777515258,
2026-08-15 15:00:09,JAC,Jackson,1270,2840,58,8,6,4182,0.3090024330900243,0.6909975669099757,0.01721664275466284,
2026-08-15 15:00:09,JEF,Jefferson,722,946,63,2,13,1746,0.4328537170263788,0.5671462829736211,0.044673539518900345,
2026-08-15 15:00:09,LAF,Lafayette,105,664,10,0,2,781,0.1365409622886866,0.8634590377113134,0.015364916773367477,
2026-08-15 15:00:09,LAK,Lake,10719,15879,3135,58,312,30103,0.4030002255808707,0.5969997744191292,0.11643357804869947,
2026-08-15 15:00:09,LEE,Lee,27364,53659,12816,242,1277,95358,0.3377312614936499,0.66226873850635,0.15032823674993184,
2026-08-15 15:00:09,LEO,Leon,18726,9767,3056,87,295,31931,0.6572140525743165,0.3427859474256835,0.10766966271021891,
2026-08-15 15:00:09,LEV,Levy,1014,2804,221,21,43,4103,0.2655840754321634,0.7344159245678366,0.06946136972946625,
2026-08-15 15:00:09,LIB,Liberty,183,770,38,3,0,994,0.19202518363064,0.8079748163693599,0.04124748490945674,
2026-08-15 15:00:09,MAD,Madison,700,1193,67,3,4,1967,0.369783412572636,0.630216587427364,0.03762074224707677,
2026-08-15 15:00:09,MAN,Manatee,13824,21320,1726,19,197,37086,0.3933530616890507,0.6066469383109493,0.05236477376907728,
2026-08-15 15:00:09,MRN,Marion,10965,16775,2444,70,350,30604,0.3952775775054074,0.6047224224945926,0.09358253823029669,
2026-08-15 15:00:09,MRT,Martin,5312,8667,1418,28,211,15636,0.3799985692824951,0.6200014307175048,0.10597339473011,
2026-08-15 15:00:09,DAD,Miami-Dade,66431,49733,22195,197,1479,140035,0.5718725250507902,0.4281274749492097,0.1704645267254615,
2026-08-15 15:00:09,MON,Monroe,4254,4708,1314,46,157,10479,0.4746708324034813,0.5253291675965186,0.14476572192003054,
2026-08-15 15:00:09,NAS,Nassau,3113,8535,1358,43,211,13260,0.2672561813186813,0.7327438186813187,0.12156862745098039,
2026-08-15 15:00:09,OKA,Okaloosa,2979,9636,801,32,101,13549,0.2361474435196195,0.7638525564803805,0.06893497675105174,
2026-08-15 15:00:09,OKE,Okeechobee,521,1602,0,0,0,2123,0.245407442298634,0.754592557701366,0.0,
2026-08-15 15:00:09,ORA,Orange,50307,30472,13349,342,1107,95577,0.6227732455217322,0.3772267544782678,0.1548280444039884,
2026-08-15 15:00:09,OSC,Osceola,10609,8314,3525,94,248,22790,0.5606404904084976,0.4393595095915024,0.16967968407196138,
2026-08-15 15:00:09,PAL,Palm Beach,57849,34353,11232,168,1370,104972,0.6274158911954187,0.3725841088045812,0.12165148801585185,
2026-08-15 15:00:09,PAS,Pasco,15194,19603,4529,114,507,39947,0.4366468373710377,0.5633531626289623,0.12892082008661476,
2026-08-15 15:00:09,PIN,Pinellas,44616,43080,16995,369,1545,106605,0.5087575259989053,0.4912424740010946,0.17737441958632336,
2026-08-15 15:00:09,POL,Polk,17358,20421,4314,114,541,42748,0.4594616056539347,0.5405383943460653,0.11623935622719192,
2026-08-15 15:00:09,PUT,Putnam,1640,3857,239,10,21,5767,0.2983445515735856,0.7016554484264144,0.0468181029998266,
2026-08-15 15:00:09,SAN,Santa Rosa,2546,9728,707,20,107,13108,0.2074303405572755,0.7925696594427245,0.06362526701251145,
2026-08-15 15:00:09,SAR,Sarasota,24553,27289,7409,115,881,60247,0.4736121291616836,0.5263878708383164,0.13950902119607617,
2026-08-15 15:00:09,SEM,Seminole,16081,16045,4431,96,460,37113,0.5005602938429932,0.4994397061570068,0.13437340015627947,
2026-08-15 15:00:09,STJ,St. Johns,9642,18709,2210,57,245,30863,0.3400938238510105,0.6599061761489895,0.08139195800797071,
2026-08-15 15:00:09,STL,St. Lucie,13517,13704,3615,96,464,31396,0.4965651519047794,0.5034348480952207,0.13297872340425532,
2026-08-15 15:00:09,SUM,Sumter,7558,19848,2299,45,251,30001,0.2757790264905495,0.7242209735094505,0.08649711676277458,
2026-08-15 15:00:09,SUW,Suwannee,846,2777,85,8,12,3728,0.233508142423406,0.766491857576594,0.028165236051502146,
2026-08-15 15:00:09,TAY,Taylor,325,1147,11,2,5,1490,0.2207880434782608,0.7792119565217391,0.012080536912751677,
2026-08-15 15:00:09,UNI,Union,150,762,24,2,5,943,0.1644736842105263,0.8355263157894737,0.032873806998939555,
2026-08-15 15:00:09,VOL,Volusia,22245,30032,8287,175,964,61703,0.4255217399621248,0.5744782600378752,0.15276404712898886,
2026-08-15 15:00:09,WAK,Wakulla,1008,2303,175,4,22,3512,0.3044397463002114,0.6955602536997886,0.05723234624145786,
2026-08-15 15:00:09,WAL,Walton,1067,5976,282,21,40,7386,0.1514979412182308,0.8485020587817691,0.04643920931492012,
2026-08-15 15:00:09,WAS,Washington,408,1695,63,4,8,2178,0.1940085592011412,0.8059914407988588,0.03443526170798898,
2026-08-15 15:51:13,ALA,Alachua,13969,6269,2231,68,226,22763,0.6902361893467734,0.3097638106532266,0.11092562491762949,
2026-08-15 15:51:13,BAK,Baker,397,2732,112,9,14,3264,0.1268775966762544,0.8731224033237456,0.04136029411764706,
2026-08-15 15:51:13,BAY,Bay,3748,12122,1100,47,138,17155,0.2361688720856962,0.7638311279143037,0.07490527542990381,
2026-08-15 15:51:13,BRA,Bradford,373,1273,27,0,2,1675,0.2266099635479951,0.7733900364520049,0.017313432835820895,
2026-08-15 15:51:13,BRE,Brevard,23486,34255,6840,177,836,65594,0.4067473718847958,0.5932526281152041,0.11972131597402201,
2026-08-15 15:51:13,CAL,Calhoun,324,1137,43,0,1,1505,0.2217659137577002,0.7782340862422998,0.029235880398671095,
2026-08-15 15:51:13,CHA,Charlotte,7803,15676,3115,96,475,27165,0.3323395374590059,0.6676604625409941,0.1356893060923983,
2026-08-15 15:51:13,CIT,Citrus,5664,14325,2575,86,385,23035,0.2833558457151433,0.7166441542848566,0.13223355762969394,
2026-08-15 15:51:13,CLA,Clay,4803,13239,1334,46,151,19573,0.2662121715996009,0.733787828400399,0.0782199969345527,
2026-08-15 15:51:13,CLL,Collier,9668,26825,3854,72,432,40851,0.2649275203463678,0.7350724796536322,0.1066803750214193,
2026-08-15 15:51:13,CLM,Columbia,1886,5055,417,25,45,7428,0.2717187725111655,0.7282812274888345,0.06556273559504577,
2026-08-15 15:51:13,DES,DeSoto,507,1017,0,0,0,1524,0.3326771653543307,0.6673228346456693,0.0,
2026-08-15 15:51:13,DIX,Dixie,353,1762,131,8,10,2264,0.166903073286052,0.833096926713948,0.06581272084805653,
2026-08-15 15:51:13,DUV,Duval,32798,26199,4949,184,552,64682,0.5559265725375867,0.4440734274624133,0.08789153087412263,
2026-08-15 15:51:13,ESC,Escambia,9788,15245,2377,76,277,27763,0.3910038748851516,0.6089961251148484,0.0983323127904045,
2026-08-15 15:51:13,FLA,Flagler,6236,10115,1886,60,193,18490,0.3813834016268118,0.6186165983731882,0.11568415359653866,
2026-08-15 15:51:13,FRA,Franklin,389,675,89,3,21,1177,0.3656015037593985,0.6343984962406015,0.09600679694137638,
2026-08-15 15:51:13,GAD,Gadsden,3021,842,120,9,8,4000,0.7820346880662697,0.2179653119337302,0.03425,
2026-08-15 15:51:13,GIL,Gilchrist,306,1446,85,9,12,1858,0.1746575342465753,0.8253424657534246,0.05705059203444564,
2026-08-15 15:51:13,GLA,Glades,190,618,55,2,7,872,0.2351485148514851,0.7648514851485149,0.07339449541284404,
2026-08-15 15:51:13,GUL,Gulf,459,1597,29,1,9,2095,0.2232490272373541,0.7767509727626459,0.018615751789976133,
2026-08-15 15:51:13,HAM,Hamilton,333,698,31,4,6,1072,0.3229873908826382,0.6770126091173618,0.03824626865671642,
2026-08-15 15:51:13,HAR,Hardee,271,1041,39,6,7,1364,0.2065548780487804,0.7934451219512195,0.03812316715542522,
2026-08-15 15:51:13,HEN,Hendry,753,1694,166,12,12,2637,0.3077237433592154,0.6922762566407846,0.0720515737580584,
2026-08-15 15:51:13,HER,Hernando,6592,10778,2182,78,240,19870,0.3795048934945308,0.6204951065054692,0.12581781580271767,
2026-08-15 15:51:13,HIG,Highlands,1995,5270,679,23,90,8057,0.2746042670337233,0.7253957329662767,0.09829961524140499,
2026-08-15 15:51:13,HIL,Hillsborough,52055,49471,14568,338,1393,117825,0.5127258042274885,0.4872741957725114,0.1383322724379376,
2026-08-15 15:51:13,HOL,Holmes,203,1291,40,3,2,1539,0.1358768406961178,0.8641231593038822,0.029239766081871343,
2026-08-15 15:51:13,IND,Indian River,6296,12054,1841,59,280,20530,0.3431062670299727,0.6568937329700273,0.10618606916707257,
2026-08-15 15:51:13,JAC,Jackson,1278,2861,59,8,6,4212,0.3087702343561246,0.6912297656438753,0.017331433998100665,
2026-08-15 15:51:13,JEF,Jefferson,727,958,63,2,14,1764,0.4314540059347181,0.568545994065282,0.04478458049886622,
2026-08-15 15:51:13,LAF,Lafayette,107,676,10,0,2,795,0.1366538952745849,0.8633461047254151,0.01509433962264151,
2026-08-15 15:51:13,LAK,Lake,10803,15943,3169,58,314,30287,0.4039108651761011,0.5960891348238989,0.11691484795456797,
2026-08-15 15:51:13,LEE,Lee,27525,54015,12874,242,1282,95938,0.3375643855776306,0.6624356144223694,0.15007609080864726,
2026-08-15 15:51:13,LEO,Leon,18924,9890,3082,87,298,32281,0.6567640730200597,0.3432359269799403,0.107400638146278,
2026-08-15 15:51:13,LEV,Levy,1019,2820,221,21,43,4124,0.2654337066944516,0.7345662933055483,0.06910766246362754,
2026-08-15 15:51:13,LIB,Liberty,188,794,39,3,0,1024,0.1914460285132382,0.8085539714867617,0.041015625,
2026-08-15 15:51:13,MAN,Manatee,13880,21490,1728,20,197,37315,0.3924229573084535,0.6075770426915466,0.0521238107999464,
2026-08-15 15:51:13,MRN,Marion,11024,16966,2450,71,352,30863,0.3938549481957842,0.6061450518042157,0.09308881184589962,
2026-08-15 15:51:13,MRT,Martin,5346,8749,1425,28,213,15761,0.3792834338417878,0.6207165661582121,0.10570395279487342,
2026-08-15 15:51:13,DAD,Miami-Dade,66896,50189,22304,198,1486,141073,0.5713456036213007,0.4286543963786992,0.1700396248750647,
2026-08-15 15:51:13,MON,Monroe,4270,4744,1321,46,158,10539,0.4737075660084313,0.5262924339915687,0.1447006357339406,
2026-08-15 15:51:13,NAS,Nassau,3130,8645,1364,43,213,13395,0.2658174097664543,0.7341825902335456,0.12094064949608063,
2026-08-15 15:51:13,OKA,Okaloosa,3006,9730,813,32,102,13683,0.2360238693467336,0.7639761306532663,0.06920996857414309,
2026-08-15 15:51:13,OKE,Okeechobee,521,1620,0,0,0,2141,0.2433442316674451,0.7566557683325549,0.0,
2026-08-15 15:51:13,ORA,Orange,50667,30674,13441,342,1111,96235,0.6228962024071502,0.3771037975928498,0.1547669766716891,
2026-08-15 15:51:13,OSC,Osceola,10653,8366,3533,94,250,22896,0.5601240864398759,0.439875913560124,0.16933088749126485,
2026-08-15 15:51:13,PAL,Palm Beach,58862,34990,11446,171,1393,106862,0.6271789626220006,0.3728210373779994,0.12174580299825943,
2026-08-15 15:51:13,PAS,Pasco,15312,19770,4558,115,509,40264,0.4364631434923892,0.5635368565076108,0.12870057619709915,
2026-08-15 15:51:13,PIN,Pinellas,44687,43175,17020,369,1546,106797,0.5086044023582436,0.4913955976417564,0.17729898779928274,
2026-08-15 15:51:13,POL,Polk,17472,20512,4335,114,541,42974,0.4599831508003369,0.540016849199663,0.11611672173872574,
2026-08-15 15:51:13,PUT,Putnam,1657,3888,240,10,23,5818,0.2988277727682596,0.7011722272317403,0.04692334135441732,
2026-08-15 15:51:13,SAN,Santa Rosa,2568,9848,714,20,107,13257,0.2068298969072164,0.7931701030927835,0.06343818360111639,
2026-08-15 15:51:13,SAR,Sarasota,24645,27429,7435,117,884,60510,0.4732688097707109,0.526731190229289,0.13941497273177988,
2026-08-15 15:51:13,SEM,Seminole,16409,16381,4483,98,463,37834,0.5004269594388533,0.4995730405611467,0.13331923666543322,
2026-08-15 15:51:13,STJ,St. Johns,9767,18961,2240,59,246,31273,0.3399818991924255,0.6600181008075745,0.08138010424327695,
2026-08-15 15:51:13,STL,St. Lucie,13653,13832,3643,96,468,31692,0.49674367837002,0.50325632162998,0.13274643443140224,
2026-08-15 15:51:13,SUM,Sumter,7580,19973,2305,45,254,30157,0.2751061590389431,0.7248938409610569,0.08634811154955732,
2026-08-15 15:51:13,SUW,Suwannee,855,2814,86,8,12,3775,0.2330335241210139,0.7669664758789861,0.0280794701986755,
2026-08-15 15:51:13,TAY,Taylor,330,1173,11,2,5,1521,0.2195608782435129,0.780439121756487,0.011834319526627219,
2026-08-15 15:51:13,UNI,Union,151,773,24,2,5,955,0.1634199134199134,0.8365800865800865,0.032460732984293195,
2026-08-15 15:51:13,VOL,Volusia,22393,30245,8322,175,969,62104,0.4254150993578783,0.5745849006421216,0.15242174417106788,
2026-08-15 15:51:13,WAK,Wakulla,1026,2354,175,4,22,3581,0.3035502958579881,0.6964497041420118,0.05612957274504329,
2026-08-15 15:51:13,WAL,Walton,1080,6080,283,22,40,7505,0.1508379888268156,0.8491620111731844,0.04596935376415723,
2026-08-15 15:51:13,WAS,Washington,412,1726,63,4,8,2213,0.1927034611786716,0.8072965388213283,0.03389064618165386,
2026-08-15 16:55:08,ALA,Alachua,14189,6355,2252,69,227,23092,0.6906639408099688,0.3093360591900311,0.1103412437207691,
2026-08-15 16:55:08,BAK,Baker,401,2780,113,9,14,3317,0.1260609871109713,0.8739390128890286,0.041000904431715404,
2026-08-15 16:55:08,BAY,Bay,3784,12324,1110,48,141,17407,0.2349143282840824,0.7650856717159176,0.07462515080140174,
2026-08-15 16:55:08,BRA,Bradford,374,1284,27,0,2,1687,0.2255729794933655,0.7744270205066345,0.017190278601066984,
2026-08-15 16:55:08,BRE,Brevard,23522,34310,6852,177,839,65700,0.4067298381518882,0.5932701618481118,0.11975646879756469,
2026-08-15 16:55:08,CAL,Calhoun,326,1148,45,0,1,1520,0.2211668928086838,0.7788331071913162,0.030263157894736843,
2026-08-15 16:55:08,CHA,Charlotte,7825,15761,3120,96,475,27277,0.3317646061222759,0.6682353938777241,0.1353154672434652,
2026-08-15 16:55:08,CIT,Citrus,5692,14426,2582,86,390,23176,0.2829307088179739,0.717069291182026,0.13194684156023473,
2026-08-15 16:55:08,CLA,Clay,4900,13441,1359,46,152,19898,0.2671610053977427,0.7328389946022572,0.07824907025831741,
2026-08-15 16:55:08,CLL,Collier,9711,27052,3883,73,433,41152,0.2641514566275875,0.7358485433724125,0.10665338258164853,
2026-08-15 16:55:08,CLM,Columbia,1909,5109,418,25,45,7506,0.2720148190367626,0.7279851809632374,0.0650146549427125,
2026-08-15 16:55:08,DES,DeSoto,511,1022,0,0,0,1533,0.3333333333333333,0.6666666666666666,0.0,
2026-08-15 16:55:08,DIX,Dixie,355,1787,132,8,10,2292,0.1657329598506069,0.8342670401493931,0.06544502617801047,
2026-08-15 16:55:08,DUV,Duval,33288,26499,5003,186,558,65534,0.5567765567765568,0.4432234432234432,0.08769493697927794,
2026-08-15 16:55:08,ESC,Escambia,9884,15404,2397,77,277,28039,0.3908573236317621,0.6091426763682379,0.0981133421306038,
2026-08-15 16:55:08,FLA,Flagler,6343,10258,1925,60,194,18780,0.3820854165411722,0.6179145834588278,0.11602768903088392,
2026-08-15 16:55:08,FRA,Franklin,397,681,89,3,21,1191,0.3682745825602968,0.6317254174397031,0.0948782535684299,
2026-08-15 16:55:08,GAD,Gadsden,3060,860,121,9,8,4058,0.7806122448979592,0.2193877551020408,0.03400689995071464,
2026-08-15 16:55:08,GIL,Gilchrist,309,1466,85,9,12,1881,0.1740845070422535,0.8259154929577465,0.05635300372142477,
2026-08-15 16:55:08,GLA,Glades,202,633,56,2,7,900,0.2419161676646706,0.7580838323353294,0.07222222222222222,
2026-08-15 16:55:08,GUL,Gulf,477,1627,30,1,9,2144,0.2267110266159696,0.7732889733840305,0.018656716417910446,
2026-08-15 16:55:08,HAM,Hamilton,336,704,32,4,6,1082,0.3230769230769231,0.676923076923077,0.038817005545286505,
2026-08-15 16:55:08,HAR,Hardee,271,1049,39,6,7,1372,0.2053030303030303,0.7946969696969697,0.037900874635568516,
2026-08-15 16:55:08,HEN,Hendry,756,1713,166,13,12,2660,0.3061968408262454,0.6938031591737546,0.07180451127819548,
2026-08-15 16:55:08,HER,Hernando,6640,10895,2199,78,243,20055,0.3786712289706301,0.6213287710293698,0.1256544502617801,
2026-08-15 16:55:08,HIG,Highlands,2003,5303,684,23,91,8104,0.2741582261155215,0.7258417738844785,0.09846989141164857,
2026-08-15 16:55:08,HIL,Hillsborough,52412,49757,14628,340,1399,118536,0.5129931779698343,0.4870068220301657,0.1380761962610515,
2026-08-15 16:55:08,HOL,Holmes,206,1316,41,3,2,1568,0.1353482260183968,0.8646517739816032,0.029336734693877552,
2026-08-15 16:55:08,IND,Indian River,6297,12060,1841,59,280,20537,0.3430299068475241,0.6569700931524759,0.10614987583386083,
2026-08-15 16:55:08,JAC,Jackson,1295,2903,59,8,6,4271,0.308480228680324,0.691519771319676,0.0170920159213299,
2026-08-15 16:55:08,JEF,Jefferson,748,981,64,2,15,1810,0.43262001156738,0.56737998843262,0.044751381215469614,
2026-08-15 16:55:08,LAF,Lafayette,107,690,10,0,2,809,0.1342534504391468,0.8657465495608532,0.014833127317676144,
2026-08-15 16:55:08,LAK,Lake,10843,15974,3181,58,317,30373,0.4043330723048812,0.5956669276951188,0.11707766766536068,
2026-08-15 16:55:08,LEE,Lee,27651,54280,12925,245,1283,96384,0.3374913036579561,0.6625086963420439,0.1499522742363878,
2026-08-15 16:55:08,LEO,Leon,19144,9987,3110,88,300,32629,0.6571693385053723,0.3428306614946277,0.10720524686628459,
2026-08-15 16:55:08,LEV,Levy,1024,2833,221,21,43,4142,0.2654913144931293,0.7345086855068707,0.06880733944954129,
2026-08-15 16:55:08,MAN,Manatee,13929,21641,1730,20,197,37517,0.391594039921282,0.608405960078718,0.051896473598635286,
2026-08-15 16:55:08,MRN,Marion,11081,17125,2461,72,352,31091,0.3928596752464015,0.6071403247535985,0.09279212633881187,
2026-08-15 16:55:08,MRT,Martin,5393,8849,1443,28,215,15928,0.3786687263024856,0.6213312736975144,0.10585133098945254,
2026-08-15 16:55:08,DAD,Miami-Dade,67023,50270,22324,199,1488,141304,0.5714151739660508,0.4285848260339491,0.16992441827549115,
2026-08-15 16:55:08,MON,Monroe,4301,4768,1335,46,158,10608,0.4742529496085566,0.5257470503914434,0.145079185520362,
2026-08-15 16:55:08,NAS,Nassau,3166,8757,1373,44,215,13555,0.2655371970141743,0.7344628029858257,0.12039837698266323,
2026-08-15 16:55:08,OKA,Okaloosa,3035,9869,819,33,102,13858,0.2351983880967142,0.7648016119032858,0.06884110261220955,
2026-08-15 16:55:08,OKE,Okeechobee,521,1637,0,0,0,2158,0.2414272474513438,0.7585727525486562,0.0,
2026-08-15 16:55:08,ORA,Orange,51071,30872,13539,344,1117,96943,0.6232503081410249,0.3767496918589751,0.15473009913041685,
2026-08-15 16:55:08,OSC,Osceola,10966,8560,3602,94,261,23483,0.5616101608112261,0.4383898391887739,0.16850487586764895,
2026-08-15 16:55:08,PAL,Palm Beach,60648,35967,11753,176,1435,109979,0.6277286135693215,0.3722713864306785,0.12151410723865465,
2026-08-15 16:55:08,PAS,Pasco,15448,19988,4589,117,513,40655,0.4359408511118636,0.5640591488881364,0.12837289386299347,
2026-08-15 16:55:08,PIN,Pinellas,44790,43254,17041,370,1546,107001,0.5087229112716369,0.491277088728363,0.17716656853674265,
2026-08-15 16:55:08,POL,Polk,17571,20604,4347,114,542,43178,0.4602750491159135,0.5397249508840865,0.11586919264440224,
2026-08-15 16:55:08,PUT,Putnam,1671,3911,241,10,23,5856,0.299355069867431,0.700644930132569,0.0467896174863388,
2026-08-15 16:55:08,SAN,Santa Rosa,2594,10009,718,21,107,13449,0.205824010156312,0.794175989843688,0.06290430515279946,
2026-08-15 16:55:08,SAR,Sarasota,24698,27517,7454,117,886,60672,0.473005841233362,0.5269941587666379,0.13938884493670886,
2026-08-15 16:55:08,SEM,Seminole,16760,16636,4587,101,475,38559,0.5018565097616481,0.4981434902383519,0.13389870069244533,
2026-08-15 16:55:08,STJ,St. Johns,9860,19187,2267,59,250,31623,0.3394498571281027,0.6605501428718973,0.08145969705594029,
2026-08-15 16:55:08,STL,St. Lucie,13786,13961,3666,97,470,31980,0.4968465059285688,0.5031534940714312,0.1323639774859287,
2026-08-15 16:55:08,SUM,Sumter,7600,20078,2306,45,255,30284,0.2745863140400318,0.7254136859599682,0.08605204068154801,
2026-08-15 16:55:08,SUW,Suwannee,859,2859,87,8,12,3825,0.2310381925766541,0.7689618074233459,0.027973856209150327,
2026-08-15 16:55:08,TAY,Taylor,334,1196,11,2,5,1548,0.2183006535947712,0.7816993464052288,0.011627906976744186,
2026-08-15 16:55:08,UNI,Union,153,778,24,2,5,962,0.1643394199785177,0.8356605800214822,0.032224532224532226,
2026-08-15 16:55:08,VOL,Volusia,22569,30487,8353,175,973,62557,0.4253807297949336,0.5746192702050663,0.15187748773118914,
2026-08-15 16:55:08,WAK,Wakulla,1032,2377,179,5,22,3615,0.3027280727486066,0.6972719272513934,0.05698478561549101,
2026-08-15 16:55:08,WAL,Walton,1086,6165,284,23,41,7599,0.1497724451799751,0.8502275548200249,0.04579549940781682,
2026-08-15 16:55:08,WAS,Washington,419,1749,63,4,8,2243,0.1932656826568265,0.8067343173431735,0.03343736067766384,
2026-08-15 17:52:12,ALA,Alachua,14428,6422,2280,71,230,23431,0.6919904076738609,0.3080095923261391,0.11015321582518885,
2026-08-15 17:52:12,BAK,Baker,401,2783,113,9,14,3320,0.1259422110552764,0.8740577889447236,0.04096385542168675,
2026-08-15 17:52:12,BAY,Bay,3823,12527,1119,49,142,17660,0.2338226299694189,0.7661773700305811,0.07417893544733861,
2026-08-15 17:52:12,BRA,Bradford,376,1288,27,0,2,1693,0.2259615384615384,0.7740384615384616,0.017129356172474897,
2026-08-15 17:52:12,CAL,Calhoun,326,1155,46,0,1,1528,0.2201215395003376,0.7798784604996624,0.030759162303664923,
2026-08-15 17:52:12,CHA,Charlotte,7841,15825,3124,96,475,27361,0.331319192089918,0.668680807910082,0.1350462336902891,
2026-08-15 17:52:12,CIT,Citrus,5715,14495,2600,87,391,23288,0.2827808015833745,0.7172191984166254,0.13217107523187907,
2026-08-15 17:52:12,CLA,Clay,4969,13575,1367,47,152,20110,0.2679572907679033,0.7320427092320967,0.07787170561909498,
2026-08-15 17:52:12,CLL,Collier,9754,27194,3909,73,433,41363,0.2639926383024791,0.7360073616975208,0.10673790585789232,
2026-08-15 17:52:12,CLM,Columbia,1918,5145,419,25,45,7552,0.2715559960356788,0.7284440039643211,0.0647510593220339,
2026-08-15 17:52:12,DES,DeSoto,511,1023,0,0,0,1534,0.333116036505867,0.666883963494133,0.0,
2026-08-15 17:52:12,DIX,Dixie,363,1834,136,9,12,2354,0.1652253072371415,0.8347746927628584,0.06669498725573492,
2026-08-15 17:52:12,DUV,Duval,33799,26751,5045,188,564,66347,0.5581998348472337,0.4418001651527663,0.08737395812922966,
2026-08-15 17:52:12,ESC,Escambia,9984,15557,2419,77,277,28314,0.3909009044281743,0.6090990955718257,0.0979374161192343,
2026-08-15 17:52:12,FLA,Flagler,6393,10337,1934,60,195,18919,0.3821279139270771,0.6178720860729229,0.11570378984090068,
2026-08-15 17:52:12,FRA,Franklin,397,683,89,3,21,1193,0.3675925925925926,0.6324074074074074,0.09471919530595138,
2026-08-15 17:52:12,GAD,Gadsden,3091,867,123,9,8,4098,0.7809499747347145,0.2190500252652855,0.03416300634455832,
2026-08-15 17:52:12,GIL,Gilchrist,311,1474,85,9,12,1891,0.1742296918767507,0.8257703081232493,0.05605499735589635,
2026-08-15 17:52:12,GUL,Gulf,477,1628,30,1,9,2145,0.2266033254156769,0.773396674584323,0.018648018648018648,
2026-08-15 17:52:12,HAM,Hamilton,338,710,32,4,6,1090,0.3225190839694656,0.6774809160305344,0.03853211009174312,
2026-08-15 17:52:12,HEN,Hendry,761,1717,168,13,12,2671,0.3071025020177562,0.6928974979822438,0.07225758143017597,
2026-08-15 17:52:12,HER,Hernando,6675,10976,2211,79,243,20184,0.3781655430287235,0.6218344569712764,0.1254954419342053,
2026-08-15 17:52:12,HIL,Hillsborough,52687,49948,14681,344,1403,119063,0.5133434013738004,0.4866565986261996,0.13797737332336663,
2026-08-15 17:52:12,HOL,Holmes,207,1319,41,3,2,1572,0.1356487549148099,0.86435124508519,0.029262086513994912,
2026-08-15 17:52:12,JAC,Jackson,1304,2945,59,8,6,4322,0.3068957401741586,0.6931042598258413,0.016890328551596483,
2026-08-15 17:52:12,JEF,Jefferson,752,982,64,2,15,1815,0.433679354094579,0.566320645905421,0.04462809917355372,
2026-08-15 17:52:12,LAK,Lake,10844,15974,3181,58,317,30374,0.4043552837646357,0.5956447162353643,0.11707381312965036,
2026-08-15 17:52:12,LEE,Lee,27765,54542,12965,247,1286,96805,0.3373346130948765,0.6626653869051236,0.14976499147771294,
2026-08-15 17:52:12,LEO,Leon,19330,10080,3139,88,302,32939,0.657259435566134,0.342740564433866,0.10713743586629831,
2026-08-15 17:52:12,LEV,Levy,1025,2837,221,21,43,4147,0.2654065251165199,0.73459347488348,0.06872437906920666,
2026-08-15 17:52:12,MAN,Manatee,13965,21721,1734,20,197,37637,0.3913299333071793,0.6086700666928208,0.05183728777532747,
2026-08-15 17:52:12,MRN,Marion,11133,17247,2472,72,353,31277,0.3922832980972516,0.6077167019027484,0.09262397288742527,
2026-08-15 17:52:12,MRT,Martin,5394,8849,1443,28,215,15929,0.3787123499262795,0.6212876500737204,0.10584468579320735,
2026-08-15 17:52:12,MON,Monroe,4325,4788,1341,47,158,10659,0.4745967299462306,0.5254032700537693,0.14504174875691903,
2026-08-15 17:52:12,NAS,Nassau,3184,8825,1382,47,216,13654,0.2651344824714797,0.7348655175285203,0.12047751574630144,
2026-08-15 17:52:12,OKA,Okaloosa,3067,9986,823,33,102,14011,0.2349651421129242,0.7650348578870758,0.06837484833345228,
2026-08-15 17:52:12,OKE,Okeechobee,521,1649,0,0,0,2170,0.2400921658986175,0.7599078341013825,0.0,
2026-08-15 17:52:12,ORA,Orange,51489,31094,13633,353,1122,97691,0.62348183040093,0.37651816959907,0.1546508890276484,
2026-08-15 17:52:12,OSC,Osceola,11038,8605,3624,94,262,23623,0.5619304586875732,0.4380695413124268,0.1684798713118571,
2026-08-15 17:52:12,PAL,Palm Beach,60895,36125,11785,178,1437,110420,0.6276540919398063,0.3723459080601938,0.12135482702408984,
2026-08-15 17:52:12,PAS,Pasco,15786,20278,4636,117,518,41335,0.4377218278615794,0.5622781721384206,0.1275190516511431,
2026-08-15 17:52:12,PIN,Pinellas,44798,43259,17046,370,1547,107020,0.5087386579147598,0.4912613420852402,0.1771911792188376,
2026-08-15 17:52:12,POL,Polk,17669,20706,4364,114,542,43395,0.4604299674267101,0.53957003257329,0.11568153013019933,
2026-08-15 17:52:12,PUT,Putnam,1681,3925,241,10,23,5880,0.2998572957545487,0.7001427042454513,0.04659863945578231,
2026-08-15 17:52:12,SAN,Santa Rosa,2614,10057,725,21,107,13524,0.2062978454739168,0.7937021545260832,0.06307305530908015,
2026-08-15 17:52:12,SAR,Sarasota,24698,27518,7454,117,886,60673,0.4729967825953731,0.527003217404627,0.13938654755822194,
2026-08-15 17:52:12,SEM,Seminole,17136,16941,4664,107,479,39327,0.5028611673562814,0.4971388326437186,0.13349607140132733,
2026-08-15 17:52:12,STJ,St. Johns,9952,19385,2284,62,252,31935,0.339230323482292,0.660769676517708,0.0813527477689056,
2026-08-15 17:52:12,STL,St. Lucie,13922,14069,3692,98,472,32253,0.4973741559787074,0.5026258440212925,0.13214274641118656,
2026-08-15 17:52:12,SUM,Sumter,7620,20167,2307,45,255,30394,0.2742289559866124,0.7257710440133875,0.08577350792919655,
2026-08-15 17:52:12,SUW,Suwannee,859,2863,87,8,12,3829,0.2307898979043525,0.7692101020956476,0.027944633063463044,
2026-08-15 17:52:12,TAY,Taylor,335,1196,11,2,5,1549,0.2188112344872632,0.7811887655127367,0.011620400258231117,
2026-08-15 17:52:12,UNI,Union,156,795,24,2,5,982,0.1640378548895899,0.8359621451104101,0.031568228105906315,
2026-08-15 17:52:12,VOL,Volusia,22718,30700,8407,177,977,62979,0.425287356321839,0.5747126436781609,0.1518125089315486,
2026-08-15 17:52:12,WAK,Wakulla,1033,2379,179,5,22,3618,0.3027549824150058,0.6972450175849941,0.056937534549474846,
2026-08-15 17:52:12,WAL,Walton,1097,6252,288,23,41,7701,0.1492720097972513,0.8507279902027487,0.04570834956499156,
2026-08-15 17:52:12,WAS,Washington,426,1783,64,4,8,2285,0.1928474422815753,0.8071525577184246,0.03326039387308534,
2026-08-15 18:53:57,ALA,Alachua,14452,6425,2280,71,230,23458,0.6922450543660488,0.3077549456339512,0.11002643021570466,
2026-08-15 18:53:57,BAY,Bay,3843,12662,1125,49,143,17822,0.2328385337776431,0.7671614662223568,0.07389743014252048,
2026-08-15 18:53:57,BRA,Bradford,378,1288,27,0,2,1695,0.226890756302521,0.773109243697479,0.01710914454277286,
2026-08-15 18:53:57,CAL,Calhoun,326,1158,46,0,1,1531,0.2196765498652291,0.7803234501347709,0.03069888961463096,
2026-08-15 18:53:57,CHA,Charlotte,7842,15826,3125,96,475,27364,0.3313334460030421,0.668666553996958,0.1350679725186376,
2026-08-15 18:53:57,CIT,Citrus,5717,14497,2600,87,391,23292,0.2828237854952013,0.7171762145047986,0.1321483771251932,
2026-08-15 18:53:57,CLA,Clay,4979,13583,1367,47,152,20128,0.2682361814459649,0.7317638185540352,0.07780206677265501,
2026-08-15 18:53:57,CLL,Collier,9756,27199,3909,73,433,41370,0.2639967528074685,0.7360032471925314,0.1067198452985255,
2026-08-15 18:53:57,CLM,Columbia,1927,5154,420,25,46,7572,0.2721367038553876,0.7278632961446123,0.06484416270470153,
2026-08-15 18:53:57,DIX,Dixie,365,1836,136,9,12,2358,0.165833711949114,0.834166288050886,0.06658184902459711,
2026-08-15 18:53:57,DUV,Duval,33843,26764,5047,188,565,66407,0.5584008447869058,0.4415991552130942,0.0873401900402066,
2026-08-15 18:53:57,ESC,Escambia,10027,15628,2431,77,277,28440,0.3908399922042487,0.6091600077957513,0.0979254571026723,
2026-08-15 18:53:57,FLA,Flagler,6395,10339,1934,60,195,18923,0.3821560893988287,0.6178439106011713,0.115679332029805,
2026-08-15 18:53:57,GAD,Gadsden,3122,871,124,9,8,4134,0.7818682694715753,0.2181317305284247,0.034107402031930335,
2026-08-15 18:53:57,HAM,Hamilton,344,712,32,4,6,1098,0.3257575757575757,0.6742424242424242,0.03825136612021858,
2026-08-15 18:53:57,HEN,Hendry,761,1718,168,13,12,2672,0.3069786204114562,0.6930213795885438,0.07223053892215568,
2026-08-15 18:53:57,HER,Hernando,6680,10987,2213,79,243,20202,0.3781060734703119,0.6218939265296881,0.12548262548262548,
2026-08-15 18:53:57,HIL,Hillsborough,52718,49960,14687,344,1404,119113,0.5134303356123026,0.4865696643876974,0.13797822236027973,
2026-08-15 18:53:57,JAC,Jackson,1307,2966,59,8,6,4346,0.3058740931429908,0.6941259068570091,0.01679705476300046,
2026-08-15 18:53:57,LEE,Lee,27770,54559,12965,247,1286,96827,0.3373052022980967,0.6626947977019033,0.1497309634709327,
2026-08-15 18:53:57,LEO,Leon,19385,10087,3156,88,302,33018,0.6577429424538545,0.3422570575461455,0.10739596583681628,
2026-08-15 18:53:57,MAN,Manatee,13965,21726,1734,20,197,37642,0.3912751113726149,0.608724888627385,0.05183040221029701,
2026-08-15 18:53:57,MRN,Marion,11139,17256,2473,72,353,31293,0.3922873745377707,0.6077126254622293,0.09260857060684498,
2026-08-15 18:53:57,MON,Monroe,4326,4788,1341,47,158,10660,0.4746543778801843,0.5253456221198156,0.1450281425891182,
2026-08-15 18:53:57,NAS,Nassau,3184,8831,1384,47,216,13662,0.2650020807324178,0.7349979192675822,0.12055335968379446,
2026-08-15 18:53:57,OKA,Okaloosa,3099,10061,829,33,102,14124,0.2354863221884498,0.7645136778115501,0.06825261965448881,
2026-08-15 18:53:57,ORA,Orange,51756,31258,13703,356,1127,98200,0.6234611029464909,0.376538897053509,0.15464358452138494,
2026-08-15 18:53:57,OSC,Osceola,11043,8611,3627,94,262,23637,0.5618703571792002,0.4381296428207998,0.16850700173456867,
2026-08-15 18:53:57,PAL,Palm Beach,61139,36263,11826,179,1438,110845,0.6276975832118437,0.3723024167881563,0.12127745951553971,
2026-08-15 18:53:57,PAS,Pasco,15804,20311,4638,117,518,41388,0.4376021043887581,0.5623978956112419,0.1274040784768532,
2026-08-15 18:53:57,PIN,Pinellas,44801,43260,17046,370,1547,107024,0.5087496167429395,0.4912503832570604,0.17718455673493796,
2026-08-15 18:53:57,POL,Polk,17690,20720,4366,114,542,43432,0.4605571465764124,0.5394428534235876,0.11562902928716154,
2026-08-15 18:53:57,SEM,Seminole,17179,16951,4714,109,485,39438,0.5033401699384705,0.4966598300615295,0.13459100360058826,
2026-08-15 18:53:57,STJ,St. Johns,9958,19392,2284,62,252,31948,0.3392844974446337,0.6607155025553663,0.08131964442218605,
2026-08-15 18:53:57,STL,St. Lucie,13932,14084,3695,98,472,32281,0.4972872644203312,0.5027127355796688,0.13212106192497133,
2026-08-15 18:53:57,SUM,Sumter,7621,20170,2307,45,255,30398,0.2742254686769098,0.7257745313230902,0.08576222119876308,
2026-08-15 18:53:57,VOL,Volusia,22728,30711,8409,177,977,63002,0.4253073597934093,0.5746926402065907,0.15178883210056823,
2026-08-15 18:53:57,WAL,Walton,1103,6256,290,23,41,7713,0.149884495175975,0.850115504824025,0.045896538311940877,
2026-08-15 18:53:57,WAS,Washington,426,1785,64,4,8,2287,0.1926729986431479,0.8073270013568521,0.03323130738959335,
2026-08-15 19:52:15,BAY,Bay,3844,12680,1125,49,143,17841,0.2326313241345921,0.7673686758654079,0.073818732133849,
2026-08-15 19:52:15,CIT,Citrus,5717,14505,2601,87,391,23301,0.2827118979329443,0.7172881020670557,0.1321402514913523,
2026-08-15 19:52:15,HER,Hernando,6755,11055,2236,79,243,20368,0.3792813026389668,0.6207186973610331,0.12558915946582874,
2026-08-15 19:52:15,HIG,Highlands,2025,5339,686,23,91,8164,0.2749864204236827,0.7250135795763172,0.09799118079372857,
2026-08-15 19:52:15,LAK,Lake,11601,17460,3299,66,336,32762,0.3991947971508207,0.6008052028491793,0.1129662413772053,
2026-08-15 19:52:15,LEO,Leon,19549,10135,3185,88,304,33261,0.6585702735480393,0.3414297264519606,0.1075433691109708,
2026-08-15 19:52:15,MON,Monroe,4327,4788,1341,47,158,10661,0.4747120131651124,0.5252879868348875,0.14501453897382985,
2026-08-15 19:52:15,OKA,Okaloosa,3100,10061,830,33,102,14126,0.2355444115188815,0.7644555884811185,0.06831374769927792,
2026-08-15 19:52:15,ORA,Orange,51806,31281,13712,356,1128,98283,0.623515110667132,0.3764848893328679,0.15461473499994913,
2026-08-15 19:52:15,OSC,Osceola,11043,8610,3627,94,262,23636,0.5618989467256907,0.4381010532743092,0.16851413098663057,
2026-08-15 19:52:15,PAL,Palm Beach,61345,36310,11842,179,1441,111117,0.6281808407147611,0.3718191592852388,0.12115157896631479,
2026-08-15 19:52:15,PAS,Pasco,15805,20315,4639,117,518,41394,0.4375692137320044,0.5624307862679956,0.1274097695318162,
2026-08-15 19:52:15,WAS,Washington,429,1789,64,4,8,2294,0.1934174932371505,0.8065825067628494,0.03312990409764603,
2026-08-15 22:09:20,HER,Hernando,6760,11060,2238,79,243,20380,0.3793490460157127,0.6206509539842873,0.1256133464180569,
2026-08-15 22:09:20,HIG,Highlands,2025,5341,686,23,91,8166,0.2749117567200652,0.7250882432799348,0.09796718099436688,
2026-08-15 22:09:20,MON,Monroe,4337,4793,1342,47,159,10678,0.4750273822562979,0.5249726177437021,0.14497096834613224,
2026-08-15 22:09:20,ORA,Orange,52695,31586,13894,357,1140,99672,0.6252298857393719,0.3747701142606281,0.1544164860743238,
2026-08-15 22:09:20,PAL,Palm Beach,62061,36553,11921,179,1448,112162,0.629332549130955,0.3706674508690449,0.12078957222588756,
2026-08-15 22:09:20,PAS,Pasco,15805,20314,4639,117,518,41393,0.4375813283867216,0.5624186716132783,0.12741284758292465,
2026-08-15 22:09:20,SEM,Seminole,17869,17307,4908,111,505,40700,0.5079884011826246,0.4920115988173755,0.13572481572481573,
2026-08-15 23:30:16,PAL,Palm Beach,62139,36597,11938,179,1450,112303,0.6293449197860963,0.3706550802139037,0.12080710221454458,
2026-08-15 23:30:16,SEM,Seminole,17869,17310,4908,111,505,40703,0.5079450808721112,0.4920549191278888,0.13571481217600667,
2026-08-16 07:52:39,PAL,Palm Beach,62191,36622,11946,179,1451,112389,0.6293807494965238,0.3706192505034762,0.12079473969872496,
2026-08-16 09:16:15,BRA,Bradford,381,1290,27,0,2,1700,0.2280071813285457,0.7719928186714542,0.017058823529411765,
2026-08-16 09:16:15,GAD,Gadsden,3124,871,124,9,8,4136,0.7819774718397997,0.2180225281602002,0.03409090909090909,
2026-08-16 09:16:15,LEO,Leon,19581,10142,3186,88,304,33301,0.6587827608249504,0.3412172391750496,0.10744422089426744,
2026-08-16 09:16:15,MAN,Manatee,13990,21784,1735,19,198,37726,0.3910661374182367,0.6089338625817633,0.05174150453268303,
2026-08-16 09:16:15,DAD,Miami-Dade,67439,51751,22369,199,1492,143250,0.5658108901753502,0.4341891098246497,0.16795811518324608,
2026-08-16 09:16:15,ORA,Orange,52781,31630,13925,358,1142,99836,0.6252858039828932,0.3747141960171067,0.15450338555230578,
2026-08-16 09:16:15,OSC,Osceola,11059,8619,3629,94,262,23663,0.5619981705457872,0.4380018294542128,0.16840637281832396,
2026-08-16 09:16:15,PAL,Palm Beach,62336,36736,11981,181,1453,112687,0.6291989664082688,0.3708010335917313,0.12082139022247464,
2026-08-16 09:16:15,PAS,Pasco,15807,20327,4639,117,518,41408,0.4374550285050091,0.5625449714949908,0.12736669242658424,
2026-08-16 09:16:15,PIN,Pinellas,44853,44396,17057,371,1548,108225,0.5025602527759415,0.4974397472240585,0.17533841533841535,
2026-08-16 09:16:15,SAR,Sarasota,24734,27583,7469,117,888,60791,0.4727717567903358,0.5272282432096642,0.13939563422217105,
2026-08-16 09:56:09,ALA,Alachua,14889,6468,2341,74,234,24006,0.6971484759095379,0.3028515240904621,0.11034741314671333,
2026-08-16 09:56:09,BRA,Bradford,381,1294,27,0,2,1704,0.2274626865671641,0.7725373134328358,0.017018779342723004,
2026-08-16 09:56:09,GAD,Gadsden,3137,873,125,9,8,4152,0.7822942643391522,0.2177057356608479,0.03420038535645472,
2026-08-16 09:56:09,HIL,Hillsborough,52726,49961,14687,345,1404,119123,0.5134632426694713,0.4865367573305287,0.1379750342083393,
2026-08-16 09:56:09,LEO,Leon,19607,10148,3190,88,304,33337,0.6589480759536213,0.3410519240463787,0.10744818070012299,
2026-08-16 09:56:09,MAN,Manatee,14008,21851,1736,19,198,37812,0.3906411221729552,0.6093588778270448,0.05165026975563313,
2026-08-16 09:56:09,DAD,Miami-Dade,70010,51916,23063,204,1540,146733,0.5742007447140068,0.4257992552859931,0.1690621741530535,
2026-08-16 09:56:09,ORA,Orange,52990,31760,13971,360,1146,100227,0.6252507374631269,0.3747492625368731,0.15441946780807567,
2026-08-16 09:56:09,OSC,Osceola,11104,8667,3640,94,262,23767,0.561630671185069,0.4383693288149309,0.1681322842596878,
2026-08-16 09:56:09,PAL,Palm Beach,62475,36840,12000,183,1457,112955,0.6290590545234859,0.3709409454765141,0.12075605329556018,
2026-08-16 09:56:09,PAS,Pasco,16054,20429,4696,117,523,41819,0.4400405668393498,0.5599594331606501,0.12759750352710492,
2026-08-16 09:56:09,PIN,Pinellas,46550,44447,17435,378,1575,110385,0.5115553259997583,0.4884446740002418,0.17563980613307967,
2026-08-16 09:56:09,SAR,Sarasota,24774,27660,7475,117,888,60914,0.4724796887515734,0.5275203112484266,0.13921266047214106,
2026-08-16 10:55:01,ALA,Alachua,14890,6469,2341,74,234,24008,0.6971300154501615,0.3028699845498385,0.11033822059313562,
2026-08-16 10:55:01,BRA,Bradford,381,1303,27,0,2,1713,0.2262470308788598,0.7737529691211401,0.016929363689433742,
2026-08-16 10:55:01,DUV,Duval,34419,27230,5135,193,577,67554,0.5583058930396275,0.4416941069603724,0.08741155223968973,
2026-08-16 10:55:01,GAD,Gadsden,3154,874,129,9,8,4174,0.7830188679245284,0.2169811320754717,0.03497843794920939,
2026-08-16 10:55:01,HIL,Hillsborough,53444,50448,14823,351,1417,120483,0.514418819543372,0.485581180456628,0.13770407443373753,
2026-08-16 10:55:01,LEO,Leon,19904,10278,3241,89,309,33821,0.6594659068318866,0.3405340931681134,0.1075958723869785,
2026-08-16 10:55:01,MAN,Manatee,14062,21986,1745,19,198,38010,0.3900909897913892,0.6099090102086108,0.0516179952644041,
2026-08-16 10:55:01,DAD,Miami-Dade,70441,52259,23139,205,1544,147588,0.5740912795436023,0.4259087204563977,0.1686315960647207,
2026-08-16 10:55:01,ORA,Orange,53360,31960,14062,363,1148,100893,0.6254102203469292,0.3745897796530708,0.15435163985608516,
2026-08-16 10:55:01,OSC,Osceola,11164,8744,3653,96,262,23919,0.5607795860960418,0.4392204139039582,0.16769095697980685,
2026-08-16 10:55:01,PAL,Palm Beach,62764,37093,12041,184,1460,113542,0.6285388104990136,0.3714611895009864,0.12052808652304874,
2026-08-16 10:55:01,PAS,Pasco,16055,20431,4697,117,523,41823,0.4400317930164995,0.5599682069835005,0.12760921024316763,
2026-08-16 10:55:01,PIN,Pinellas,46658,44539,17457,379,1584,110617,0.5116177067228088,0.4883822932771911,0.17556071851523725,
2026-08-16 10:55:01,SAR,Sarasota,24861,27856,7506,118,894,61235,0.4715936035813874,0.5284063964186126,0.1391034539070793,
2026-08-16 11:53:29,BRA,Bradford,384,1318,27,0,2,1731,0.2256169212690952,0.7743830787309048,0.016753321779318313,
2026-08-16 11:53:29,DUV,Duval,35188,27788,5221,196,586,68979,0.5587525406504065,0.4412474593495935,0.08702648632192406,
2026-08-16 11:53:29,GAD,Gadsden,3186,879,129,9,8,4211,0.7837638376383764,0.2162361623616236,0.034671099501306105,
2026-08-16 11:53:29,HIL,Hillsborough,54242,51084,14975,359,1429,122089,0.5149915500446234,0.4850084499553766,0.13730147679152094,
2026-08-16 11:53:29,LEO,Leon,20200,10417,3280,89,313,34299,0.6597641832968613,0.3402358167031388,0.10735006851511705,
2026-08-16 11:53:29,MAN,Manatee,14121,22164,1751,19,198,38253,0.3891690781314593,0.6108309218685407,0.05144694533762058,
2026-08-16 11:53:29,DAD,Miami-Dade,71038,52860,23278,206,1554,148936,0.5733587305686936,0.4266412694313064,0.16811247784283181,
2026-08-16 11:53:29,ORA,Orange,53849,32286,14198,366,1161,101860,0.6251697916061996,0.3748302083938004,0.1543785588062046,
2026-08-16 11:53:29,OSC,Osceola,11249,8840,3669,97,264,24119,0.5599581860719797,0.4400418139280203,0.16708818773580994,
2026-08-16 11:53:29,PAL,Palm Beach,63093,37463,12109,185,1472,114322,0.6274414256732567,0.3725585743267433,0.12041426846976085,
2026-08-16 11:53:29,PAS,Pasco,16065,20437,4700,117,523,41842,0.4401128705276423,0.5598871294723576,0.12762296257349076,
2026-08-16 11:53:29,PIN,Pinellas,46775,44665,17492,381,1587,110900,0.5115376202974629,0.4884623797025372,0.17547339945897206,
2026-08-16 11:53:29,SAR,Sarasota,24967,28125,7564,118,899,61673,0.4702591727567242,0.5297408272432759,0.13913706159907901,
2026-08-16 12:56:34,BRA,Bradford,393,1357,27,0,2,1779,0.2245714285714285,0.7754285714285715,0.016301292861157952,
2026-08-16 12:56:34,DUV,Duval,36287,28422,5336,200,596,70841,0.5607720718910816,0.4392279281089183,0.08656004291300236,
2026-08-16 12:56:34,GAD,Gadsden,3249,904,129,9,8,4299,0.7823260293763544,0.2176739706236455,0.033961386368923006,
2026-08-16 12:56:34,HIL,Hillsborough,54798,51544,15058,361,1442,123203,0.5152996934419138,0.4847003065580861,0.1368554337150881,
2026-08-16 12:56:34,LEO,Leon,20591,10627,3338,91,320,34967,0.659587417515536,0.3404125824844641,0.10721537449595332,
2026-08-16 12:56:34,MAN,Manatee,14169,22402,1756,21,199,38547,0.3874381340406332,0.6125618659593667,0.05126209562352453,
2026-08-16 12:56:34,DAD,Miami-Dade,71682,53513,23432,208,1570,150405,0.572562802028835,0.427437197971165,0.16761410857351816,
2026-08-16 12:56:34,ORA,Orange,54459,32638,14321,373,1167,102958,0.6252683789338324,0.3747316210661676,0.15405310903475203,
2026-08-16 12:56:34,OSC,Osceola,11355,8965,3694,97,265,24376,0.5588090551181102,0.4411909448818897,0.16639317361339023,
2026-08-16 12:56:34,PAL,Palm Beach,63586,37948,12201,187,1483,115405,0.6262532747651033,0.3737467252348966,0.12019409904250249,
2026-08-16 12:56:34,PAS,Pasco,16068,20438,4703,117,523,41849,0.4401468251794225,0.5598531748205774,0.12767330163205812,
2026-08-16 12:56:34,PIN,Pinellas,46912,44825,17517,381,1588,111223,0.5113749087064107,0.4886250912935893,0.17519757604092678,
2026-08-16 12:56:34,SAR,Sarasota,25100,28408,7611,118,904,62141,0.4690887343948568,0.5309112656051431,0.1389259908916818,
2026-08-16 13:51:51,BRA,Bradford,399,1377,27,0,2,1805,0.2246621621621621,0.7753378378378378,0.016066481994459834,
2026-08-16 13:51:51,DUV,Duval,37415,29041,5469,207,615,72747,0.5630040929336704,0.4369959070663296,0.08647779289867623,
2026-08-16 13:51:51,GAD,Gadsden,3293,910,131,9,9,4352,0.7834879847727814,0.2165120152272186,0.03423713235294118,
2026-08-16 13:51:51,HIL,Hillsborough,55341,52008,15141,363,1448,124301,0.5155241315708576,0.4844758684291423,0.13637862929501773,
2026-08-16 13:51:51,LEO,Leon,20970,10759,3377,92,325,35523,0.6609095779885908,0.3390904220114091,0.10680404245136954,
2026-08-16 13:51:51,MAN,Manatee,14233,22642,1763,23,199,38860,0.3859796610169491,0.6140203389830509,0.05108080288214102,
2026-08-16 13:51:51,DAD,Miami-Dade,72431,54183,23590,209,1579,151992,0.5720615413777307,0.4279384586222692,0.16696931417443023,
2026-08-16 13:51:51,ORA,Orange,55189,33025,14472,378,1173,104237,0.6256263178180335,0.3743736821819666,0.15371701027466256,
2026-08-16 13:51:51,OSC,Osceola,11440,9096,3715,97,265,24613,0.5570705103233347,0.4429294896766653,0.1656441717791411,
2026-08-16 13:51:51,PAL,Palm Beach,64197,38500,12284,193,1496,116670,0.6251107627291936,0.3748892372708063,0.11976514956715523,
2026-08-16 13:51:51,PAS,Pasco,16068,20438,4704,117,523,41850,0.4401468251794225,0.5598531748205774,0.1276941457586619,
2026-08-16 13:51:51,PIN,Pinellas,47051,44974,17546,382,1595,111548,0.5112849769084488,0.4887150230915512,0.17501882597626134,
2026-08-16 13:51:51,SAR,Sarasota,25222,28719,7648,118,910,62617,0.467584953931147,0.532415046068853,0.13855662200360924,
2026-08-16 13:51:51,TAY,Taylor,340,1200,11,2,5,1558,0.2207792207792207,0.7792207792207793,0.011553273427471117,
2026-08-16 14:59:35,BRA,Bradford,403,1401,27,0,2,1833,0.2233924611973392,0.7766075388026608,0.015821058374249863,
2026-08-16 14:59:35,DUV,Duval,38473,29575,5584,213,625,74470,0.5653803197742769,0.434619680225723,0.08623606821538875,
2026-08-16 14:59:35,GAD,Gadsden,3338,923,131,9,10,4411,0.783384182116874,0.216615817883126,0.034005894355021535,
2026-08-16 14:59:35,HIL,Hillsborough,55864,52455,15237,364,1459,125379,0.5157359281381845,0.4842640718618156,0.1360674435112738,
2026-08-16 14:59:35,LEO,Leon,21453,10929,3448,92,328,36250,0.6624976838984621,0.3375023161015379,0.10670344827586208,
2026-08-16 14:59:35,MAN,Manatee,14302,22862,1774,23,199,39160,0.384834786352384,0.615165213647616,0.05097037793667007,
2026-08-16 14:59:35,DAD,Miami-Dade,73261,54944,23742,211,1594,153752,0.5714363714363714,0.4285636285636285,0.1661571881991779,
2026-08-16 14:59:35,ORA,Orange,55938,33428,14661,382,1183,105592,0.6259427522771523,0.3740572477228476,0.1536669444654898,
2026-08-16 14:59:35,OSC,Osceola,11555,9193,3741,97,267,24853,0.5569211490264122,0.4430788509735878,0.16517120669536878,
2026-08-16 14:59:35,PAL,Palm Beach,64711,38943,12348,196,1507,117705,0.6242981457541436,0.3757018542458564,0.11937470795633151,
2026-08-16 14:59:35,PIN,Pinellas,47179,45082,17564,382,1597,111804,0.5113644985421792,0.4886355014578207,0.17479696611928017,
2026-08-16 14:59:35,SAR,Sarasota,25348,29030,7697,121,918,63114,0.4661443966309905,0.5338556033690095,0.13841619925848464,
2026-08-16 15:50:11,BRA,Bradford,409,1415,27,0,2,1853,0.2242324561403508,0.7757675438596491,0.015650296815974095,
2026-08-16 15:50:11,DUV,Duval,39374,30091,5700,220,638,76023,0.5668178219247103,0.4331821780752897,0.08626336766504873,
2026-08-16 15:50:11,ESC,Escambia,10028,15628,2431,77,277,28441,0.3908637355784222,0.6091362644215778,0.09792201399388208,
2026-08-16 15:50:11,GAD,Gadsden,3387,932,132,9,10,4470,0.7842093077101181,0.2157906922898819,0.03378076062639821,
2026-08-16 15:50:11,HIL,Hillsborough,56352,52894,15326,364,1464,126400,0.5158266664225692,0.4841733335774307,0.1357120253164557,
2026-08-16 15:50:11,LEO,Leon,21801,11028,3482,93,330,36734,0.664077492460934,0.335922507539066,0.1063047857570643,
2026-08-16 15:50:11,MAN,Manatee,14375,23086,1782,23,199,39465,0.3837324150449801,0.6162675849550199,0.0507791714177119,
2026-08-16 15:50:11,DAD,Miami-Dade,74171,55742,23940,214,1602,155669,0.570928236589102,0.4290717634108981,0.16545362275083672,
2026-08-16 15:50:11,ORA,Orange,56647,33766,14815,387,1198,106813,0.6265360069901452,0.3734639930098548,0.15353936318612904,
2026-08-16 15:50:11,OSC,Osceola,11911,9371,3815,99,273,25469,0.5596748425899821,0.4403251574100179,0.1643959323098669,
2026-08-16 15:50:11,PAL,Palm Beach,65218,39318,12427,200,1513,118676,0.6238807683477462,0.3761192316522537,0.11914793218510904,
2026-08-16 15:50:11,PIN,Pinellas,47326,45200,17581,382,1598,112087,0.5114886626461751,0.4885113373538248,0.17451622400456787,
2026-08-16 15:50:11,SAR,Sarasota,25491,29280,7749,124,920,63564,0.465410527468916,0.534589472531084,0.13833301868982442,
2026-08-16 16:54:06,BRA,Bradford,412,1430,27,0,2,1871,0.2236699239956568,0.7763300760043431,0.01549973276322822,
2026-08-16 16:54:06,DUV,Duval,40305,30505,5815,226,647,77498,0.5691992656404463,0.4308007343595537,0.08629900126454876,
2026-08-16 16:54:06,GAD,Gadsden,3425,937,132,9,10,4513,0.7851902796882164,0.2148097203117835,0.03345889652116109,
2026-08-16 16:54:06,HIL,Hillsborough,56845,53252,15396,365,1473,127331,0.5163174291760901,0.4836825708239098,0.13534802993772138,
2026-08-16 16:54:06,LEO,Leon,22079,11142,3535,96,333,37185,0.6646097348062973,0.3353902651937028,0.10660212451257227,
2026-08-16 16:54:06,MAN,Manatee,14429,23257,1786,24,199,39695,0.3828742769198111,0.617125723080189,0.0506109081748331,
2026-08-16 16:54:06,DAD,Miami-Dade,74591,55968,23999,215,1605,156378,0.5713202460190412,0.4286797539809588,0.16510634488227244,
2026-08-16 16:54:06,ORA,Orange,57289,34071,14950,393,1202,107905,0.6270687390542907,0.3729312609457093,0.1533293174551689,
2026-08-16 16:54:06,OSC,Osceola,12014,9461,3835,100,276,25686,0.5594412107101281,0.4405587892898719,0.16394144670248384,
2026-08-16 16:54:06,PAL,Palm Beach,65668,39646,12526,202,1525,119567,0.6235448278481494,0.3764551721518506,0.1192051318507615,
2026-08-16 16:54:06,PIN,Pinellas,47490,45301,17613,384,1602,112390,0.5117953249776379,0.4882046750223621,0.17438384197882373,
2026-08-16 16:54:06,SAR,Sarasota,25591,29399,7782,125,922,63819,0.4653755228223313,0.5346244771776687,0.13834438020025383,
2026-08-16 17:52:12,BRA,Bradford,421,1441,27,0,2,1891,0.2261009667024704,0.7738990332975295,0.015335801163405606,
2026-08-16 17:52:12,DUV,Duval,41102,30823,5902,227,658,78712,0.5714563781717067,0.4285436218282933,0.08622573432259376,
2026-08-16 17:52:12,GAD,Gadsden,3460,946,132,9,10,4557,0.7852927825692237,0.2147072174307762,0.03313583497915295,
2026-08-16 17:52:12,HIL,Hillsborough,57286,53542,15471,364,1478,128141,0.5168910383657559,0.483108961634244,0.13510898151255257,
2026-08-16 17:52:12,LEO,Leon,22493,11295,3596,99,337,37820,0.6657097194270155,0.3342902805729845,0.10661025912215759,
2026-08-16 17:52:12,MAN,Manatee,14484,23361,1787,24,199,39855,0.3827189853349187,0.6172810146650812,0.05043281896876176,
2026-08-16 17:52:12,DAD,Miami-Dade,74678,55972,24010,215,1605,156480,0.5715882127822426,0.4284117872177573,0.16506901840490798,
2026-08-16 17:52:12,ORA,Orange,57901,34294,15082,395,1212,108884,0.6280275503009924,0.3719724496990075,0.1532732081848573,
2026-08-16 17:52:12,OSC,Osceola,12103,9542,3863,100,277,25885,0.5591591591591591,0.4408408408408408,0.16380142939926598,
2026-08-16 17:52:12,PAL,Palm Beach,66161,39933,12591,206,1533,120424,0.6236073670518597,0.3763926329481403,0.11899621337939281,
2026-08-16 17:52:12,PIN,Pinellas,47503,45307,17616,384,1602,112412,0.5118306217002478,0.4881693782997521,0.17437640109596841,
2026-08-16 17:52:12,SAR,Sarasota,25591,29400,7783,125,922,63821,0.4653670600643741,0.5346329399356259,0.1383557136365773,
2026-08-16 18:53:28,BRA,Bradford,428,1451,28,0,2,1909,0.2277807344332091,0.7722192655667909,0.01571503404924044,
2026-08-16 18:53:28,DUV,Duval,41225,30847,5912,227,659,78870,0.571997446997447,0.428002553002553,0.08619246861924686,
2026-08-16 18:53:28,GAD,Gadsden,3582,952,137,9,11,4691,0.7900308778120865,0.2099691221879135,0.033468343636751226,
2026-08-16 18:53:28,HIL,Hillsborough,57347,53570,15479,364,1478,128238,0.5170262448497526,0.4829737551502475,0.13506916826525678,
2026-08-16 18:53:28,LEO,Leon,22738,11378,3645,100,338,38199,0.6664907961073983,0.3335092038926017,0.10688761485902773,
2026-08-16 18:53:28,MAN,Manatee,14488,23369,1784,23,199,39863,0.3827033309559658,0.6172966690440341,0.05032235406266462,
2026-08-16 18:53:28,DAD,Miami-Dade,74698,55972,24009,215,1605,156499,0.5716537843422361,0.4283462156577638,0.16504258813155356,
2026-08-16 18:53:28,ORA,Orange,58459,34532,15193,397,1227,109808,0.6286522351625426,0.3713477648374574,0.15314913303220165,
2026-08-16 18:53:28,OSC,Osceola,12114,9551,3865,100,277,25907,0.5591507039003,0.4408492960996999,0.16373952985679546,
2026-08-16 18:53:28,PAL,Palm Beach,66553,40179,12661,208,1538,121139,0.623552449124911,0.376447550875089,0.11892949421738663,
2026-08-16 19:52:20,GAD,Gadsden,3588,957,137,9,11,4702,0.7894389438943894,0.2105610561056105,0.033390046788600594,
2026-08-16 19:52:20,LEO,Leon,22803,11400,3655,100,338,38296,0.6666959038680818,0.3333040961319182,0.10687800292458742,
2026-08-16 19:52:20,ORA,Orange,58549,34566,15213,397,1228,109953,0.6287816141330612,0.3712183858669387,0.15313815903158623,
2026-08-16 19:52:20,PAL,Palm Beach,66737,40235,12684,208,1544,121408,0.6238735370003365,0.3761264629996634,0.11890484976278334,
2026-08-16 22:07:06,PAL,Palm Beach,67540,40482,12779,209,1558,122568,0.6252430060543223,0.3747569939456777,0.11867697930944456,
2026-08-16 23:30:20,ORA,Orange,59141,34775,15356,401,1240,110913,0.6297223050385451,0.3702776949614549,0.15324623804242965,
2026-08-16 23:30:20,PAL,Palm Beach,67623,40506,12785,209,1559,122682,0.6253918930166745,0.3746081069833255,0.11862375898664841,
2026-08-17 00:22:43,ORA,Orange,59581,34882,15438,402,1247,111550,0.6307337264325715,0.3692662735674285,0.15317794710891977,
2026-08-17 01:18:59,ORA,Orange,59624,34887,15453,403,1248,111615,0.6308683645289966,0.3691316354710033,0.15324105182995118,
2026-08-17 02:03:30,ORA,Orange,59630,34887,15453,403,1248,111621,0.6308917972428241,0.369108202757176,0.15323281461373756,
2026-08-17 07:55:28,PAL,Palm Beach,67623,40506,12786,209,1559,122683,0.6253918930166745,0.3746081069833255,0.11863094316245934,
2026-08-17 07:55:28,SEM,Seminole,17876,17312,4909,112,505,40714,0.5080140957144481,0.4919859042855519,0.13572726826153167,
2026-08-17 09:24:16,BAY,Bay,3881,12716,1133,49,143,17922,0.2338374405012954,0.7661625594987046,0.073931480861511,
2026-08-17 09:24:16,BRE,Brevard,23906,34586,6947,179,854,66472,0.4087054639950762,0.5912945360049238,0.12005054759898905,
2026-08-17 09:24:16,CAL,Calhoun,326,1162,46,0,1,1535,0.2190860215053763,0.7809139784946236,0.03061889250814332,
2026-08-17 09:24:16,CHA,Charlotte,7945,15993,3150,97,476,27661,0.3318990726042276,0.6681009273957724,0.13459383247171108,
2026-08-17 09:24:16,CLA,Clay,4983,13583,1368,47,152,20133,0.2683938381988581,0.7316061618011419,0.07783241444394774,
2026-08-17 09:24:16,CLL,Collier,9757,27711,3909,73,433,41883,0.2604088822461834,0.7395911177538166,0.10541269727574433,
2026-08-17 09:24:16,DUV,Duval,41226,30847,5912,227,659,78871,0.5720033854564123,0.4279966145435877,0.08619137579084835,
2026-08-17 09:24:16,ESC,Escambia,10086,15669,2441,77,280,28553,0.3916132789749563,0.6083867210250437,0.09799320561762337,
2026-08-17 09:24:16,FRA,Franklin,397,686,90,3,21,1197,0.3665743305632502,0.6334256694367497,0.09523809523809523,
2026-08-17 09:24:16,GAD,Gadsden,3589,957,137,9,11,4703,0.7894852617685878,0.2105147382314122,0.03338294705507123,
2026-08-17 09:24:16,GIL,Gilchrist,312,1475,85,9,12,1893,0.174594292109681,0.825405707890319,0.055995773903856315,
2026-08-17 09:24:16,HIL,Hillsborough,57353,53576,15479,364,1478,128250,0.5170244029965113,0.4829755970034887,0.13505653021442496,
2026-08-17 09:24:16,IND,Indian River,6345,12088,1845,61,281,20620,0.3442196061411599,0.6557803938588401,0.10606207565470417,
2026-08-17 09:24:16,LEE,Lee,27863,54687,12988,247,1288,97073,0.3375287704421563,0.6624712295578438,0.14960905710135672,
2026-08-17 09:24:16,LEO,Leon,22816,11404,3660,100,338,38318,0.6667445938047926,0.3332554061952075,0.10694712667675765,
2026-08-17 09:24:16,LIB,Liberty,190,803,39,3,0,1035,0.1913393756294058,0.8086606243705942,0.04057971014492753,
2026-08-17 09:24:16,MAD,Madison,701,1195,67,3,4,1970,0.3697257383966245,0.6302742616033755,0.03756345177664975,
2026-08-17 09:24:16,MAN,Manatee,14533,23423,1786,23,199,39964,0.3828907155653915,0.6171092844346084,0.050245220698628766,
2026-08-17 09:24:16,MRN,Marion,11265,17348,2491,72,353,31529,0.3937021633523224,0.6062978366476777,0.09248628247010689,
2026-08-17 09:24:16,MON,Monroe,4337,4795,1342,47,159,10680,0.4749233464739378,0.5250766535260623,0.1449438202247191,
2026-08-17 09:24:16,OKA,Okaloosa,3101,10061,830,33,102,14127,0.2356024920224889,0.764397507977511,0.06830891201245841,
2026-08-17 09:24:16,ORA,Orange,59632,34887,15453,403,1248,111623,0.6308996074863255,0.3691003925136745,0.15323006907178627,
2026-08-17 09:24:16,OSC,Osceola,12119,9551,3867,100,277,25914,0.5592524227041994,0.4407475772958006,0.16377247819711352,
2026-08-17 09:24:16,PAL,Palm Beach,67629,40506,12787,209,1560,122691,0.6254126785961992,0.3745873214038008,0.11863950901044086,
2026-08-17 09:24:16,PAS,Pasco,16074,20438,4704,117,523,41856,0.4402388255915863,0.5597611744084137,0.12767584097859327,
2026-08-17 09:24:16,PIN,Pinellas,47503,45628,17616,384,1602,112733,0.5100664655163157,0.4899335344836842,0.17387987545794045,
2026-08-17 09:24:16,POL,Polk,17737,20733,4369,114,543,43496,0.4610605666753314,0.5389394333246685,0.11555085525105757,
2026-08-17 09:24:16,SAR,Sarasota,25844,29560,7845,127,931,64307,0.4664645151974587,0.5335354848025413,0.13844527034381948,
2026-08-17 09:24:16,SEM,Seminole,17880,17315,4909,112,505,40721,0.5080267083392528,0.4919732916607472,0.13570393654379803,
2026-08-17 10:04:05,ALA,Alachua,14891,6470,2341,74,234,24010,0.6971115584476382,0.3028884415523618,0.11032902957101208,
2026-08-17 10:04:05,BAY,Bay,3938,12771,1139,49,143,18040,0.2356813693219223,0.7643186306780777,0.07378048780487804,
2026-08-17 10:04:05,BRA,Bradford,428,1454,28,0,2,1912,0.2274176408076514,0.7725823591923485,0.015690376569037656,
2026-08-17 10:04:05,BRE,Brevard,23906,34601,6948,179,854,66488,0.4086006802604816,0.5913993197395183,0.12003669835158225,
2026-08-17 10:04:05,CHA,Charlotte,8086,16170,3206,97,485,28044,0.3333608179419525,0.6666391820580475,0.13507345599771786,
2026-08-17 10:04:05,CLA,Clay,4986,13583,1368,47,152,20136,0.2685120361893478,0.7314879638106522,0.07782081843464442,
2026-08-17 10:04:05,CLL,Collier,10083,28044,4000,74,443,42644,0.264458257927453,0.735541742072547,0.1059234593377732,
2026-08-17 10:04:05,DUV,Duval,41247,30866,5916,227,660,78916,0.5719773133831625,0.4280226866168374,0.08620558568604592,
2026-08-17 10:04:05,GAD,Gadsden,3590,957,137,9,11,4704,0.7895315592698483,0.2104684407301517,0.03337585034013606,
2026-08-17 10:04:05,GUL,Gulf,486,1642,30,1,9,2168,0.2283834586466165,0.7716165413533834,0.01845018450184502,
2026-08-17 10:04:05,HIL,Hillsborough,57418,53619,15485,366,1478,128366,0.5171069103091762,0.4828930896908238,0.13499680600782138,
2026-08-17 10:04:05,HOL,Holmes,207,1320,41,3,2,1573,0.1355599214145383,0.8644400785854617,0.029243483788938335,
2026-08-17 10:04:05,LEE,Lee,28007,54880,13045,248,1292,97472,0.3378937589730597,0.6621062410269403,0.14963271503611295,
2026-08-17 10:04:05,MAD,Madison,710,1209,68,3,4,1994,0.3699843668577384,0.6300156331422616,0.03761283851554664,
2026-08-17 10:04:05,MAN,Manatee,14577,23535,1788,23,199,40122,0.382477959697733,0.617522040302267,0.05009720352923583,
2026-08-17 10:04:05,MRN,Marion,11266,17349,2491,72,353,31531,0.3937095928708719,0.6062904071291281,0.0924804160984428,
2026-08-17 10:04:05,DAD,Miami-Dade,75888,56469,24273,215,1609,158454,0.5733584170085451,0.4266415829914549,0.16469764095573478,
2026-08-17 10:04:05,MON,Monroe,4339,4796,1343,47,159,10684,0.4749863163656267,0.5250136836343733,0.14498315237738674,
2026-08-17 10:04:05,OKA,Okaloosa,3124,10096,833,33,102,14188,0.2363086232980333,0.7636913767019667,0.06822667042571187,
2026-08-17 10:04:05,ORA,Orange,59635,34889,15454,403,1248,111629,0.6308979730015657,0.3691020269984342,0.15323079128183537,
2026-08-17 10:04:05,OSC,Osceola,12326,9659,3932,102,282,26301,0.5606549920400273,0.4393450079599727,0.16410022432607124,
2026-08-17 10:04:05,PAL,Palm Beach,67633,40507,12788,209,1561,122698,0.6254207508784908,0.3745792491215091,0.1186490407341603,
2026-08-17 10:04:05,PIN,Pinellas,48529,45743,17673,384,1605,113934,0.5147763917175832,0.4852236082824168,0.1725735952393491,
2026-08-17 10:04:05,POL,Polk,17878,20811,4394,115,547,43745,0.4620951691695314,0.5379048308304686,0.11557892330552064,
2026-08-17 10:04:05,PUT,Putnam,1688,3936,241,10,23,5898,0.3001422475106685,0.6998577524893315,0.04645642590708715,
2026-08-17 10:04:05,SAN,Santa Rosa,2615,10058,725,21,107,13526,0.2063441963228912,0.7936558036771089,0.06306372911429839,
2026-08-17 10:04:05,SAR,Sarasota,25959,29706,7889,127,933,64614,0.4663433036917273,0.5336566963082727,0.13849939641563747,
2026-08-17 10:04:05,WAL,Walton,1106,6264,290,23,41,7724,0.150067842605156,0.849932157394844,0.04583117555670637,
2026-08-17 10:57:45,ALA,Alachua,15504,6743,2445,76,245,25013,0.696902953207174,0.303097046792826,0.11058249710150722,
2026-08-17 10:57:45,BRA,Bradford,436,1462,29,0,2,1929,0.2297154899894626,0.7702845100105374,0.01607050285121825,
2026-08-17 10:57:45,BRE,Brevard,23960,34663,6975,179,856,66633,0.4087133036521502,0.5912866963478498,0.1202107064067354,
2026-08-17 10:57:45,CHA,Charlotte,8086,16174,3208,97,485,28050,0.3333058532563891,0.6666941467436108,0.13511586452762922,
2026-08-17 10:57:45,CIT,Citrus,5740,14530,2606,87,391,23354,0.2831771090281204,0.7168228909718797,0.13205446604436072,
2026-08-17 10:57:45,CLA,Clay,4986,13584,1368,47,152,20137,0.2684975767366721,0.7315024232633279,0.07781695386601778,
2026-08-17 10:57:45,CLL,Collier,10422,28573,4133,77,463,43668,0.2672650339787152,0.7327349660212847,0.10701199963359898,
2026-08-17 10:57:45,DES,DeSoto,514,1029,0,0,0,1543,0.3331173039533376,0.6668826960466624,0.0,
2026-08-17 10:57:45,DUV,Duval,41263,30870,5922,227,660,78942,0.5720405362316832,0.4279594637683168,0.08625319855083478,
2026-08-17 10:57:45,ESC,Escambia,10093,15676,2442,77,280,28568,0.3916721642283364,0.6083278357716636,0.09797675721086531,
2026-08-17 10:57:45,FRA,Franklin,397,688,90,3,21,1199,0.3658986175115207,0.6341013824884792,0.0950792326939116,
2026-08-17 10:57:45,GAD,Gadsden,3595,957,137,9,11,4709,0.7897627416520211,0.2102372583479789,0.03334041197706519,
2026-08-17 10:57:45,GIL,Gilchrist,322,1499,87,9,12,1929,0.1768259198242723,0.8231740801757276,0.05598755832037325,
2026-08-17 10:57:45,GLA,Glades,204,635,56,2,7,904,0.2431466030989273,0.7568533969010727,0.07190265486725664,
2026-08-17 10:57:45,HAM,Hamilton,345,720,32,4,6,1107,0.323943661971831,0.676056338028169,0.037940379403794036,
2026-08-17 10:57:45,HIG,Highlands,2063,5383,697,23,95,8261,0.277061509535321,0.7229384904646791,0.09865633700520518,
2026-08-17 10:57:45,HIL,Hillsborough,57796,53743,15542,366,1480,128927,0.5181685329794959,0.481831467020504,0.13486701776974566,
2026-08-17 10:57:45,HOL,Holmes,207,1322,41,3,2,1575,0.1353826030085023,0.8646173969914978,0.029206349206349208,
2026-08-17 10:57:45,LEE,Lee,28219,55155,13121,249,1296,98040,0.3384628301388922,0.6615371698611078,0.1495920032639739,
2026-08-17 10:57:45,LEO,Leon,22817,11404,3660,100,338,38319,0.6667543321352386,0.3332456678647614,0.10694433570813434,
2026-08-17 10:57:45,LIB,Liberty,192,804,39,3,0,1038,0.1927710843373494,0.8072289156626506,0.04046242774566474,
2026-08-17 10:57:45,MAD,Madison,713,1211,68,3,4,1999,0.3705821205821206,0.6294178794178794,0.03751875937968985,
2026-08-17 10:57:45,MAN,Manatee,14680,23638,1797,23,199,40337,0.3831097656453885,0.6168902343546114,0.050053300939584,
2026-08-17 10:57:45,MRN,Marion,11284,17447,2491,72,353,31647,0.3927465107375308,0.6072534892624691,0.09214143520712864,
2026-08-17 10:57:45,DAD,Miami-Dade,76829,57121,24665,218,1631,160464,0.5735647629712579,0.4264352370287421,0.16523332336224947,
2026-08-17 10:57:45,MON,Monroe,4340,4799,1344,47,159,10689,0.4748878433088959,0.5251121566911041,0.1450088876415006,
2026-08-17 10:57:45,ORA,Orange,59635,34889,15454,403,1249,111630,0.6308979730015657,0.3691020269984342,0.15323837678043536,
2026-08-17 10:57:45,OSC,Osceola,12381,9681,3944,104,283,26393,0.5611911884688605,0.4388088115311395,0.16409654074944113,
2026-08-17 10:57:45,PAL,Palm Beach,67658,40521,12797,209,1563,122748,0.6254263766535094,0.3745736233464905,0.11869032489327729,
2026-08-17 10:57:45,PAS,Pasco,16077,20442,4704,117,523,41863,0.4402365891727594,0.5597634108272406,0.12765449203353796,
2026-08-17 10:57:45,PIN,Pinellas,48529,45745,17806,387,1619,114086,0.5147654708615312,0.4852345291384687,0.17365846817313255,
2026-08-17 10:57:45,POL,Polk,17990,20903,4411,116,548,43968,0.4625511017406731,0.5374488982593268,0.11542485443959243,
2026-08-17 10:57:45,SAN,Santa Rosa,2631,10080,728,21,110,13570,0.2069860750531036,0.7930139249468964,0.06330140014738393,
2026-08-17 10:57:45,SAR,Sarasota,25963,29716,7892,127,933,64631,0.4662978860970923,0.5337021139029078,0.13850938404171373,
2026-08-17 10:57:45,STJ,St. Johns,9960,19392,2284,62,252,31950,0.339329517579722,0.660670482420278,0.08131455399061033,
2026-08-17 10:57:45,WAK,Wakulla,1051,2397,181,6,22,3657,0.304814385150812,0.695185614849188,0.057150669948044845,
2026-08-17 10:57:45,WAL,Walton,1110,6281,291,23,41,7746,0.1501826545798944,0.8498173454201056,0.04583010586108959,
2026-08-17 11:55:42,ALA,Alachua,15510,6747,2446,76,246,25025,0.6968594150155007,0.3031405849844992,0.11060939060939061,
2026-08-17 11:55:42,BAY,Bay,3938,12772,1139,49,143,18041,0.2356672651107121,0.7643327348892879,0.07377639820409068,
2026-08-17 11:55:42,BRA,Bradford,436,1464,29,0,2,1931,0.2294736842105263,0.7705263157894737,0.01605385810460901,
2026-08-17 11:55:42,BRE,Brevard,23964,34666,6975,179,856,66640,0.4087327306839502,0.5912672693160498,0.12019807923169268,
2026-08-17 11:55:42,CHA,Charlotte,8087,16174,3209,97,485,28052,0.3333333333333333,0.6666666666666666,0.13514187936689007,
2026-08-17 11:55:42,CIT,Citrus,5784,14570,2615,87,391,23447,0.2841701876780976,0.7158298123219023,0.13191453064357914,
2026-08-17 11:55:42,CLA,Clay,4987,13585,1368,47,152,20139,0.2685225069997846,0.7314774930002154,0.07780922588013307,
2026-08-17 11:55:42,CLL,Collier,10431,28592,4136,77,463,43699,0.2673038977013556,0.7326961022986443,0.1070047369505023,
2026-08-17 11:55:42,DES,DeSoto,515,1029,0,0,0,1544,0.3335492227979275,0.6664507772020726,0.0,
2026-08-17 11:55:42,DUV,Duval,41267,30871,5923,227,660,78948,0.5720563364662176,0.4279436635337825,0.0862593099255206,
2026-08-17 11:55:42,FLA,Flagler,6401,10346,1935,60,195,18937,0.3822177106347405,0.6177822893652595,0.11564661773248139,
2026-08-17 11:55:42,GAD,Gadsden,3598,957,137,9,11,4712,0.7899012074643249,0.2100987925356751,0.03331918505942275,
2026-08-17 11:55:42,GIL,Gilchrist,322,1505,87,9,12,1935,0.1762452107279693,0.8237547892720306,0.05581395348837209,
2026-08-17 11:55:42,GUL,Gulf,489,1653,30,1,9,2182,0.2282913165266106,0.7717086834733894,0.01833180568285976,
2026-08-17 11:55:42,HEN,Hendry,764,1737,169,13,12,2695,0.3054778088764494,0.6945221911235506,0.07198515769944341,
2026-08-17 11:55:42,HIL,Hillsborough,58367,54039,15642,368,1493,129909,0.5192516413714571,0.480748358628543,0.13473277448059795,
2026-08-17 11:55:42,HOL,Holmes,208,1327,42,3,2,1582,0.1355048859934853,0.8644951140065147,0.02970922882427307,
2026-08-17 11:55:42,IND,Indian River,6354,12098,1845,61,281,20639,0.3443529156730978,0.6556470843269022,0.10596443626144678,
2026-08-17 11:55:42,LEE,Lee,28498,55723,13258,250,1302,99031,0.3383716650241626,0.6616283349758374,0.14954913108016682,
2026-08-17 11:55:42,LEO,Leon,22820,11404,3661,100,338,38323,0.666783543712015,0.333216456287985,0.10695926728074524,
2026-08-17 11:55:42,LEV,Levy,1048,2871,229,21,43,4212,0.2674151569277877,0.7325848430722123,0.06956315289648624,
2026-08-17 11:55:42,LIB,Liberty,195,820,39,3,0,1057,0.1921182266009852,0.8078817733990148,0.039735099337748346,
2026-08-17 11:55:42,MAD,Madison,714,1211,68,3,4,2000,0.3709090909090909,0.6290909090909091,0.0375,
2026-08-17 11:55:42,MAN,Manatee,14746,23689,1799,23,199,40456,0.3836607259008716,0.6163392740991284,0.04995550721771801,
2026-08-17 11:55:42,MRN,Marion,11523,17623,2547,72,368,32133,0.3953544225622727,0.6046455774377273,0.09295739582360812,
2026-08-17 11:55:42,DAD,Miami-Dade,76878,57150,24694,218,1632,160572,0.5735965619124362,0.4264034380875638,0.16530902025259697,
2026-08-17 11:55:42,MON,Monroe,4341,4803,1346,47,159,10696,0.474737532808399,0.5252624671916011,0.14510097232610322,
2026-08-17 11:55:42,OKA,Okaloosa,3162,10139,842,33,104,14280,0.237726486730321,0.762273513269679,0.06855742296918768,
2026-08-17 11:55:42,ORA,Orange,59643,34901,15460,403,1249,111656,0.63084912844813,0.36915087155187,0.15325643046499965,
2026-08-17 11:55:42,OSC,Osceola,12467,9755,3981,104,285,26592,0.561020610206102,0.4389793897938979,0.16433513838748495,
2026-08-17 11:55:42,PAL,Palm Beach,67967,40781,12844,211,1565,123368,0.6249954022142936,0.3750045977857064,0.11850723040010376,
2026-08-17 11:55:42,PAS,Pasco,16557,20875,4861,122,532,42947,0.4423220773669588,0.5576779226330413,0.1284140917875521,
2026-08-17 11:55:42,POL,Polk,18248,21105,4459,117,549,44478,0.4637003532132239,0.5362996467867761,0.11522550474391834,
2026-08-17 11:55:42,SAN,Santa Rosa,2633,10089,728,21,110,13581,0.2069643137871404,0.7930356862128596,0.06325012885649069,
2026-08-17 11:55:42,SAR,Sarasota,26272,29794,7946,128,941,65081,0.4685905896621838,0.5314094103378162,0.13851969084679092,
2026-08-17 11:55:42,STJ,St. Johns,10093,19493,2308,62,253,32209,0.3411410802406543,0.6588589197593456,0.08143686547238349,
2026-08-17 11:55:42,SUM,Sumter,7620,20170,2306,45,255,30396,0.2741993522849946,0.7258006477150054,0.08573496512699039,
2026-08-17 11:55:42,SUW,Suwannee,879,2883,87,8,12,3869,0.233652312599681,0.766347687400319,0.027655724993538383,
2026-08-17 11:55:42,VOL,Volusia,23297,31134,8561,178,992,64162,0.428009773842112,0.571990226157888,0.151662978086718,
2026-08-17 12:59:15,BRA,Bradford,438,1464,29,0,2,1933,0.2302839116719243,0.7697160883280757,0.01603724780134506,
2026-08-17 12:59:15,BRE,Brevard,23965,34666,6975,179,856,66641,0.4087428152342617,0.5912571847657383,0.12019627556609294,
2026-08-17 12:59:15,CIT,Citrus,5918,14750,2669,88,395,23820,0.2863363653957809,0.7136636346042191,0.13232577665827036,
2026-08-17 12:59:15,CLA,Clay,4991,13587,1368,47,152,20145,0.2686510926902788,0.7313489073097211,0.07778605112931249,
2026-08-17 12:59:15,CLL,Collier,10433,28605,4138,77,463,43716,0.2672524207182745,0.7327475792817255,0.10700887546893587,
2026-08-17 12:59:15,DUV,Duval,41269,30872,5925,227,660,78953,0.5720602708584578,0.4279397291415422,0.0862791787519157,
2026-08-17 12:59:15,FLA,Flagler,6540,10466,1959,60,197,19222,0.3845701517111607,0.6154298482888393,0.1152845697638123,
2026-08-17 12:59:15,GAD,Gadsden,3633,963,139,9,11,4755,0.7904699738903395,0.2095300261096605,0.033438485804416405,
2026-08-17 12:59:15,GIL,Gilchrist,322,1512,87,9,12,1942,0.1755725190839694,0.8244274809160306,0.055612770339855816,
2026-08-17 12:59:15,HAM,Hamilton,353,734,33,4,6,1130,0.3247470101195952,0.6752529898804048,0.03805309734513274,
2026-08-17 12:59:15,HAR,Hardee,276,1059,41,6,7,1389,0.2067415730337078,0.7932584269662921,0.038876889848812095,
2026-08-17 12:59:15,HEN,Hendry,764,1740,169,13,12,2698,0.305111821086262,0.694888178913738,0.07190511489992588,
2026-08-17 12:59:15,HER,Hernando,6770,11068,2239,79,243,20399,0.3795268527861868,0.6204731472138132,0.12554536987107212,
2026-08-17 12:59:15,HIL,Hillsborough,58381,54043,15646,368,1493,129931,0.5192930335159752,0.4807069664840248,0.13474074701187552,
2026-08-17 12:59:15,HOL,Holmes,208,1328,42,3,2,1583,0.1354166666666666,0.8645833333333334,0.02969046114971573,
2026-08-17 12:59:15,IND,Indian River,6396,12173,1848,61,282,20760,0.3444450428132909,0.6555549571867091,0.10553949903660886,
2026-08-17 12:59:15,LAK,Lake,11735,17589,3313,66,339,33042,0.4001841495021143,0.5998158504978857,0.11252345499667091,
2026-08-17 12:59:15,LEE,Lee,28658,56033,13357,251,1314,99613,0.3383830631353981,0.6616169368646019,0.1497997249355004,
2026-08-17 12:59:15,LEO,Leon,23051,11498,3703,101,342,38695,0.667197313959883,0.3328026860401169,0.10714562604987725,
2026-08-17 12:59:15,LEV,Levy,1056,2885,231,21,43,4236,0.2679522963714793,0.7320477036285207,0.06964117091595845,
2026-08-17 12:59:15,MAD,Madison,715,1211,68,3,4,2001,0.3712357217030114,0.6287642782969886,0.037481259370314844,
2026-08-17 12:59:15,MAN,Manatee,14909,23839,1812,23,201,40784,0.3847682461030247,0.6152317538969754,0.04992153785798352,
2026-08-17 12:59:15,MRN,Marion,11526,17630,2547,72,368,32143,0.395321717656743,0.6046782823432569,0.09292847587344057,
2026-08-17 12:59:15,MRT,Martin,5397,8859,1444,28,217,15945,0.378577441077441,0.6214225589225589,0.10592662276575729,
2026-08-17 12:59:15,DAD,Miami-Dade,76908,57174,24712,218,1634,160646,0.5735892961023851,0.4264107038976149,0.16535736962015862,
2026-08-17 12:59:15,MON,Monroe,4404,4890,1369,48,161,10872,0.47385409941898,0.5261459005810201,0.14514348785871964,
2026-08-17 12:59:15,NAS,Nassau,3220,8875,1405,47,217,13764,0.2662257131045886,0.7337742868954114,0.12125835512932287,
2026-08-17 12:59:15,OKA,Okaloosa,3196,10179,847,33,105,14360,0.2389532710280373,0.7610467289719626,0.0685933147632312,
2026-08-17 12:59:15,ORA,Orange,59772,35015,15499,404,1254,111944,0.630592802810512,0.369407197189488,0.153264132066033,
2026-08-17 12:59:15,OSC,Osceola,12708,9908,4069,109,293,27087,0.5619030774672799,0.4380969225327202,0.16506073023959833,
2026-08-17 12:59:15,PAL,Palm Beach,68405,41000,12925,213,1572,124115,0.6252456469082766,0.3747543530917234,0.118519115336583,
2026-08-17 12:59:15,PAS,Pasco,16558,20880,4862,122,533,42955,0.4422778994604412,0.5577221005395587,0.1284367361191945,
2026-08-17 12:59:15,PIN,Pinellas,48529,46416,17806,387,1619,114757,0.5111274948654484,0.4888725051345516,0.1726430631682599,
2026-08-17 12:59:15,POL,Polk,18546,21418,4537,119,554,45174,0.4640676608948053,0.5359323391051947,0.11533182804267941,
2026-08-17 12:59:15,SAN,Santa Rosa,2641,10102,728,21,110,13602,0.2072510397865495,0.7927489602134505,0.06315247757682693,
2026-08-17 12:59:15,SAR,Sarasota,27073,30356,8164,130,965,66688,0.4714168799735325,0.5285831200264675,0.13884057101727448,
2026-08-17 12:59:15,STJ,St. Johns,10294,19749,2378,63,257,32741,0.3426422128282794,0.6573577871717206,0.08240432485263126,
2026-08-17 12:59:15,STL,St. Lucie,13997,14086,3695,98,472,32348,0.4984154114588897,0.5015845885411103,0.13184740942252998,
2026-08-17 12:59:15,SUM,Sumter,7658,20227,2316,45,256,30502,0.2746279361663977,0.7253720638336023,0.08579765261294342,
2026-08-17 12:59:15,SUW,Suwannee,917,2966,88,8,12,3991,0.2361576100952871,0.7638423899047129,0.027060886995740416,
2026-08-17 12:59:15,VOL,Volusia,23473,31361,8617,179,998,64628,0.4280738228106649,0.5719261771893351,0.15154422231849973,
2026-08-17 12:59:15,WAL,Walton,1110,6284,291,23,41,7749,0.1501217203137679,0.8498782796862321,0.045812362885533614,
2026-08-17 12:59:15,WAS,Washington,433,1791,64,4,8,2300,0.1946942446043165,0.8053057553956835,0.03304347826086956,
2026-08-17 13:41:34,BRA,Bradford,439,1469,29,0,2,1939,0.230083857442348,0.769916142557652,0.01598762248581743,
2026-08-17 13:41:34,BRE,Brevard,23972,34678,6976,179,856,66661,0.4087297527706734,0.5912702472293265,0.12017521489326592,
2026-08-17 13:41:34,CIT,Citrus,5936,14775,2681,88,395,23875,0.2866109796726377,0.7133890203273623,0.13252356020942407,
2026-08-17 13:41:34,CLA,Clay,5138,13759,1400,49,153,20499,0.2718950097899137,0.7281049902100862,0.07815015366603249,
2026-08-17 13:41:34,CLL,Collier,10435,28611,4139,77,463,43725,0.2672488859294166,0.7327511140705835,0.10700971983990852,
2026-08-17 13:41:34,ESC,Escambia,10095,15676,2442,77,280,28570,0.3917193744907066,0.6082806255092934,0.09796989849492474,
2026-08-17 13:41:34,FLA,Flagler,6650,10560,1985,60,199,19454,0.3864032539221383,0.6135967460778617,0.11534902847743395,
2026-08-17 13:41:34,FRA,Franklin,409,713,92,3,21,1238,0.3645276292335115,0.6354723707664884,0.09369951534733441,
2026-08-17 13:41:34,GAD,Gadsden,3638,964,139,9,11,4761,0.7905258583224685,0.2094741416775315,0.03339634530560807,
2026-08-17 13:41:34,GIL,Gilchrist,324,1512,87,9,12,1944,0.1764705882352941,0.8235294117647058,0.05555555555555555,
2026-08-17 13:41:34,HAR,Hardee,279,1062,43,6,7,1397,0.2080536912751678,0.7919463087248322,0.04008589835361489,
2026-08-17 13:41:34,HER,Hernando,6818,11182,2269,80,247,20596,0.3787777777777777,0.6212222222222222,0.12604389201786756,
2026-08-17 13:41:34,IND,Indian River,6414,12195,1853,61,282,20805,0.3446719329356763,0.6553280670643237,0.10555155010814708,
2026-08-17 13:41:34,JEF,Jefferson,772,986,64,2,15,1839,0.4391353811149033,0.5608646188850968,0.04404567699836868,
2026-08-17 13:41:34,LAK,Lake,11737,17589,3325,66,341,33058,0.400225056264066,0.599774943735934,0.11289249198378608,
2026-08-17 13:41:34,LEE,Lee,28744,56153,13388,251,1317,99853,0.3385749790923119,0.6614250209076882,0.14978017685998418,
2026-08-17 13:41:34,LEO,Leon,23052,11498,3704,101,342,38697,0.6672069464544139,0.3327930535455861,0.1071659301754658,
2026-08-17 13:41:34,LEV,Levy,1087,2953,239,22,45,4346,0.2690594059405941,0.7309405940594059,0.0704095720202485,
2026-08-17 13:41:34,LIB,Liberty,195,823,39,3,0,1060,0.1915520628683693,0.8084479371316307,0.03962264150943396,
2026-08-17 13:41:34,MAD,Madison,717,1213,68,3,4,2005,0.3715025906735751,0.6284974093264248,0.03740648379052369,
2026-08-17 13:41:34,MAN,Manatee,15174,24144,1824,23,205,41370,0.3859301083473218,0.6140698916526781,0.049601160261058735,
2026-08-17 13:41:34,MRN,Marion,11607,17708,2557,72,368,32312,0.3959406447211325,0.6040593552788674,0.09275191879178014,
2026-08-17 13:41:34,MRT,Martin,5462,8933,1458,29,223,16105,0.3794373046196596,0.6205626953803404,0.1061782055262341,
2026-08-17 13:41:34,DAD,Miami-Dade,76924,57174,24713,218,1634,160663,0.5736401736043789,0.4263598263956211,0.1653460971101,
2026-08-17 13:41:34,MON,Monroe,4404,4895,1369,48,161,10877,0.473599311753952,0.5264006882460479,0.14507676749103612,
2026-08-17 13:41:34,NAS,Nassau,3240,8948,1417,47,220,13872,0.2658352477847062,0.7341647522152938,0.12139561707035755,
2026-08-17 13:41:34,OKA,Okaloosa,3205,10190,851,33,105,14384,0.2392683837252706,0.7607316162747294,0.06875695216907675,
2026-08-17 13:41:34,OSC,Osceola,12712,9911,4069,109,293,27094,0.5619060248419749,0.438093975158025,0.1650180851849118,
2026-08-17 13:41:34,PAL,Palm Beach,68414,41009,12925,213,1572,124133,0.6252250440949343,0.3747749559050656,0.1185019293821949,
2026-08-17 13:41:34,PAS,Pasco,16559,20880,4865,122,533,42959,0.4422927962819519,0.557707203718048,0.12849461114085522,
2026-08-17 13:41:34,PIN,Pinellas,49200,47050,17806,387,1619,116062,0.5111688311688312,0.4888311688311688,0.17070186624390413,
2026-08-17 13:41:34,POL,Polk,18642,21517,4553,119,557,45388,0.4642047859757464,0.5357952140242536,0.11520666255397903,
2026-08-17 13:41:34,SAN,Santa Rosa,2664,10151,740,21,112,13688,0.2078813889972688,0.7921186110027312,0.06377849210987727,
2026-08-17 13:41:34,SAR,Sarasota,27812,30931,8362,134,990,68229,0.4734521560015661,0.5265478439984339,0.1390317900013191,
2026-08-17 13:41:34,SEM,Seminole,17880,17315,4908,112,505,40720,0.5080267083392528,0.4919732916607472,0.13568271119842829,
2026-08-17 13:41:34,STJ,St. Johns,10331,19773,2382,63,257,32806,0.3431769864469838,0.6568230135530162,0.08236298238127172,
2026-08-17 13:41:34,STL,St. Lucie,14387,14182,3695,98,472,32834,0.5035878049634219,0.4964121950365781,0.12989583967838217,
2026-08-17 13:41:34,SUM,Sumter,7693,20282,2323,45,256,30599,0.2749955317247542,0.7250044682752458,0.08575443641949083,
2026-08-17 13:41:34,SUW,Suwannee,920,2974,88,8,12,4002,0.2362609142270159,0.7637390857729841,0.026986506746626688,
2026-08-17 13:41:34,WAS,Washington,441,1816,64,4,8,2333,0.1953921134249003,0.8046078865750997,0.03257608229747107,
2026-08-17 13:55:26,ALA,Alachua,15515,6750,2447,76,246,25034,0.6968335953289917,0.3031664046710083,0.1106095709834625,
2026-08-17 13:55:26,BRE,Brevard,24039,34678,6976,179,856,66728,0.4094044314253112,0.5905955685746888,0.12005454981417096,
2026-08-17 13:55:26,BRO,Broward,88811,29135,13963,1331,0,133240,0.7529801773693046,0.2470198226306954,0.11478534974482138,First entry / reopened
2026-08-17 13:55:26,CIT,Citrus,5939,14787,2684,88,395,23893,0.2865482968252436,0.7134517031747564,0.13254928221654877,
2026-08-17 13:55:26,CLA,Clay,5159,13776,1408,49,153,20545,0.2724584103512015,0.7275415896487986,0.07836456558773425,
2026-08-17 13:55:26,DES,DeSoto,518,1037,0,0,0,1555,0.3331189710610932,0.6668810289389068,0.0,
2026-08-17 13:55:26,FLA,Flagler,6671,10570,1988,60,199,19488,0.3869265123832724,0.6130734876167275,0.11530172413793104,
2026-08-17 13:55:26,HEN,Hendry,766,1740,169,13,12,2700,0.3056664006384677,0.6943335993615323,0.07185185185185185,
2026-08-17 13:55:26,HER,Hernando,6835,11219,2274,80,249,20657,0.378586462833721,0.6214135371662789,0.12601055332332867,
2026-08-17 13:55:26,HIL,Hillsborough,58383,54043,15646,368,1493,129933,0.5193015850426058,0.4806984149573942,0.13473867300839665,
2026-08-17 13:55:26,LEV,Levy,1099,2977,240,24,46,4386,0.2696270853778214,0.7303729146221786,0.07067943456452348,
2026-08-17 13:55:26,MAN,Manatee,15179,24208,1827,23,206,41443,0.38538096326199,0.61461903673801,0.049610308134063655,
2026-08-17 13:55:26,MRT,Martin,5468,8937,1462,29,224,16120,0.379590419993058,0.620409580006942,0.10638957816377172,
2026-08-17 13:55:26,DAD,Miami-Dade,76929,57176,24715,218,1634,160672,0.5736475150068976,0.4263524849931024,0.16534928301135232,
2026-08-17 13:55:26,MON,Monroe,4407,4895,1369,48,161,10880,0.4737690819178671,0.5262309180821328,0.14503676470588237,
2026-08-17 13:55:26,OKA,Okaloosa,3205,10191,851,33,105,14385,0.239250522544043,0.760749477455957,0.06875217240180743,
2026-08-17 13:55:26,PAS,Pasco,16560,20880,4866,122,533,42961,0.4423076923076923,0.5576923076923077,0.12851190614743604,
2026-08-17 13:55:26,PIN,Pinellas,49553,47050,17806,387,1619,116415,0.5129550842106353,0.4870449157893647,0.17018425460636516,
2026-08-17 13:55:26,POL,Polk,18671,21538,4557,119,557,45442,0.4643487776368474,0.5356512223631525,0.11515778354825933,
2026-08-17 13:55:26,SAN,Santa Rosa,2678,10165,743,21,114,13721,0.20851825897376,0.79148174102624,0.06398950513810947,
2026-08-17 13:55:26,SAR,Sarasota,27813,30937,8362,134,990,68236,0.4734127659574468,0.5265872340425531,0.1390175274048889,
2026-08-17 13:55:26,STL,St. Lucie,14387,14285,3695,98,472,32937,0.5017787388392857,0.4982212611607143,0.12948963172116465,
2026-08-17 13:55:26,SUM,Sumter,7712,20308,2324,45,258,30647,0.275231977159172,0.724768022840828,0.08571801481384801,
2026-08-17 13:55:26,SUW,Suwannee,923,2982,88,8,12,4013,0.2363636363636363,0.7636363636363637,0.02691253426364316,
2026-08-17 13:59:30,JEF,Jefferson,777,989,65,2,16,1849,0.4399773499433748,0.5600226500566251,0.04488912925905895,
2026-08-17 15:44:48,ALA,Alachua,15519,6751,2447,76,246,25039,0.6968567579703637,0.3031432420296363,0.11058748352569991,
2026-08-17 15:44:48,BAY,Bay,3974,12827,1141,49,143,18134,0.2365335396702577,0.7634664603297423,0.07350832689974633,
2026-08-17 15:44:48,BRA,Bradford,442,1477,29,0,2,1950,0.2303282959874935,0.7696717040125065,0.015897435897435898,
2026-08-17 15:44:48,BRE,Brevard,24156,34838,7005,180,861,67040,0.4094653693595959,0.5905346306404041,0.12001789976133652,
2026-08-17 15:44:48,BRO,Broward,88994,29166,13974,1333,0,133467,0.7531651997291807,0.2468348002708192,0.11468752575543018,
2026-08-17 15:44:48,CHA,Charlotte,8148,16268,3217,98,486,28217,0.3337155963302752,0.6662844036697247,0.13470602828082362,
2026-08-17 15:44:48,CLL,Collier,10436,28612,4139,77,463,43727,0.267260807211637,0.7327391927883631,0.10700482539392138,
2026-08-17 15:44:48,CLM,Columbia,1988,5233,430,25,48,7724,0.2753081290679961,0.7246918709320038,0.06512169860176074,
2026-08-17 15:44:48,DES,DeSoto,527,1058,0,0,0,1585,0.3324921135646688,0.6675078864353312,0.0,
2026-08-17 15:44:48,DUV,Duval,41283,31249,5927,227,660,79346,0.5691694700270226,0.4308305299729774,0.08587704484157992,
2026-08-17 15:44:48,ESC,Escambia,10097,15678,2442,77,280,28574,0.3917361784675073,0.6082638215324927,0.09795618394344509,
2026-08-17 15:44:48,FLA,Flagler,6690,10589,1992,60,199,19530,0.3871751837490595,0.6128248162509404,0.11525857654889914,
2026-08-17 15:44:48,FRA,Franklin,410,713,92,3,21,1239,0.365093499554764,0.634906500445236,0.09362389023405973,
2026-08-17 15:44:48,GAD,Gadsden,3658,968,139,9,11,4785,0.7907479463899697,0.2092520536100302,0.03322884012539185,
2026-08-17 15:44:48,GIL,Gilchrist,324,1521,87,9,12,1953,0.1756097560975609,0.824390243902439,0.055299539170506916,
2026-08-17 15:44:48,HEN,Hendry,771,1749,169,13,12,2714,0.305952380952381,0.694047619047619,0.07148120854826824,
2026-08-17 15:44:48,HER,Hernando,6864,11271,2292,81,251,20759,0.3784946236559139,0.621505376344086,0.1264030059251409,
2026-08-17 15:44:48,HIG,Highlands,2085,5383,702,23,96,8289,0.2791912158543117,0.7208087841456883,0.09904692966582217,
2026-08-17 15:44:48,HIL,Hillsborough,58384,54043,15646,368,1493,129934,0.5193058606918267,0.4806941393081733,0.13473763603060016,
2026-08-17 15:44:48,HOL,Holmes,208,1330,42,3,2,1585,0.1352405721716515,0.8647594278283485,0.02965299684542587,
2026-08-17 15:44:48,IND,Indian River,6418,12198,1853,61,282,20812,0.3447571981091534,0.6552428018908466,0.10551604843359601,
2026-08-17 15:44:48,LAF,Lafayette,108,699,10,0,2,819,0.1338289962825278,0.8661710037174721,0.014652014652014652,
2026-08-17 15:44:48,LAK,Lake,11737,17591,3326,66,341,33061,0.4001977632296781,0.5998022367703219,0.11291249508484316,
2026-08-17 15:44:48,LEE,Lee,28785,56217,13397,251,1317,99967,0.3386390908449213,0.6613609091550787,0.14969940080226474,
2026-08-17 15:44:48,LEO,Leon,23224,11541,3727,101,343,38936,0.6680281892708183,0.3319718107291816,0.10712451201972467,
2026-08-17 15:44:48,LEV,Levy,1100,2977,240,24,46,4387,0.2698062300711307,0.7301937699288693,0.07066332345566446,
2026-08-17 15:44:48,LIB,Liberty,196,829,39,3,0,1067,0.1912195121951219,0.8087804878048781,0.03936269915651359,
2026-08-17 15:44:48,MAD,Madison,720,1213,68,3,4,2008,0.3724780134505949,0.627521986549405,0.037350597609561755,
2026-08-17 15:44:48,MAN,Manatee,15483,24469,1850,24,209,42035,0.3875400480576692,0.6124599519423308,0.049553943142619246,
2026-08-17 15:44:48,MRT,Martin,5586,9092,1481,31,226,16416,0.380569559885543,0.619430440114457,0.10587231968810916,
2026-08-17 15:44:48,DAD,Miami-Dade,76930,57176,24717,218,1635,160676,0.5736506942269548,0.4263493057730452,0.16536383778535688,
2026-08-17 15:44:48,MON,Monroe,4416,4901,1372,48,162,10899,0.4739723086830525,0.5260276913169475,0.14515093127809892,
2026-08-17 15:44:48,NAS,Nassau,3242,8948,1417,47,220,13874,0.2659557013945857,0.7340442986054143,0.1213781173417904,
2026-08-17 15:44:48,OKA,Okaloosa,3205,10191,851,33,106,14386,0.239250522544043,0.760749477455957,0.06881690532462116,
2026-08-17 15:44:48,ORA,Orange,60144,35218,15614,405,1268,112649,0.6306914703970135,0.3693085296029865,0.15345897433621247,
2026-08-17 15:44:48,OSC,Osceola,12767,9948,4089,109,295,27208,0.5620515078142196,0.4379484921857803,0.16513525433695972,
2026-08-17 15:44:48,PAL,Palm Beach,68452,41022,12934,213,1572,124193,0.6252808886128213,0.3747191113871786,0.11851714669908932,
2026-08-17 15:44:48,PAS,Pasco,16561,20884,4866,122,533,42966,0.4422753371611697,0.5577246628388303,0.12849695107759623,
2026-08-17 15:44:48,PIN,Pinellas,50007,47079,18332,398,1671,117487,0.5150794141276807,0.4849205858723194,0.17364474367376817,
2026-08-17 15:44:48,POL,Polk,18689,21554,4563,119,558,45483,0.464403747235544,0.5355962527644559,0.11520787986720313,
2026-08-17 15:44:48,PUT,Putnam,1736,3975,250,11,23,5995,0.3039747855016634,0.6960252144983365,0.04737281067556297,
2026-08-17 15:44:48,SAN,Santa Rosa,2703,10213,746,21,115,13798,0.2092753174357386,0.7907246825642614,0.06392230758080882,
2026-08-17 15:44:48,SAR,Sarasota,27839,30952,8366,134,990,68281,0.4735248592471637,0.5264751407528363,0.13898449056106385,
2026-08-17 15:44:48,SEM,Seminole,17929,17448,4908,112,505,40902,0.5067982022217825,0.4932017977782175,0.13507896924355778,
2026-08-17 15:44:48,STJ,St. Johns,10384,19795,2390,63,258,32890,0.3440803207528414,0.6559196792471587,0.08242626938279113,
2026-08-17 15:44:48,STL,St. Lucie,14573,14426,3846,103,491,33439,0.5025345701575916,0.4974654298424084,0.13277909028380036,
2026-08-17 15:44:48,SUM,Sumter,7998,20737,2379,46,270,31430,0.2783365234035149,0.7216634765964851,0.08574610244988864,
2026-08-17 15:44:48,SUW,Suwannee,923,2983,88,8,12,4014,0.2363031233998976,0.7636968766001024,0.026905829596412557,
2026-08-17 15:44:48,TAY,Taylor,346,1205,11,2,5,1569,0.2230818826563507,0.7769181173436492,0.011472275334608031,
2026-08-17 15:44:48,UNI,Union,170,820,24,2,5,1021,0.1717171717171717,0.8282828282828283,0.030362389813907934,
2026-08-17 15:44:48,WAK,Wakulla,1066,2420,183,7,22,3698,0.3057946069994263,0.6942053930005737,0.057328285559762035,
2026-08-17 15:44:48,WAL,Walton,1148,6342,297,23,41,7851,0.1532710280373831,0.8467289719626169,0.04598140364284804,
2026-08-17 15:44:48,WAS,Washington,442,1828,64,4,8,2346,0.1947136563876652,0.8052863436123348,0.03239556692242114,
2026-08-17 15:55:40,BAY,Bay,3979,12836,1145,49,143,18152,0.2366339577757954,0.7633660422242046,0.07365579550462759,
2026-08-17 15:55:40,BRO,Broward,88995,29166,13974,1333,0,133468,0.753167288699317,0.2468327113006829,0.11468666646686847,
2026-08-17 15:55:40,DUV,Duval,41289,31364,5927,227,660,79467,0.5683041305933685,0.4316958694066315,0.08574628462128935,
2026-08-17 15:55:40,GAD,Gadsden,3658,968,141,9,11,4787,0.7907479463899697,0.2092520536100302,0.03363275537915187,
2026-08-17 15:55:40,HEN,Hendry,772,1749,169,13,12,2715,0.3062276874256247,0.6937723125743752,0.0714548802946593,
2026-08-17 15:55:40,HIG,Highlands,2090,5417,702,23,96,8328,0.2784068203010523,0.7215931796989477,0.09858309317963497,
2026-08-17 15:55:40,HIL,Hillsborough,58385,54043,15646,368,1493,129935,0.5193101362649873,0.4806898637350126,0.13473659906876514,
2026-08-17 15:55:40,IND,Indian River,6462,12252,1856,61,284,20915,0.3453029817249118,0.6546970182750882,0.1052354769304327,
2026-08-17 15:55:40,LAK,Lake,11744,17593,3328,66,341,33072,0.4003135971639908,0.5996864028360092,0.11293541364296081,
2026-08-17 15:55:40,LEE,Lee,28803,56240,13397,251,1319,100010,0.3386874875063203,0.6613125124936796,0.14965503449655035,
2026-08-17 15:55:40,MAN,Manatee,15518,24501,1851,24,209,42103,0.3877658112396611,0.6122341887603389,0.04949766049925183,
2026-08-17 15:55:40,MRT,Martin,5611,9107,1484,31,227,16460,0.3812338632966435,0.6187661367033565,0.10583232077764278,
2026-08-17 15:55:40,MON,Monroe,4438,4917,1381,48,162,10946,0.4743987172634955,0.5256012827365045,0.1453498995066691,
2026-08-17 15:55:40,PAL,Palm Beach,68458,41022,12934,213,1572,124199,0.6253014249177932,0.3746985750822068,0.11851142118696607,
2026-08-17 15:55:40,PAS,Pasco,16561,20885,4866,122,533,42967,0.4422635261443144,0.5577364738556855,0.1284939604812996,
2026-08-17 15:55:40,PIN,Pinellas,50008,47079,18333,398,1671,117489,0.5150844088291945,0.4849155911708055,0.17365029917694422,
2026-08-17 15:55:40,PUT,Putnam,1736,3975,251,11,23,5996,0.3039747855016634,0.6960252144983365,0.04753168779186124,
2026-08-17 15:55:40,SAN,Santa Rosa,2703,10214,746,21,115,13799,0.2092591158937833,0.7907408841062166,0.06391767519385463,
2026-08-17 15:55:40,SAR,Sarasota,27842,30953,8368,134,990,68287,0.4735436686793094,0.5264563313206906,0.1390015669161041,
2026-08-17 15:55:40,SEM,Seminole,17957,17480,4908,112,505,40962,0.5067302536896464,0.4932697463103536,0.13488110932083394,
2026-08-17 15:55:40,STL,St. Lucie,14587,14439,3852,104,491,33473,0.502549438434507,0.497450561565493,0.13285334448660113,
2026-08-17 15:55:40,SUM,Sumter,7998,20741,2379,46,270,31434,0.2782977834997738,0.7217022165002261,0.08573519119424827,
2026-08-17 15:55:40,SUW,Suwannee,924,2989,88,8,12,4021,0.2361359570661896,0.7638640429338104,0.02685899030092017,
2026-08-17 15:55:40,WAL,Walton,1148,6355,297,23,41,7864,0.1530054644808743,0.8469945355191257,0.045905391658189215,
2026-08-17 16:58:36,BAY,Bay,4055,12986,1171,49,147,18408,0.2379555190423097,0.7620444809576903,0.07426119078661451,
2026-08-17 16:58:36,BRA,Bradford,442,1478,29,0,2,1951,0.2302083333333333,0.7697916666666667,0.015889287544848796,
2026-08-17 16:58:36,BRE,Brevard,24160,34840,7005,180,861,67046,0.4094915254237288,0.5905084745762712,0.12000715926378903,
2026-08-17 16:58:36,BRO,Broward,89013,29169,13974,1333,0,133489,0.7531857643295934,0.2468142356704066,0.11466862438103514,
2026-08-17 16:58:36,CAL,Calhoun,333,1179,46,1,1,1560,0.2202380952380952,0.7797619047619048,0.03076923076923077,
2026-08-17 16:58:36,CIT,Citrus,5973,14837,2689,88,396,23983,0.2870254685247477,0.7129745314752522,0.13230204728349249,
2026-08-17 16:58:36,CLL,Collier,10439,28613,4139,77,463,43731,0.2673102529960053,0.7326897470039947,0.10699503784500697,
2026-08-17 16:58:36,DUV,Duval,41404,31453,5927,227,660,79671,0.5682913103751184,0.4317086896248816,0.08552672867166221,
2026-08-17 16:58:36,ESC,Escambia,10103,15688,2448,77,280,28596,0.3917257958202473,0.6082742041797526,0.09809064204783886,
2026-08-17 16:58:36,FLA,Flagler,6690,10589,1993,60,199,19531,0.3871751837490595,0.6128248162509404,0.11530387588961138,
2026-08-17 16:58:36,GAD,Gadsden,3664,968,141,9,11,4793,0.7910189982728842,0.2089810017271157,0.03359065303567703,
2026-08-17 16:58:36,GIL,Gilchrist,324,1526,87,9,12,1958,0.1751351351351351,0.8248648648648649,0.05515832482124617,
2026-08-17 16:58:36,GLA,Glades,211,646,61,2,7,927,0.2462077012835472,0.7537922987164527,0.07551240560949299,
2026-08-17 16:58:36,HAM,Hamilton,358,739,33,4,6,1140,0.3263445761166819,0.6736554238833181,0.037719298245614034,
2026-08-17 16:58:36,HEN,Hendry,773,1749,169,13,12,2716,0.3065027755749405,0.6934972244250595,0.07142857142857142,
2026-08-17 16:58:36,HIG,Highlands,2097,5433,702,23,96,8351,0.2784860557768924,0.7215139442231076,0.09831157945156269,
2026-08-17 16:58:36,IND,Indian River,6529,12372,1866,61,284,21112,0.3454314586529813,0.6545685413470187,0.10472716938234179,
2026-08-17 16:58:36,LAF,Lafayette,109,714,10,0,2,835,0.1324422843256379,0.8675577156743621,0.01437125748502994,
2026-08-17 16:58:36,LEE,Lee,28832,56261,13404,251,1319,100067,0.3388292809044222,0.6611707190955778,0.1496397413732799,
2026-08-17 16:58:36,LEO,Leon,23225,11542,3728,101,343,38939,0.6680185233123365,0.3319814766876636,0.10714193995736922,
2026-08-17 16:58:36,MAD,Madison,720,1216,68,3,4,2011,0.371900826446281,0.628099173553719,0.037294878170064646,
2026-08-17 16:58:36,MAN,Manatee,15615,24625,1859,24,210,42333,0.3880467196819085,0.6119532803180915,0.04944133418373373,
2026-08-17 16:58:36,MRT,Martin,5617,9116,1484,31,227,16475,0.3812529695241974,0.6187470304758026,0.10573596358118362,
2026-08-17 16:58:36,MON,Monroe,4451,4947,1382,48,162,10990,0.4736114066822728,0.5263885933177271,0.1448589626933576,
2026-08-17 16:58:36,OKA,Okaloosa,3210,10221,855,33,109,14428,0.2389993299084208,0.7610006700915792,0.0691017466038259,
2026-08-17 16:58:36,OKE,Okeechobee,534,1672,0,0,0,2206,0.242067089755213,0.7579329102447869,0.0,
2026-08-17 16:58:36,PAL,Palm Beach,68743,41131,12974,215,1574,124637,0.6256530207328395,0.3743469792671605,0.11844797291334035,
2026-08-17 16:58:36,PAS,Pasco,16561,20885,4867,122,533,42968,0.4422635261443144,0.5577364738556855,0.12851424315769874,
2026-08-17 16:58:36,PIN,Pinellas,50009,47079,18333,398,1671,117490,0.5150894034278181,0.4849105965721819,0.1736488211762703,
2026-08-17 16:58:36,POL,Polk,18694,21559,4563,119,558,45493,0.4644125903659354,0.5355874096340646,0.11518255555799793,
2026-08-17 16:58:36,PUT,Putnam,1759,4019,253,11,23,6065,0.3044305988231222,0.6955694011768778,0.04732069249793899,
2026-08-17 16:58:36,SAN,Santa Rosa,2704,10222,746,21,115,13808,0.2091907782763422,0.7908092217236578,0.06387601390498261,
2026-08-17 16:58:36,SAR,Sarasota,27863,30976,8373,134,991,68337,0.4735464572817349,0.526453542718265,0.13898766407656174,
2026-08-17 16:58:36,SEM,Seminole,18106,17506,4972,114,510,41208,0.5084241266988655,0.4915758733011344,0.13579887400504756,
2026-08-17 16:58:36,STL,St. Lucie,14712,14493,3889,105,492,33691,0.5037493579866461,0.4962506420133539,0.1331512866937758,
2026-08-17 16:58:36,SUM,Sumter,8021,20767,2386,46,270,31490,0.2786230373766847,0.7213769626233153,0.08580501746586218,
2026-08-17 16:58:36,VOL,Volusia,23480,31365,8620,179,998,64642,0.4281155985048774,0.5718844014951227,0.15155781071130225,
2026-08-17 16:58:36,WAK,Wakulla,1068,2421,184,7,22,3702,0.3061049011177988,0.6938950988822012,0.05753646677471637,
2026-08-17 16:58:36,WAL,Walton,1158,6374,297,23,41,7893,0.1537440254912374,0.8462559745087627,0.04573672874699101,
2026-08-17 16:58:36,WAS,Washington,446,1832,64,4,8,2354,0.1957857769973661,0.8042142230026339,0.03228547153780799,
2026-08-17 17:55:32,ALA,Alachua,15530,6756,2448,76,248,25058,0.6968500403840976,0.3031499596159023,0.1106233538191396,
2026-08-17 17:55:32,BAK,Baker,408,2816,114,9,14,3361,0.1265508684863523,0.8734491315136477,0.04076167807200238,
2026-08-17 17:55:32,BAY,Bay,4077,13005,1174,49,147,18452,0.2386722866174921,0.7613277133825079,0.07424669412529807,
2026-08-17 17:55:32,BRE,Brevard,24162,34842,7005,180,861,67050,0.4094976611755135,0.5905023388244864,0.12,
2026-08-17 17:55:32,BRO,Broward,89217,29218,14005,1335,0,133775,0.7532992780850255,0.2467007219149744,0.11467015511119417,
2026-08-17 17:55:32,CAL,Calhoun,335,1182,46,1,1,1565,0.2208305866842452,0.7791694133157547,0.030670926517571886,
2026-08-17 17:55:32,CIT,Citrus,5977,14839,2692,88,396,23992,0.2871348962336664,0.7128651037663336,0.13237745915305102,
2026-08-17 17:55:32,DES,DeSoto,527,1059,0,0,0,1586,0.3322824716267339,0.667717528373266,0.0,
2026-08-17 17:55:32,DUV,Duval,41444,31453,5927,227,660,79711,0.5685281973195057,0.4314718026804944,0.0854838102645808,
2026-08-17 17:55:32,ESC,Escambia,10147,15741,2462,78,281,28709,0.3919576637824474,0.6080423362175525,0.09826186910028215,
2026-08-17 17:55:32,GAD,Gadsden,3666,968,142,9,11,4796,0.7911091929218818,0.2088908070781182,0.03377814845704754,
2026-08-17 17:55:32,HEN,Hendry,773,1750,169,13,12,2717,0.3063812921125644,0.6936187078874356,0.07140228192859772,
2026-08-17 17:55:32,HIL,Hillsborough,58389,54047,15647,368,1493,129944,0.5193087623181187,0.4806912376818812,0.134734962753186,
2026-08-17 17:55:32,LEE,Lee,28845,56294,13404,251,1319,100113,0.3387989053195362,0.6612010946804637,0.14957098478719047,
2026-08-17 17:55:32,MON,Monroe,4468,4975,1390,49,162,11044,0.4731547177803664,0.5268452822196336,0.14496559217674757,
2026-08-17 17:55:32,OKA,Okaloosa,3227,10262,860,33,110,14492,0.239231966787753,0.7607680332122471,0.06921059895114547,
2026-08-17 17:55:32,OKE,Okeechobee,534,1671,0,0,0,2205,0.2421768707482993,0.7578231292517007,0.0,
2026-08-17 17:55:32,PAL,Palm Beach,68746,41133,12976,215,1574,124644,0.6256518534023789,0.374348146597621,0.1184573665800199,
2026-08-17 17:55:32,PUT,Putnam,1763,4024,253,11,23,6074,0.3046483497494384,0.6953516502505616,0.047250576226539345,
2026-08-17 17:55:32,SAN,Santa Rosa,2709,10234,747,21,115,13826,0.2093023255813953,0.7906976744186046,0.06386518154202228,
2026-08-17 17:55:32,SAR,Sarasota,27866,30980,8373,134,991,68344,0.4735411072970125,0.5264588927029875,0.1389734285379843,
2026-08-17 17:55:32,SEM,Seminole,18114,17513,4974,114,510,41225,0.5084346141970977,0.4915653858029022,0.13579138872043664,
2026-08-17 17:55:32,STL,St. Lucie,14842,14557,3901,105,494,33899,0.504847103642981,0.4951528963570189,0.13274727868078703,
2026-08-17 17:55:32,SUM,Sumter,8023,20768,2387,46,270,31494,0.2786634712236462,0.7213365287763537,0.08582587159458945,
2026-08-17 17:55:32,WAK,Wakulla,1068,2424,184,7,22,3705,0.3058419243986254,0.6941580756013745,0.05748987854251012,
2026-08-17 17:55:32,WAL,Walton,1160,6378,297,23,41,7899,0.1538869726717962,0.8461130273282038,0.04570198759336625,
2026-08-17 18:55:40,BRO,Broward,89252,29232,14013,1336,0,133833,0.7532831437156071,0.2467168562843928,0.11468770781496343,
2026-08-17 18:55:40,CAL,Calhoun,335,1183,46,1,1,1566,0.2206851119894598,0.7793148880105402,0.03065134099616858,
2026-08-17 18:55:40,ESC,Escambia,10216,15812,2469,79,282,28858,0.392500384201629,0.607499615798371,0.09806639406750295,
2026-08-17 18:55:40,LAK,Lake,11744,17593,3326,66,341,33070,0.4003135971639908,0.5996864028360092,0.112881765951013,
2026-08-17 18:55:40,ORA,Orange,60344,35333,15662,407,1273,113019,0.6307053941908713,0.3692946058091286,0.15344322636016952,
2026-08-17 18:55:40,PAL,Palm Beach,69203,41275,13023,216,1581,125298,0.6263962055793914,0.3736037944206086,0.11827802518795193,
2026-08-17 18:55:40,SAN,Santa Rosa,2709,10234,748,21,115,13827,0.2093023255813953,0.7906976744186046,0.06393288493527156,
2026-08-17 18:55:40,SEM,Seminole,18239,17629,4997,116,512,41493,0.5085034013605442,0.4914965986394558,0.13556503506615575,
2026-08-17 19:33:56,ALA,Alachua,15519,6751,2447,76,246,25039,0.6968567579703637,0.3031432420296363,0.11058748352569991,
2026-08-17 19:33:56,BAK,Baker,401,2783,113,9,14,3320,0.1259422110552764,0.8740577889447236,0.04096385542168675,
2026-08-17 19:33:56,BAY,Bay,3974,12827,1141,49,143,18134,0.2365335396702577,0.7634664603297423,0.07350832689974633,
2026-08-17 19:33:56,BRA,Bradford,442,1477,29,0,2,1950,0.2303282959874935,0.7696717040125065,0.015897435897435898,
2026-08-17 19:33:56,BRE,Brevard,24155,34837,7005,180,861,67038,0.4094622999728777,0.5905377000271224,0.12002148035442585,
2026-08-17 19:33:56,BRO,Broward,88990,29165,13974,1333,0,133462,0.7531632178071178,0.2468367821928822,0.1146918223913923,
2026-08-17 19:33:56,CAL,Calhoun,326,1162,46,0,1,1535,0.2190860215053763,0.7809139784946236,0.03061889250814332,
2026-08-17 19:33:56,CIT,Citrus,5939,14787,2684,88,395,23893,0.2865482968252436,0.7134517031747564,0.13254928221654877,
2026-08-17 19:33:56,CLL,Collier,10436,28612,4139,77,463,43727,0.267260807211637,0.7327391927883631,0.10700482539392138,
2026-08-17 19:33:56,DES,DeSoto,527,1058,0,0,0,1585,0.3324921135646688,0.6675078864353312,0.0,
2026-08-17 19:33:56,DUV,Duval,41282,31095,5926,227,660,79190,0.5703745665059342,0.4296254334940658,0.08603359009976007,
2026-08-17 19:33:56,ESC,Escambia,10097,15678,2442,77,280,28574,0.3917361784675073,0.6082638215324927,0.09795618394344509,
2026-08-17 19:33:56,FLA,Flagler,6690,10589,1992,60,199,19530,0.3871751837490595,0.6128248162509404,0.11525857654889914,
2026-08-17 19:33:56,GAD,Gadsden,3655,968,139,9,11,4782,0.790612156608263,0.2093878433917369,0.033249686323713924,
2026-08-17 19:33:56,GIL,Gilchrist,324,1518,87,9,12,1950,0.1758957654723127,0.8241042345276873,0.055384615384615386,
2026-08-17 19:33:56,GLA,Glades,204,635,56,2,7,904,0.2431466030989273,0.7568533969010727,0.07190265486725664,
2026-08-17 19:33:56,HAM,Hamilton,353,734,33,4,6,1130,0.3247470101195952,0.6752529898804048,0.03805309734513274,
2026-08-17 19:33:56,HEN,Hendry,771,1749,169,13,12,2714,0.305952380952381,0.694047619047619,0.07148120854826824,
2026-08-17 19:33:56,HIG,Highlands,2063,5383,701,23,95,8265,0.277061509535321,0.7229384904646791,0.09909255898366606,
2026-08-17 19:33:56,HIL,Hillsborough,58383,54043,15646,368,1493,129933,0.5193015850426058,0.4806984149573942,0.13473867300839665,
2026-08-17 19:33:56,IND,Indian River,6414,12195,1853,61,282,20805,0.3446719329356763,0.6553280670643237,0.10555155010814708,
2026-08-17 19:33:56,LAF,Lafayette,108,699,10,0,2,819,0.1338289962825278,0.8661710037174721,0.014652014652014652,
2026-08-17 19:33:56,LAK,Lake,11737,17591,3326,66,341,33061,0.4001977632296781,0.5998022367703219,0.11291249508484316,
2026-08-17 19:33:56,LEE,Lee,28760,56188,13394,251,1317,99910,0.3385600602721665,0.6614399397278335,0.14975477930137124,
2026-08-17 19:33:56,LEO,Leon,23224,11541,3727,101,343,38936,0.6680281892708183,0.3319718107291816,0.10712451201972467,
2026-08-17 19:33:56,MAD,Madison,720,1213,68,3,4,2008,0.3724780134505949,0.627521986549405,0.037350597609561755,
2026-08-17 19:33:56,MAN,Manatee,15481,24451,1850,24,209,42015,0.3876840629069418,0.6123159370930582,0.04957753183386886,
2026-08-17 19:33:56,MRT,Martin,5572,9073,1479,30,226,16380,0.3804711505633322,0.6195288494366678,0.10592185592185592,
2026-08-17 19:33:56,MON,Monroe,4413,4898,1369,48,161,10889,0.4739555364622489,0.526044463537751,0.14491688860317753,
2026-08-17 19:33:56,OKA,Okaloosa,3205,10191,851,33,106,14386,0.239250522544043,0.760749477455957,0.06881690532462116,
2026-08-17 19:33:56,OKE,Okeechobee,521,1649,0,0,0,2170,0.2400921658986175,0.7599078341013825,0.0,
2026-08-17 19:33:56,ORA,Orange,59772,35015,15499,404,1254,111944,0.630592802810512,0.369407197189488,0.153264132066033,
2026-08-17 19:33:56,PAL,Palm Beach,68442,41018,12932,213,1572,124177,0.6252695048419514,0.3747304951580486,0.11851631139421955,
2026-08-17 19:33:56,PAS,Pasco,16561,20884,4866,122,533,42966,0.4422753371611697,0.5577246628388303,0.12849695107759623,
2026-08-17 19:33:56,PIN,Pinellas,50006,47078,18331,398,1671,117484,0.5150797247744221,0.4849202752255778,0.17364066596302474,
2026-08-17 19:33:56,POL,Polk,18689,21554,4563,119,558,45483,0.464403747235544,0.5355962527644559,0.11520787986720313,
2026-08-17 19:33:56,PUT,Putnam,1735,3974,250,11,23,5993,0.3039061131546681,0.6960938868453319,0.047388620056732854,
2026-08-17 19:33:56,SAN,Santa Rosa,2702,10208,746,21,115,13792,0.2092951200619674,0.7907048799380325,0.06395011600928074,
2026-08-17 19:33:56,SAR,Sarasota,27836,30949,8365,134,990,68274,0.4735221570128434,0.5264778429871566,0.13898409350558044,
2026-08-17 19:33:56,SEM,Seminole,17901,17411,4908,112,505,40837,0.5069381513366561,0.4930618486633439,0.1352939736023704,
2026-08-17 19:33:56,STL,St. Lucie,14525,14393,3839,103,488,33348,0.5022823155128294,0.4977176844871706,0.13284154971812404,
2026-08-17 19:33:56,SUM,Sumter,7992,20737,2379,46,270,31424,0.2781858052838595,0.7218141947161405,0.08576247454175152,
2026-08-17 19:33:56,SUW,Suwannee,923,2983,88,8,12,4014,0.2363031233998976,0.7636968766001024,0.026905829596412557,
2026-08-17 19:33:56,VOL,Volusia,23473,31361,8617,179,998,64628,0.4280738228106649,0.5719261771893351,0.15154422231849973,
2026-08-17 19:33:56,WAK,Wakulla,1055,2400,181,7,22,3665,0.3053545586107091,0.6946454413892909,0.0572987721691678,
2026-08-17 19:33:56,WAL,Walton,1138,6326,295,23,41,7823,0.152465166130761,0.847534833869239,0.04589032340534322,
2026-08-17 19:33:56,WAS,Washington,442,1828,64,4,8,2346,0.1947136563876652,0.8052863436123348,0.03239556692242114,
2026-08-17 19:54:05,ALA,Alachua,15530,6756,2448,76,248,25058,0.6968500403840976,0.3031499596159023,0.1106233538191396,
2026-08-17 19:54:05,BAK,Baker,408,2816,114,9,14,3361,0.1265508684863523,0.8734491315136477,0.04076167807200238,
2026-08-17 19:54:05,BAY,Bay,4077,13005,1174,49,147,18452,0.2386722866174921,0.7613277133825079,0.07424669412529807,
2026-08-17 19:54:05,BRA,Bradford,442,1478,29,0,2,1951,0.2302083333333333,0.7697916666666667,0.015889287544848796,
2026-08-17 19:54:05,BRE,Brevard,24162,34842,7005,180,861,67050,0.4094976611755135,0.5905023388244864,0.12,
2026-08-17 19:54:05,BRO,Broward,89444,29269,14036,1342,0,134091,0.7534473899235973,0.2465526100764027,0.11468331207911045,
2026-08-17 19:54:05,CAL,Calhoun,335,1183,46,1,1,1566,0.2206851119894598,0.7793148880105402,0.03065134099616858,
2026-08-17 19:54:05,CIT,Citrus,5977,14839,2692,88,396,23992,0.2871348962336664,0.7128651037663336,0.13237745915305102,
2026-08-17 19:54:05,CLL,Collier,10439,28613,4139,77,463,43731,0.2673102529960053,0.7326897470039947,0.10699503784500697,
2026-08-17 19:54:05,DES,DeSoto,527,1059,0,0,0,1586,0.3322824716267339,0.667717528373266,0.0,
2026-08-17 19:54:05,DUV,Duval,41444,31453,5927,227,660,79711,0.5685281973195057,0.4314718026804944,0.0854838102645808,
2026-08-17 19:54:05,ESC,Escambia,10280,15862,2472,79,284,28977,0.393236936730166,0.606763063269834,0.09783621492908169,
2026-08-17 19:54:05,FLA,Flagler,6690,10589,1993,60,199,19531,0.3871751837490595,0.6128248162509404,0.11530387588961138,
2026-08-17 19:54:05,GAD,Gadsden,3666,968,142,9,11,4796,0.7911091929218818,0.2088908070781182,0.03377814845704754,
2026-08-17 19:54:05,GIL,Gilchrist,324,1526,87,9,12,1958,0.1751351351351351,0.8248648648648649,0.05515832482124617,
2026-08-17 19:54:05,GLA,Glades,211,646,61,2,7,927,0.2462077012835472,0.7537922987164527,0.07551240560949299,
2026-08-17 19:54:05,HAM,Hamilton,358,739,33,4,6,1140,0.3263445761166819,0.6736554238833181,0.037719298245614034,
2026-08-17 19:54:05,HEN,Hendry,773,1750,169,13,12,2717,0.3063812921125644,0.6936187078874356,0.07140228192859772,
2026-08-17 19:54:05,HIG,Highlands,2097,5433,702,23,96,8351,0.2784860557768924,0.7215139442231076,0.09831157945156269,
2026-08-17 19:54:05,HIL,Hillsborough,58389,54047,15647,368,1493,129944,0.5193087623181187,0.4806912376818812,0.134734962753186,
2026-08-17 19:54:05,IND,Indian River,6529,12372,1866,61,284,21112,0.3454314586529813,0.6545685413470187,0.10472716938234179,
2026-08-17 19:54:05,JAC,Jackson,1362,3006,60,8,6,4442,0.3118131868131868,0.6881868131868132,0.016659162539396668,
2026-08-17 19:54:05,LAF,Lafayette,109,714,10,0,2,835,0.1324422843256379,0.8675577156743621,0.01437125748502994,
2026-08-17 19:54:05,LAK,Lake,11744,17593,3326,66,341,33070,0.4003135971639908,0.5996864028360092,0.112881765951013,
2026-08-17 19:54:05,LEE,Lee,28845,56294,13404,251,1319,100113,0.3387989053195362,0.6612010946804637,0.14957098478719047,
2026-08-17 19:54:05,LEO,Leon,23225,11542,3728,101,343,38939,0.6680185233123365,0.3319814766876636,0.10714193995736922,
2026-08-17 19:54:05,MAD,Madison,720,1216,68,3,4,2011,0.371900826446281,0.628099173553719,0.037294878170064646,
2026-08-17 19:54:05,MAN,Manatee,15615,24625,1859,24,210,42333,0.3880467196819085,0.6119532803180915,0.04944133418373373,
2026-08-17 19:54:05,MRT,Martin,5617,9116,1484,31,227,16475,0.3812529695241974,0.6187470304758026,0.10573596358118362,
2026-08-17 19:54:05,MON,Monroe,4468,4975,1390,49,162,11044,0.4731547177803664,0.5268452822196336,0.14496559217674757,
2026-08-17 19:54:05,OKA,Okaloosa,3227,10262,860,33,110,14492,0.239231966787753,0.7607680332122471,0.06921059895114547,
2026-08-17 19:54:05,OKE,Okeechobee,534,1671,0,0,0,2205,0.2421768707482993,0.7578231292517007,0.0,
2026-08-17 19:54:05,ORA,Orange,60656,35450,15707,409,1283,113505,0.6311364534992613,0.3688635465007387,0.15328840139200917,
2026-08-17 19:54:05,PAL,Palm Beach,69370,41321,13046,216,1583,125536,0.6266995510023399,0.3733004489976601,0.11825293143002805,
2026-08-17 19:54:05,PAS,Pasco,16561,20885,4867,122,533,42968,0.4422635261443144,0.5577364738556855,0.12851424315769874,
2026-08-17 19:54:05,PIN,Pinellas,50009,47079,18333,398,1671,117490,0.5150894034278181,0.4849105965721819,0.1736488211762703,
2026-08-17 19:54:05,POL,Polk,18694,21559,4563,119,558,45493,0.4644125903659354,0.5355874096340646,0.11518255555799793,
2026-08-17 19:54:05,PUT,Putnam,1763,4024,253,11,23,6074,0.3046483497494384,0.6953516502505616,0.047250576226539345,
2026-08-17 19:54:05,SAN,Santa Rosa,2709,10234,748,21,115,13827,0.2093023255813953,0.7906976744186046,0.06393288493527156,
2026-08-17 19:54:05,SAR,Sarasota,27866,30980,8373,134,991,68344,0.4735411072970125,0.5264588927029875,0.1389734285379843,
2026-08-17 19:54:05,SEM,Seminole,18239,17629,4997,116,512,41493,0.5085034013605442,0.4914965986394558,0.13556503506615575,
2026-08-17 19:54:05,STL,St. Lucie,14842,14557,3901,105,494,33899,0.504847103642981,0.4951528963570189,0.13274727868078703,
2026-08-17 19:54:05,SUM,Sumter,8023,20768,2387,46,270,31494,0.2786634712236462,0.7213365287763537,0.08582587159458945,
2026-08-17 19:54:05,SUW,Suwannee,924,2989,88,8,12,4021,0.2361359570661896,0.7638640429338104,0.02685899030092017,
2026-08-17 19:54:05,VOL,Volusia,23480,31365,8620,179,998,64642,0.4281155985048774,0.5718844014951227,0.15155781071130225,
2026-08-17 19:54:05,WAK,Wakulla,1068,2424,184,7,22,3705,0.3058419243986254,0.6941580756013745,0.05748987854251012,
2026-08-17 19:54:05,WAL,Walton,1160,6378,297,23,41,7899,0.1538869726717962,0.8461130273282038,0.04570198759336625,
2026-08-17 19:54:05,WAS,Washington,446,1832,64,4,8,2354,0.1957857769973661,0.8042142230026339,0.03228547153780799,
2026-08-17 22:03:37,BRO,Broward,89744,29314,14076,1342,0,134476,0.7537838700465319,0.246216129953468,0.11465242868615962,
2026-08-17 22:03:37,JAC,Jackson,1373,3021,60,8,6,4468,0.3124715521165225,0.6875284478834774,0.01656222023276634,
2026-08-17 22:03:37,ORA,Orange,60685,35466,15720,411,1284,113566,0.631142681823382,0.368857318176618,0.1533469524329465,
2026-08-17 22:03:37,PAL,Palm Beach,69426,41349,13051,216,1584,125626,0.6267298578199052,0.3732701421800948,0.11821597440020377,
"Updated at September 21st, 2026 at 8:04am",ALA,Alachua,0,0,0,0,0,0,0.0,0.0,0.0,
"Updated at September 21st, 2026 at 8:04am",BAK,Baker,0,0,0,0,0,0,0.0,0.0,0.0,
"Updated at September 21st, 2026 at 8:04am",BAY,Bay,6,0,2,0,0,8,1.0,0.0,0.25,
"Updated at September 21st, 2026 at 8:04am",BRA,Bradford,0,0,0,0,0,0,0.0,0.0,0.0,
"Updated at September 21st, 2026 at 8:04am",BRE,Brevard,0,0,0,0,0,0,0.0,0.0,0.0,
"Updated at September 21st, 2026 at 8:04am",CAL,Calhoun,0,0,0,0,0,0,0.0,0.0,0.0,
"Updated at September 21st, 2026 at 8:04am",CHA,Charlotte,2,0,0,0,0,2,1.0,0.0,0.0,
"Updated at September 21st, 2026 at 8:04am",CIT,Citrus,0,0,1,0,0,1,0.0,0.0,1.0,
"Updated at September 21st, 2026 at 8:04am",CLA,Clay,0,0,1,0,0,1,0.0,0.0,1.0,
"Updated at September 21st, 2026 at 8:04am",CLL,Collier,1,0,0,0,0,1,1.0,0.0,0.0,
"Updated at September 21st, 2026 at 8:04am",CLM,Columbia,0,0,0,0,0,0,0.0,0.0,0.0,
"Updated at September 21st, 2026 at 8:04am",DES,DeSoto,0,0,0,0,0,0,0.0,0.0,0.0,
"Updated at September 21st, 2026 at 8:04am",DIX,Dixie,0,0,0,0,0,0,0.0,0.0,0.0,
"Updated at September 21st, 2026 at 8:04am",DUV,Duval,11,3,1,0,0,15,0.7857142857142857,0.2142857142857142,0.06666666666666667,
"Updated at September 21st, 2026 at 8:04am",ESC,Escambia,7,5,2,0,0,14,0.5833333333333334,0.4166666666666667,0.14285714285714285,
"Updated at September 21st, 2026 at 8:04am",FLA,Flagler,4,6,2,0,0,12,0.4,0.6,0.16666666666666666,
"Updated at September 21st, 2026 at 8:04am",FRA,Franklin,0,0,0,0,0,0,0.0,0.0,0.0,
"Updated at September 21st, 2026 at 8:04am",GAD,Gadsden,0,0,0,0,0,0,0.0,0.0,0.0,
"Updated at September 21st, 2026 at 8:04am",GIL,Gilchrist,0,0,0,0,0,0,0.0,0.0,0.0,
"Updated at September 21st, 2026 at 8:04am",GLA,Glades,0,0,0,0,0,0,0.0,0.0,0.0,
"Updated at September 21st, 2026 at 8:04am",GUL,Gulf,0,0,0,0,0,0,0.0,0.0,0.0,
"Updated at September 21st, 2026 at 8:04am",HAM,Hamilton,0,0,0,0,0,0,0.0,0.0,0.0,
"Updated at September 21st, 2026 at 8:04am",HAR,Hardee,0,0,0,0,0,0,0.0,0.0,0.0,
"Updated at September 21st, 2026 at 8:04am",HEN,Hendry,0,0,0,0,0,0,0.0,0.0,0.0,
"Updated at September 21st, 2026 at 8:04am",HER,Hernando,0,0,0,0,0,0,0.0,0.0,0.0,
"Updated at September 21st, 2026 at 8:04am",HIG,Highlands,0,0,0,0,0,0,0.0,0.0,0.0,
"Updated at September 21st, 2026 at 8:04am",HIL,Hillsborough,0,0,1,0,0,1,0.0,0.0,1.0,
"Updated at September 21st, 2026 at 8:04am",HOL,Holmes,0,0,0,0,0,0,0.0,0.0,0.0,
"Updated at September 21st, 2026 at 8:04am",IND,Indian River,2,0,0,0,0,2,1.0,0.0,0.0,
"Updated at September 21st, 2026 at 8:04am",JAC,Jackson,0,0,0,0,0,0,0.0,0.0,0.0,
"Updated at September 21st, 2026 at 8:04am",JEF,Jefferson,0,0,0,0,0,0,0.0,0.0,0.0,
"Updated at September 21st, 2026 at 8:04am",LAF,Lafayette,0,0,0,0,0,0,0.0,0.0,0.0,
"Updated at September 21st, 2026 at 8:04am",LAK,Lake,0,0,0,0,0,0,0.0,0.0,0.0,
"Updated at September 21st, 2026 at 8:04am",LEE,Lee,1,0,1,0,0,2,1.0,0.0,0.5,
"Updated at September 21st, 2026 at 8:04am",LEO,Leon,5,6,0,0,0,11,0.4545454545454545,0.5454545454545454,0.0,
"Updated at September 21st, 2026 at 8:04am",LEV,Levy,0,0,0,0,0,0,0.0,0.0,0.0,
"Updated at September 21st, 2026 at 8:04am",LIB,Liberty,0,0,0,0,0,0,0.0,0.0,0.0,
"Updated at September 21st, 2026 at 8:04am",MAD,Madison,0,0,0,0,0,0,0.0,0.0,0.0,
"Updated at September 21st, 2026 at 8:04am",MAN,Manatee,0,0,0,0,0,0,0.0,0.0,0.0,
"Updated at September 21st, 2026 at 8:04am",MRN,Marion,0,0,0,0,0,0,0.0,0.0,0.0,
"Updated at September 21st, 2026 at 8:04am",MRT,Martin,0,0,0,0,0,0,0.0,0.0,0.0,
"Updated at September 21st, 2026 at 8:04am",DAD,Miami-Dade,0,0,0,0,0,0,0.0,0.0,0.0,
"Updated at September 21st, 2026 at 8:04am",MON,Monroe,8,0,1,0,0,9,1.0,0.0,0.1111111111111111,
"Updated at September 21st, 2026 at 8:04am",NAS,Nassau,0,0,0,0,0,0,0.0,0.0,0.0,
"Updated at September 21st, 2026 at 8:04am",OKA,Okaloosa,4,11,6,2,1,24,0.2666666666666666,0.7333333333333333,0.375,
"Updated at September 21st, 2026 at 8:04am",OKE,Okeechobee,0,0,0,0,0,0,0.0,0.0,0.0,
"Updated at September 21st, 2026 at 8:04am",ORA,Orange,11,3,3,0,0,17,0.7857142857142857,0.2142857142857142,0.17647058823529413,
"Updated at September 21st, 2026 at 8:04am",OSC,Osceola,0,0,0,0,0,0,0.0,0.0,0.0,
"Updated at September 21st, 2026 at 8:04am",PAL,Palm Beach,0,0,0,0,0,0,0.0,0.0,0.0,
"Updated at September 21st, 2026 at 8:04am",PAS,Pasco,0,0,0,0,0,0,0.0,0.0,0.0,
"Updated at September 21st, 2026 at 8:04am",PIN,Pinellas,0,0,0,0,0,0,0.0,0.0,0.0,
"Updated at September 21st, 2026 at 8:04am",POL,Polk,0,0,0,0,0,0,0.0,0.0,0.0,
"Updated at September 21st, 2026 at 8:04am",PUT,Putnam,0,0,0,0,0,0,0.0,0.0,0.0,
"Updated at September 21st, 2026 at 8:04am",SAN,Santa Rosa,2,0,0,0,0,2,1.0,0.0,0.0,
"Updated at September 21st, 2026 at 8:04am",SAR,Sarasota,3,2,1,0,0,6,0.6,0.4,0.16666666666666666,
"Updated at September 21st, 2026 at 8:04am",SEM,Seminole,3,2,2,0,0,7,0.6,0.4,0.2857142857142857,
"Updated at September 21st, 2026 at 8:04am",STJ,St. Johns,0,0,0,0,0,0,0.0,0.0,0.0,
"Updated at September 21st, 2026 at 8:04am",STL,St. Lucie,3,0,1,0,0,4,1.0,0.0,0.25,
"Updated at September 21st, 2026 at 8:04am",SUM,Sumter,6,2,2,0,0,10,0.75,0.25,0.2,
"Updated at September 21st, 2026 at 8:04am",SUW,Suwannee,0,2,1,0,0,3,0.0,1.0,0.3333333333333333,
"Updated at September 21st, 2026 at 8:04am",TAY,Taylor,0,0,0,0,0,0,0.0,0.0,0.0,
"Updated at September 21st, 2026 at 8:04am",UNI,Union,0,0,0,0,0,0,0.0,0.0,0.0,
"Updated at September 21st, 2026 at 8:04am",VOL,Volusia,0,0,0,0,0,0,0.0,0.0,0.0,
"Updated at September 21st, 2026 at 8:04am",WAK,Wakulla,0,0,0,0,0,0,0.0,0.0,0.0,
"Updated at September 21st, 2026 at 8:04am",WAL,Walton,0,0,0,0,0,0,0.0,0.0,0.0,
"Updated at September 21st, 2026 at 8:04am",WAS,Washington,0,0,0,0,0,0,0.0,0.0,0.0,
"Updated at September 21st, 2026 at 3:37pm",ALA,Alachua,6,0,3,0,0,9,1.0,0.0,0.3333333333333333,
"Updated at September 21st, 2026 at 3:37pm",BRE,Brevard,6,4,1,1,0,12,0.6,0.4,0.16666666666666666,
"Updated at September 21st, 2026 at 3:37pm",CHA,Charlotte,8,6,4,0,2,20,0.5714285714285714,0.4285714285714285,0.3,
"Updated at September 21st, 2026 at 3:37pm",CLA,Clay,3,1,4,0,0,8,0.75,0.25,0.5,
"Updated at September 21st, 2026 at 3:37pm",CLL,Collier,8,9,5,0,0,22,0.4705882352941176,0.5294117647058824,0.22727272727272727,
"Updated at September 21st, 2026 at 3:37pm",DUV,Duval,15,7,3,0,0,25,0.6818181818181818,0.3181818181818182,0.12,
"Updated at September 21st, 2026 at 3:37pm",ESC,Escambia,11,6,4,0,0,21,0.6470588235294118,0.3529411764705882,0.19047619047619047,
"Updated at September 21st, 2026 at 3:37pm",FLA,Flagler,5,8,3,0,1,17,0.3846153846153846,0.6153846153846154,0.23529411764705882,
"Updated at September 21st, 2026 at 3:37pm",HEN,Hendry,1,0,0,0,0,1,1.0,0.0,0.0,
"Updated at September 21st, 2026 at 3:37pm",HIL,Hillsborough,19,6,8,0,2,35,0.76,0.24,0.2857142857142857,
"Updated at September 21st, 2026 at 3:37pm",IND,Indian River,4,0,0,0,0,4,1.0,0.0,0.0,
"Updated at September 21st, 2026 at 3:37pm",LEE,Lee,6,1,6,0,1,14,0.8571428571428571,0.1428571428571428,0.5,
"Updated at September 21st, 2026 at 3:37pm",LEO,Leon,9,7,1,0,0,17,0.5625,0.4375,0.058823529411764705,
"Updated at September 21st, 2026 at 3:37pm",MAN,Manatee,7,0,0,0,0,7,1.0,0.0,0.0,
"Updated at September 21st, 2026 at 3:37pm",MRN,Marion,3,1,2,0,0,6,0.75,0.25,0.3333333333333333,
"Updated at September 21st, 2026 at 3:37pm",DAD,Miami-Dade,40,6,12,0,2,60,0.8695652173913043,0.1304347826086956,0.23333333333333334,
"Updated at September 21st, 2026 at 3:37pm",MON,Monroe,10,3,2,0,0,15,0.7692307692307693,0.2307692307692307,0.13333333333333333,
"Updated at September 21st, 2026 at 3:37pm",OKA,Okaloosa,9,21,12,3,1,46,0.3,0.7,0.34782608695652173,
"Updated at September 21st, 2026 at 3:37pm",ORA,Orange,27,4,7,0,3,41,0.8709677419354839,0.1290322580645161,0.24390243902439024,
"Updated at September 21st, 2026 at 3:37pm",OSC,Osceola,3,0,4,0,0,7,1.0,0.0,0.5714285714285714,
"Updated at September 21st, 2026 at 3:37pm",PAS,Pasco,7,1,6,0,0,14,0.875,0.125,0.42857142857142855,
"Updated at September 21st, 2026 at 3:37pm",PIN,Pinellas,9,4,5,0,0,18,0.6923076923076923,0.3076923076923077,0.2777777777777778,
"Updated at September 21st, 2026 at 3:37pm",SAN,Santa Rosa,2,0,1,0,0,3,1.0,0.0,0.3333333333333333,
"Updated at September 21st, 2026 at 3:37pm",SAR,Sarasota,35,18,9,0,1,63,0.660377358490566,0.3396226415094339,0.15873015873015872,
"Updated at September 21st, 2026 at 3:37pm",SEM,Seminole,4,2,2,1,0,9,0.6666666666666666,0.3333333333333333,0.3333333333333333,
"Updated at September 21st, 2026 at 3:37pm",STJ,St. Johns,7,6,1,0,0,14,0.5384615384615384,0.4615384615384615,0.07142857142857142,
"Updated at September 21st, 2026 at 3:37pm",STL,St. Lucie,5,0,3,0,0,8,1.0,0.0,0.375,
"Updated at September 21st, 2026 at 3:37pm",SUM,Sumter,16,5,3,0,0,24,0.7619047619047619,0.238095238095238,0.125,
"Updated at September 21st, 2026 at 3:37pm",SUW,Suwannee,1,2,2,0,0,5,0.3333333333333333,0.6666666666666666,0.4,
"Updated at September 22nd, 2026 at 8:05am",CHA,Charlotte,8,7,4,0,2,21,0.5333333333333333,0.4666666666666667,0.2857142857142857,
"Updated at September 22nd, 2026 at 8:05am",DUV,Duval,18,8,3,0,0,29,0.6923076923076923,0.3076923076923077,0.10344827586206896,
"Updated at September 22nd, 2026 at 8:05am",ESC,Escambia,13,6,4,0,0,23,0.6842105263157895,0.3157894736842105,0.17391304347826086,
"Updated at September 22nd, 2026 at 8:05am",HER,Hernando,3,1,0,0,0,4,0.75,0.25,0.0,
"Updated at September 22nd, 2026 at 8:05am",JAC,Jackson,0,0,1,0,0,1,0.0,0.0,1.0,
"Updated at September 22nd, 2026 at 8:05am",LEE,Lee,8,1,7,0,1,17,0.8888888888888888,0.1111111111111111,0.47058823529411764,
"Updated at September 22nd, 2026 at 8:05am",MON,Monroe,14,3,2,0,0,19,0.8235294117647058,0.1764705882352941,0.10526315789473684,
"Updated at September 22nd, 2026 at 8:05am",OKA,Okaloosa,16,31,23,4,1,75,0.3404255319148936,0.6595744680851063,0.37333333333333335,
"Updated at September 22nd, 2026 at 8:05am",PAS,Pasco,8,1,6,0,0,15,0.8888888888888888,0.1111111111111111,0.4,
"Updated at September 22nd, 2026 at 8:05am",PIN,Pinellas,10,7,5,0,2,24,0.5882352941176471,0.4117647058823529,0.2916666666666667,
"Updated at September 22nd, 2026 at 8:05am",SEM,Seminole,5,5,2,1,0,13,0.5,0.5,0.23076923076923078,
"Updated at September 22nd, 2026 at 8:05am",SUM,Sumter,16,7,3,0,0,26,0.6956521739130435,0.3043478260869565,0.11538461538461539,
"Updated at September 22nd, 2026 at 11:03am",ALA,Alachua,8,0,6,0,0,14,1.0,0.0,0.42857142857142855,
"Updated at September 22nd, 2026 at 11:03am",BAY,Bay,7,0,2,0,0,9,1.0,0.0,0.2222222222222222,
"Updated at September 22nd, 2026 at 11:03am",BRE,Brevard,7,4,1,1,0,13,0.6363636363636364,0.3636363636363636,0.15384615384615385,
"Updated at September 22nd, 2026 at 11:03am",BRO,Broward,15,0,5,0,0,20,1.0,0.0,0.25,First entry / reopened
"Updated at September 22nd, 2026 at 11:03am",CLL,Collier,9,9,7,0,0,25,0.5,0.5,0.28,
"Updated at September 22nd, 2026 at 11:03am",GAD,Gadsden,0,1,0,0,0,1,0.0,1.0,0.0,
"Updated at September 22nd, 2026 at 11:03am",HIL,Hillsborough,27,6,10,0,2,45,0.8181818181818182,0.1818181818181818,0.26666666666666666,
"Updated at September 22nd, 2026 at 11:03am",LEE,Lee,10,5,9,0,1,25,0.6666666666666666,0.3333333333333333,0.4,
"Updated at September 22nd, 2026 at 11:03am",LEO,Leon,12,7,1,0,0,20,0.631578947368421,0.3684210526315789,0.05,
"Updated at September 22nd, 2026 at 11:03am",MAN,Manatee,8,0,1,0,0,9,1.0,0.0,0.1111111111111111,
"Updated at September 22nd, 2026 at 11:03am",MRN,Marion,5,1,3,0,0,9,0.8333333333333334,0.1666666666666666,0.3333333333333333,
"Updated at September 22nd, 2026 at 11:03am",DAD,Miami-Dade,47,11,18,0,2,78,0.8103448275862069,0.1896551724137931,0.2564102564102564,
"Updated at September 22nd, 2026 at 11:03am",OKA,Okaloosa,16,32,23,4,1,76,0.3333333333333333,0.6666666666666666,0.3684210526315789,
"Updated at September 22nd, 2026 at 11:03am",PAS,Pasco,9,1,6,0,0,16,0.9,0.1,0.375,
"Updated at September 22nd, 2026 at 11:03am",PIN,Pinellas,12,7,6,0,2,27,0.631578947368421,0.3684210526315789,0.2962962962962963,
"Updated at September 22nd, 2026 at 11:03am",SAN,Santa Rosa,4,0,2,0,0,6,1.0,0.0,0.3333333333333333,
"Updated at September 22nd, 2026 at 11:03am",SAR,Sarasota,40,18,10,0,1,69,0.6896551724137931,0.3103448275862069,0.15942028985507245,
"Updated at September 22nd, 2026 at 11:03am",SEM,Seminole,6,5,2,1,0,14,0.5454545454545454,0.4545454545454545,0.21428571428571427,
"Updated at September 22nd, 2026 at 11:03am",WAL,Walton,1,1,2,0,0,4,0.5,0.5,0.5,
"Updated at September 22nd, 2026 at 5:00pm",BRE,Brevard,8,4,3,1,0,16,0.6666666666666666,0.3333333333333333,0.25,
"Updated at September 22nd, 2026 at 5:00pm",CHA,Charlotte,8,8,4,0,2,22,0.5,0.5,0.2727272727272727,
"Updated at September 22nd, 2026 at 5:00pm",CIT,Citrus,1,0,2,0,0,3,1.0,0.0,0.6666666666666666,
"Updated at September 22nd, 2026 at 5:00pm",CLA,Clay,8,3,7,0,1,19,0.7272727272727273,0.2727272727272727,0.42105263157894735,
"Updated at September 22nd, 2026 at 5:00pm",DUV,Duval,23,9,4,0,0,36,0.71875,0.28125,0.1111111111111111,
"Updated at September 22nd, 2026 at 5:00pm",ESC,Escambia,14,7,4,0,0,25,0.6666666666666666,0.3333333333333333,0.16,
"Updated at September 22nd, 2026 at 5:00pm",FLA,Flagler,7,10,4,0,4,25,0.4117647058823529,0.5882352941176471,0.32,
"Updated at September 22nd, 2026 at 5:00pm",HER,Hernando,4,1,0,0,0,5,0.8,0.2,0.0,
"Updated at September 22nd, 2026 at 5:00pm",HIL,Hillsborough,40,16,16,0,2,74,0.7142857142857143,0.2857142857142857,0.24324324324324326,
"Updated at September 22nd, 2026 at 5:00pm",IND,Indian River,9,2,1,0,0,12,0.8181818181818182,0.1818181818181818,0.08333333333333333,
"Updated at September 22nd, 2026 at 5:00pm",LEE,Lee,11,5,14,0,1,31,0.6875,0.3125,0.4838709677419355,
"Updated at September 22nd, 2026 at 5:00pm",LEO,Leon,15,7,2,0,0,24,0.6818181818181818,0.3181818181818182,0.08333333333333333,
"Updated at September 22nd, 2026 at 5:00pm",MAN,Manatee,8,0,2,0,0,10,1.0,0.0,0.2,
"Updated at September 22nd, 2026 at 5:00pm",MRN,Marion,7,1,3,0,0,11,0.875,0.125,0.2727272727272727,
"Updated at September 22nd, 2026 at 5:00pm",DAD,Miami-Dade,50,14,21,0,2,87,0.78125,0.21875,0.26436781609195403,
"Updated at September 22nd, 2026 at 5:00pm",MON,Monroe,16,3,3,0,0,22,0.8421052631578947,0.1578947368421052,0.13636363636363635,
"Updated at September 22nd, 2026 at 5:00pm",NAS,Nassau,24,15,3,0,0,42,0.6153846153846154,0.3846153846153846,0.07142857142857142,
"Updated at September 22nd, 2026 at 5:00pm",OKA,Okaloosa,23,42,31,4,1,101,0.3538461538461538,0.6461538461538462,0.3564356435643564,
"Updated at September 22nd, 2026 at 5:00pm",ORA,Orange,30,9,8,0,3,50,0.7692307692307693,0.2307692307692307,0.22,
"Updated at September 22nd, 2026 at 5:00pm",PIN,Pinellas,37,41,8,0,3,89,0.4743589743589743,0.5256410256410257,0.12359550561797752,
"Updated at September 22nd, 2026 at 5:00pm",SAN,Santa Rosa,7,0,2,0,0,9,1.0,0.0,0.2222222222222222,
"Updated at September 22nd, 2026 at 5:00pm",SAR,Sarasota,40,18,12,0,1,71,0.6896551724137931,0.3103448275862069,0.18309859154929578,
"Updated at September 22nd, 2026 at 5:00pm",STJ,St. Johns,12,10,2,0,1,25,0.5454545454545454,0.4545454545454545,0.12,
"Updated at September 22nd, 2026 at 5:00pm",SUM,Sumter,18,8,7,0,0,33,0.6923076923076923,0.3076923076923077,0.21212121212121213,
"Updated at September 22nd, 2026 at 10:52pm",BRO,Broward,23,1,10,0,0,34,0.9583333333333334,0.0416666666666666,0.29411764705882354,
"Updated at September 22nd, 2026 at 10:52pm",ESC,Escambia,14,7,5,0,0,26,0.6666666666666666,0.3333333333333333,0.19230769230769232,
"Updated at September 22nd, 2026 at 10:52pm",OKA,Okaloosa,24,44,32,4,1,105,0.3529411764705882,0.6470588235294118,0.3523809523809524,
"Updated at September 22nd, 2026 at 10:52pm",ORA,Orange,33,10,8,0,3,54,0.7674418604651163,0.2325581395348837,0.2037037037037037,
"Updated at September 22nd, 2026 at 10:52pm",SUM,Sumter,18,8,9,0,0,35,0.6923076923076923,0.3076923076923077,0.2571428571428571,
"Updated at September 23rd, 2026 at 11:02am",ALA,Alachua,9,0,7,0,0,16,1.0,0.0,0.4375,
"Updated at September 23rd, 2026 at 11:02am",BAY,Bay,12,6,6,0,0,24,0.6666666666666666,0.3333333333333333,0.25,
"Updated at September 23rd, 2026 at 11:02am",BRE,Brevard,11,4,3,1,0,19,0.7333333333333333,0.2666666666666666,0.21052631578947367,
"Updated at September 23rd, 2026 at 11:02am",BRO,Broward,28,1,14,0,0,43,0.9655172413793104,0.0344827586206896,0.32558139534883723,
"Updated at September 23rd, 2026 at 11:02am",CLL,Collier,11,14,8,0,0,33,0.44,0.56,0.24242424242424243,
"Updated at September 23rd, 2026 at 11:02am",DUV,Duval,27,12,4,0,0,43,0.6923076923076923,0.3076923076923077,0.09302325581395349,
"Updated at September 23rd, 2026 at 11:02am",ESC,Escambia,15,7,5,0,0,27,0.6818181818181818,0.3181818181818182,0.18518518518518517,
"Updated at September 23rd, 2026 at 11:02am",HIL,Hillsborough,43,20,16,0,2,81,0.6825396825396826,0.3174603174603174,0.2222222222222222,
"Updated at September 23rd, 2026 at 11:02am",LEE,Lee,14,5,14,0,1,34,0.7368421052631579,0.2631578947368421,0.4411764705882353,
"Updated at September 23rd, 2026 at 11:02am",LEO,Leon,16,7,2,0,0,25,0.6956521739130435,0.3043478260869565,0.08,
"Updated at September 23rd, 2026 at 11:02am",MAN,Manatee,8,0,3,0,0,11,1.0,0.0,0.2727272727272727,
"Updated at September 23rd, 2026 at 11:02am",MRN,Marion,10,1,3,0,0,14,0.9090909090909092,0.0909090909090909,0.21428571428571427,
"Updated at September 23rd, 2026 at 11:02am",PAL,Palm Beach,14,3,3,0,0,20,0.8235294117647058,0.1764705882352941,0.15,
"Updated at September 23rd, 2026 at 11:02am",SAR,Sarasota,46,20,12,0,1,79,0.696969696969697,0.303030303030303,0.16455696202531644,
"Updated at September 23rd, 2026 at 11:02am",SEM,Seminole,7,5,3,1,0,16,0.5833333333333334,0.4166666666666667,0.25,
"Updated at September 23rd, 2026 at 11:02am",SUM,Sumter,19,8,9,0,0,36,0.7037037037037037,0.2962962962962963,0.25,
"Updated at September 23rd, 2026 at 3:00pm",BRE,Brevard,15,4,3,1,0,23,0.7894736842105263,0.2105263157894736,0.17391304347826086,
"Updated at September 23rd, 2026 at 3:00pm",CHA,Charlotte,10,8,7,0,2,27,0.5555555555555556,0.4444444444444444,0.3333333333333333,
"Updated at September 23rd, 2026 at 3:00pm",CLA,Clay,12,3,7,0,1,23,0.8,0.2,0.34782608695652173,
"Updated at September 23rd, 2026 at 3:00pm",CLL,Collier,13,15,9,0,0,37,0.4642857142857143,0.5357142857142857,0.24324324324324326,
"Updated at September 23rd, 2026 at 3:00pm",DUV,Duval,30,13,4,0,0,47,0.6976744186046512,0.3023255813953488,0.0851063829787234,
"Updated at September 23rd, 2026 at 3:00pm",ESC,Escambia,19,7,7,0,0,33,0.7307692307692307,0.2692307692307692,0.21212121212121213,
"Updated at September 23rd, 2026 at 3:00pm",FLA,Flagler,9,11,4,0,4,28,0.45,0.55,0.2857142857142857,
"Updated at September 23rd, 2026 at 3:00pm",HER,Hernando,4,3,0,0,0,7,0.5714285714285714,0.4285714285714285,0.0,
"Updated at September 23rd, 2026 at 3:00pm",HIL,Hillsborough,50,22,17,0,2,91,0.6944444444444444,0.3055555555555556,0.2087912087912088,
"Updated at September 23rd, 2026 at 3:00pm",LEE,Lee,17,7,14,0,1,39,0.7083333333333334,0.2916666666666667,0.38461538461538464,
"Updated at September 23rd, 2026 at 3:00pm",LEO,Leon,17,7,2,0,0,26,0.7083333333333334,0.2916666666666667,0.07692307692307693,
"Updated at September 23rd, 2026 at 3:00pm",MAN,Manatee,8,0,4,0,0,12,1.0,0.0,0.3333333333333333,
"Updated at September 23rd, 2026 at 3:00pm",ORA,Orange,42,10,8,0,5,65,0.8076923076923077,0.1923076923076923,0.2,
"Updated at September 23rd, 2026 at 3:00pm",PAL,Palm Beach,44,7,9,0,0,60,0.8627450980392157,0.1372549019607843,0.15,
"Updated at September 23rd, 2026 at 3:00pm",PAS,Pasco,13,1,6,0,0,20,0.9285714285714286,0.0714285714285714,0.3,
"Updated at September 23rd, 2026 at 3:00pm",PIN,Pinellas,46,52,12,0,6,116,0.4693877551020408,0.5306122448979592,0.15517241379310345,
"Updated at September 23rd, 2026 at 3:00pm",SAR,Sarasota,50,28,14,0,1,93,0.6410256410256411,0.358974358974359,0.16129032258064516,
"Updated at September 23rd, 2026 at 3:00pm",SEM,Seminole,8,5,4,1,1,19,0.6153846153846154,0.3846153846153846,0.3157894736842105,
"Updated at September 23rd, 2026 at 3:00pm",STJ,St. Johns,17,15,4,0,3,39,0.53125,0.46875,0.1794871794871795,
"Updated at September 23rd, 2026 at 3:00pm",STL,St. Lucie,7,2,3,0,0,12,0.7777777777777778,0.2222222222222222,0.25,
"Updated at September 23rd, 2026 at 3:00pm",SUM,Sumter,19,12,9,0,0,40,0.6129032258064516,0.3870967741935484,0.225,
"Updated at September 23rd, 2026 at 3:49pm",ALA,Alachua,10,0,10,0,0,20,1.0,0.0,0.5,
"Updated at September 23rd, 2026 at 3:49pm",BRO,Broward,30,1,14,0,0,45,0.967741935483871,0.032258064516129,0.3111111111111111,First entry / reopened
"Updated at September 23rd, 2026 at 3:49pm",CIT,Citrus,2,0,2,0,0,4,1.0,0.0,0.5,
"Updated at September 23rd, 2026 at 3:49pm",HIL,Hillsborough,52,22,18,0,2,94,0.7027027027027027,0.2972972972972973,0.2127659574468085,
"Updated at September 23rd, 2026 at 3:49pm",IND,Indian River,12,2,1,0,0,15,0.8571428571428571,0.1428571428571428,0.06666666666666667,
"Updated at September 23rd, 2026 at 3:49pm",LEE,Lee,19,7,14,0,1,41,0.7307692307692307,0.2692307692307692,0.36585365853658536,
"Updated at September 23rd, 2026 at 3:49pm",LEO,Leon,18,7,2,0,0,27,0.72,0.28,0.07407407407407407,
"Updated at September 23rd, 2026 at 3:49pm",MAN,Manatee,9,0,4,0,0,13,1.0,0.0,0.3076923076923077,
"Updated at September 23rd, 2026 at 3:49pm",MRN,Marion,13,1,3,0,0,17,0.9285714285714286,0.0714285714285714,0.17647058823529413,
"Updated at September 23rd, 2026 at 3:49pm",PAS,Pasco,15,1,6,0,0,22,0.9375,0.0625,0.2727272727272727,
"Updated at September 23rd, 2026 at 8:00pm",ALA,Alachua,11,0,10,0,0,21,1.0,0.0,0.47619047619047616,
"Updated at September 23rd, 2026 at 8:00pm",BAY,Bay,13,7,8,0,0,28,0.65,0.35,0.2857142857142857,
"Updated at September 23rd, 2026 at 8:00pm",MON,Monroe,19,3,3,0,0,25,0.8636363636363636,0.1363636363636363,0.12,
"Updated at September 23rd, 2026 at 8:00pm",OKA,Okaloosa,31,49,34,4,1,119,0.3875,0.6125,0.3277310924369748,
"Updated at September 23rd, 2026 at 8:00pm",ORA,Orange,43,10,9,0,5,67,0.8113207547169812,0.1886792452830188,0.208955223880597,
"Updated at September 23rd, 2026 at 8:00pm",PAL,Palm Beach,50,8,11,0,0,69,0.8620689655172413,0.1379310344827586,0.15942028985507245,
